label,x0,y0,x1,y1,x2,y2,x3,y3,x4,y4,x5,y5,x6,y6,x7,y7,x8,y8,x9,y9,x10,y10,x11,y11,x12,y12,x13,y13,x14,y14,x15,y15,x16,y16,x17,y17,x18,y18,x19,y19,x20,y20
0,0.0,0.0,-0.07215851545333862,-0.012441933155059814,-0.1414550542831421,-0.0835677981376648,-0.16227200627326965,-0.16612061858177185,-0.12744039297103882,-0.21594387292861938,-0.11209931969642639,-0.1819397509098053,-0.14464634656906128,-0.2105032503604889,-0.1312636137008667,-0.1404130458831787,-0.11551111936569214,-0.12574350833892822,-0.07325458526611328,-0.1980501115322113,-0.10533839464187622,-0.21822354197502136,-0.08861830830574036,-0.13228970766067505,-0.06933695077896118,-0.1293380856513977,-0.03183466196060181,-0.20369890332221985,-0.06296953558921814,-0.208970308303833,-0.05088144540786743,-0.12525147199630737,-0.034443438053131104,-0.12146329879760742,0.014645397663116455,-0.20228448510169983,-0.022233545780181885,-0.19871118664741516,-0.01859724521636963,-0.136066734790802,-0.004136443138122559,-0.12856751680374146
0,0.0,0.0,-0.07297340035438538,-0.007965385913848877,-0.1437402367591858,-0.0758867859840393,-0.16947591304779053,-0.15547531843185425,-0.1354033648967743,-0.20791447162628174,-0.12171605229377747,-0.18374532461166382,-0.15399324893951416,-0.20036160945892334,-0.13543152809143066,-0.13428223133087158,-0.12213608622550964,-0.13473397493362427,-0.08255204558372498,-0.2020566761493683,-0.11585479974746704,-0.21074062585830688,-0.09381484985351562,-0.12398046255111694,-0.07836434245109558,-0.1346585750579834,-0.04169052839279175,-0.20887920260429382,-0.07258930802345276,-0.19825619459152222,-0.056347787380218506,-0.11583977937698364,-0.042456865310668945,-0.12703025341033936,0.0022794008255004883,-0.20776581764221191,-0.032191693782806396,-0.19202852249145508,-0.026218712329864502,-0.13206499814987183,-0.01310354471206665,-0.13516700267791748
0,0.0,0.0,-0.07561919093132019,-0.009776651859283447,-0.14438608288764954,-0.07662683725357056,-0.1678178906440735,-0.15501034259796143,-0.1350153684616089,-0.2070489227771759,-0.12212321162223816,-0.1815468966960907,-0.15644106268882751,-0.1999892294406891,-0.1376602053642273,-0.13382333517074585,-0.12141978740692139,-0.12877404689788818,-0.08364194631576538,-0.2004835605621338,-0.11849585175514221,-0.21134474873542786,-0.09702348709106445,-0.12581372261047363,-0.07944944500923157,-0.13153225183486938,-0.04265475273132324,-0.20796194672584534,-0.076009601354599,-0.2016255259513855,-0.059668898582458496,-0.11848169565200806,-0.043575406074523926,-0.12419182062149048,0.002352416515350342,-0.20700028538703918,-0.0351099967956543,-0.19386529922485352,-0.028733015060424805,-0.13333994150161743,-0.013819456100463867,-0.13381296396255493
0,0.0,0.0,-0.0713779628276825,-0.007898926734924316,-0.14279088377952576,-0.07519441843032837,-0.16730573773384094,-0.15576234459877014,-0.1336567997932434,-0.20910155773162842,-0.12171497941017151,-0.17747190594673157,-0.15487712621688843,-0.19991150498390198,-0.1359856128692627,-0.13342732191085815,-0.12064915895462036,-0.13040995597839355,-0.08351105451583862,-0.19692686200141907,-0.11569434404373169,-0.2113860845565796,-0.09354087710380554,-0.12686526775360107,-0.07624983787536621,-0.13199830055236816,-0.042858779430389404,-0.20459941029548645,-0.07290050387382507,-0.20177462697029114,-0.056060075759887695,-0.12000828981399536,-0.041201651096343994,-0.12506699562072754,0.0024880170822143555,-0.20470982789993286,-0.03187823295593262,-0.19392406940460205,-0.02544987201690674,-0.13315868377685547,-0.012342572212219238,-0.13152045011520386
0,0.0,0.0,-0.07724374532699585,-0.01055145263671875,-0.14482638239860535,-0.08157014846801758,-0.16532474756240845,-0.1617983877658844,-0.1343083381652832,-0.215328186750412,-0.12193644046783447,-0.1754550337791443,-0.1545160412788391,-0.20407843589782715,-0.13633275032043457,-0.1375003457069397,-0.12050074338912964,-0.13234639167785645,-0.08464735746383667,-0.19470155239105225,-0.11577734351158142,-0.21534600853919983,-0.09355568885803223,-0.13028675317764282,-0.07489988207817078,-0.1363915205001831,-0.04353863000869751,-0.20312786102294922,-0.07278278470039368,-0.20722323656082153,-0.056245625019073486,-0.12460333108901978,-0.0409504771232605,-0.13052618503570557,0.0030312538146972656,-0.20430299639701843,-0.03107929229736328,-0.20342949032783508,-0.025562703609466553,-0.14282041788101196,-0.012267827987670898,-0.14094573259353638
0,0.0,0.0,-0.0799153745174408,-0.012968778610229492,-0.14423397183418274,-0.0798494815826416,-0.1614842712879181,-0.1605045199394226,-0.13193589448928833,-0.21013611555099487,-0.11809316277503967,-0.1605636179447174,-0.14939534664154053,-0.21070587635040283,-0.13413727283477783,-0.14515429735183716,-0.1167529821395874,-0.1261380910873413,-0.08110970258712769,-0.1748662292957306,-0.110504150390625,-0.21752315759658813,-0.0917927622795105,-0.13521701097488403,-0.07327717542648315,-0.13032114505767822,-0.04027235507965088,-0.18318769335746765,-0.06891801953315735,-0.21452003717422485,-0.055272042751312256,-0.13027137517929077,-0.03830784559249878,-0.12266379594802856,0.008389472961425781,-0.1871758997440338,-0.025381922721862793,-0.21066641807556152,-0.02209550142288208,-0.1470300555229187,-0.007403969764709473,-0.1327647566795349
0,0.0,0.0,-0.08445879817008972,-0.019820451736450195,-0.15047705173492432,-0.09461724758148193,-0.1677437424659729,-0.1759900450706482,-0.13541433215141296,-0.2195715308189392,-0.1180715560913086,-0.17049139738082886,-0.14681783318519592,-0.2178790271282196,-0.133164644241333,-0.1550358533859253,-0.11443498730659485,-0.12716615200042725,-0.08168098330497742,-0.1872018575668335,-0.11028999090194702,-0.2229534387588501,-0.09322750568389893,-0.14883702993392944,-0.07138264179229736,-0.13587647676467896,-0.04151463508605957,-0.19637510180473328,-0.07066971063613892,-0.22056683897972107,-0.05742049217224121,-0.14518952369689941,-0.03841829299926758,-0.13257211446762085,0.005559802055358887,-0.19826367497444153,-0.02748185396194458,-0.2166706621646881,-0.024846315383911133,-0.1596793830394745,-0.009688735008239746,-0.14557939767837524
0,0.0,0.0,-0.08378422260284424,-0.0179021954536438,-0.15001434087753296,-0.09465354681015015,-0.1653418242931366,-0.17217570543289185,-0.1412104070186615,-0.21799755096435547,-0.12099206447601318,-0.16151347756385803,-0.14693757891654968,-0.20477643609046936,-0.14215624332427979,-0.1442323923110962,-0.13012626767158508,-0.11179906129837036,-0.08675789833068848,-0.18170294165611267,-0.11280101537704468,-0.21860796213150024,-0.10339182615280151,-0.15227794647216797,-0.08608216047286987,-0.1261669397354126,-0.04728668928146362,-0.1959971785545349,-0.0793115496635437,-0.22213593125343323,-0.06729334592819214,-0.1546250581741333,-0.04860246181488037,-0.12951737642288208,-0.0029212236404418945,-0.203893780708313,-0.03980022668838501,-0.21632787585258484,-0.035867273807525635,-0.1642557680606842,-0.020282387733459473,-0.14452946186065674
0,0.0,0.0,-0.08149415254592896,-0.019962728023529053,-0.14714974164962769,-0.08852416276931763,-0.16596052050590515,-0.15468305349349976,-0.15633106231689453,-0.1925225853919983,-0.11268782615661621,-0.16631290316581726,-0.1434541940689087,-0.19472885131835938,-0.1361677646636963,-0.13946235179901123,-0.12452542781829834,-0.10883438587188721,-0.07926690578460693,-0.1855490803718567,-0.10914397239685059,-0.20880550146102905,-0.09530264139175415,-0.14480730891227722,-0.07709860801696777,-0.11676496267318726,-0.04089522361755371,-0.1966075599193573,-0.07463383674621582,-0.21405822038650513,-0.059936344623565674,-0.14938262104988098,-0.04282301664352417,-0.12114065885543823,0.0007464885711669922,-0.19863095879554749,-0.03324073553085327,-0.20702680945396423,-0.027864456176757812,-0.15612080693244934,-0.014737367630004883,-0.13550686836242676
0,0.0,0.0,-0.07007575035095215,-0.008694946765899658,-0.13361814618110657,-0.0697069764137268,-0.1683914065361023,-0.12536323070526123,-0.1926424205303192,-0.15669679641723633,-0.12172043323516846,-0.154788076877594,-0.14897635579109192,-0.17714545130729675,-0.12777146697044373,-0.12009751796722412,-0.11731892824172974,-0.10847103595733643,-0.08611953258514404,-0.17598485946655273,-0.11266368627548218,-0.19586622714996338,-0.08723336458206177,-0.12661093473434448,-0.07344388961791992,-0.1194157600402832,-0.04561096429824829,-0.18694299459457397,-0.07320564985275269,-0.20069342851638794,-0.05086851119995117,-0.1322323977947235,-0.03741949796676636,-0.12377303838729858,-0.0022050142288208008,-0.18996798992156982,-0.02694559097290039,-0.20161223411560059,-0.018321514129638672,-0.15179377794265747,-0.008152484893798828,-0.14165493845939636
0,0.0,0.0,-0.06433206796646118,0.0038928985595703125,-0.13311100006103516,-0.04415857791900635,-0.17020726203918457,-0.09496563673019409,-0.19916066527366638,-0.12972596287727356,-0.12405681610107422,-0.13280034065246582,-0.1473972201347351,-0.159382164478302,-0.1563957929611206,-0.136236310005188,-0.17073100805282593,-0.12260463833808899,-0.08925783634185791,-0.16069990396499634,-0.1123456358909607,-0.18596047163009644,-0.10502785444259644,-0.14000236988067627,-0.10674053430557251,-0.11806315183639526,-0.049820899963378906,-0.17584040760993958,-0.07202392816543579,-0.19326525926589966,-0.05384373664855957,-0.14278334379196167,-0.04423719644546509,-0.12031972408294678,-0.006794393062591553,-0.1792568564414978,-0.028473973274230957,-0.1981411874294281,-0.01611727476119995,-0.16053533554077148,-0.004880309104919434,-0.1411612629890442
0,0.0,0.0,-0.05618274211883545,-0.008683383464813232,-0.11794602870941162,-0.06510400772094727,-0.1546073853969574,-0.11653631925582886,-0.1874028742313385,-0.1452465057373047,-0.09114819765090942,-0.15292632579803467,-0.11395353078842163,-0.18501222133636475,-0.12547045946121216,-0.15707221627235413,-0.13675212860107422,-0.13338994979858398,-0.05793064832687378,-0.17164099216461182,-0.08212631940841675,-0.19189491868019104,-0.0740317702293396,-0.13581103086471558,-0.06632053852081299,-0.1113700270652771,-0.021159231662750244,-0.1779499053955078,-0.04446965456008911,-0.19220072031021118,-0.034339308738708496,-0.1357736885547638,-0.02338498830795288,-0.11019307374954224,0.017990529537200928,-0.17488962411880493,-0.004595518112182617,-0.19047808647155762,-0.0018048882484436035,-0.14581716060638428,0.006323277950286865,-0.12377288937568665
0,0.0,0.0,-0.05827021598815918,0.00014066696166992188,-0.11873745918273926,-0.04072660207748413,-0.15191024541854858,-0.08133465051651001,-0.1705377697944641,-0.10884907841682434,-0.10880523920059204,-0.1343730092048645,-0.13058900833129883,-0.1620447039604187,-0.12257063388824463,-0.11218532919883728,-0.11826902627944946,-0.09820801019668579,-0.07273608446121216,-0.15596860647201538,-0.09327977895736694,-0.1779828667640686,-0.08097994327545166,-0.11229720711708069,-0.0708245038986206,-0.10388657450675964,-0.03303718566894531,-0.1669551134109497,-0.052838683128356934,-0.17911559343338013,-0.04077780246734619,-0.11208650469779968,-0.029026925563812256,-0.10249859094619751,0.009436309337615967,-0.17048436403274536,-0.01164156198501587,-0.17998623847961426,-0.008253633975982666,-0.12652230262756348,0.0002905726432800293,-0.11358222365379333
0,0.0,0.0,-0.06550872325897217,-0.005058705806732178,-0.12917906045913696,-0.06698161363601685,-0.15288907289505005,-0.13859763741493225,-0.14541250467300415,-0.1909368932247162,-0.11251658201217651,-0.14419931173324585,-0.13348984718322754,-0.18742862343788147,-0.12086981534957886,-0.13054770231246948,-0.11329370737075806,-0.11128807067871094,-0.0755850076675415,-0.16169112920761108,-0.09513682126998901,-0.19412630796432495,-0.07943660020828247,-0.12265166640281677,-0.06835943460464478,-0.11179828643798828,-0.03675347566604614,-0.17021599411964417,-0.05496072769165039,-0.1908339262008667,-0.04262286424636841,-0.11870250105857849,-0.03345966339111328,-0.10660979151725769,0.004720747470855713,-0.17124095559120178,-0.01591545343399048,-0.18701913952827454,-0.013437807559967041,-0.1309075951576233,-0.008607447147369385,-0.11608242988586426
0,0.0,0.0,-0.0672755241394043,-0.008877933025360107,-0.12924349308013916,-0.07106029987335205,-0.15763115882873535,-0.13458997011184692,-0.16327428817749023,-0.18354153633117676,-0.11072099208831787,-0.14768162369728088,-0.12751519680023193,-0.1823405623435974,-0.12047237157821655,-0.12962371110916138,-0.12378460168838501,-0.10197138786315918,-0.07609707117080688,-0.1674516499042511,-0.09537160396575928,-0.1953245997428894,-0.07622313499450684,-0.1258620321750641,-0.06665259599685669,-0.10507166385650635,-0.03675556182861328,-0.17654317617416382,-0.05704200267791748,-0.19397687911987305,-0.039697229862213135,-0.1263018548488617,-0.029766440391540527,-0.10709905624389648,0.0042566657066345215,-0.17640766501426697,-0.017308294773101807,-0.19364741444587708,-0.011025071144104004,-0.14092758297920227,-0.004136145114898682,-0.1231185793876648
0,0.0,0.0,-0.06954896450042725,-0.019806742668151855,-0.12915253639221191,-0.07349830865859985,-0.14933037757873535,-0.14469397068023682,-0.12887489795684814,-0.2024911642074585,-0.10398608446121216,-0.14657220244407654,-0.12666946649551392,-0.18634513020515442,-0.11333894729614258,-0.12869980931282043,-0.1036955714225769,-0.10581764578819275,-0.0666159987449646,-0.16418695449829102,-0.08954524993896484,-0.19753536581993103,-0.07143789529800415,-0.12734255194664001,-0.057235538959503174,-0.10940906405448914,-0.028464138507843018,-0.17123383283615112,-0.0488818883895874,-0.19537955522537231,-0.03549259901046753,-0.12732750177383423,-0.022989392280578613,-0.10799422860145569,0.01423555612564087,-0.1702370047569275,-0.009280085563659668,-0.19567811489105225,-0.0053067803382873535,-0.14420592784881592,0.003436267375946045,-0.12554925680160522
0,0.0,0.0,-0.06735718250274658,-0.012359201908111572,-0.1268380880355835,-0.07329148054122925,-0.1394849419593811,-0.14660385251045227,-0.11595273017883301,-0.1925908923149109,-0.10248994827270508,-0.15129050612449646,-0.12214559316635132,-0.19207888841629028,-0.11333316564559937,-0.13278472423553467,-0.10506600141525269,-0.10787579417228699,-0.06552344560623169,-0.1655033528804779,-0.08663582801818848,-0.19992393255233765,-0.07216447591781616,-0.12655341625213623,-0.0582699179649353,-0.10683932900428772,-0.02544170618057251,-0.1715174913406372,-0.04528898000717163,-0.19492033123970032,-0.032406389713287354,-0.12224185466766357,-0.021082639694213867,-0.10048931837081909,0.018742859363555908,-0.16982674598693848,-0.006412923336029053,-0.19274473190307617,-0.0012606978416442871,-0.13640031218528748,0.007754087448120117,-0.11527076363563538
0,0.0,0.0,-0.06850820779800415,-0.010894954204559326,-0.13156527280807495,-0.0681692361831665,-0.14894115924835205,-0.14530766010284424,-0.1235342025756836,-0.20072132349014282,-0.10720670223236084,-0.14931467175483704,-0.13269519805908203,-0.19386452436447144,-0.12030702829360962,-0.13377758860588074,-0.10674673318862915,-0.11234182119369507,-0.06955224275588989,-0.16365745663642883,-0.09459489583969116,-0.2051960527896881,-0.07954442501068115,-0.1323203146457672,-0.062048494815826416,-0.11251378059387207,-0.029898226261138916,-0.16990095376968384,-0.053330957889556885,-0.20032095909118652,-0.042076945304870605,-0.12838256359100342,-0.027371764183044434,-0.10552805662155151,0.01374661922454834,-0.16964974999427795,-0.01735919713973999,-0.19729381799697876,-0.012558400630950928,-0.1461685299873352,0.0007462501525878906,-0.12613946199417114
0,0.0,0.0,-0.06346279382705688,-0.0049034953117370605,-0.13736295700073242,-0.07421410083770752,-0.15532660484313965,-0.15847429633140564,-0.11457157135009766,-0.19455555081367493,-0.11676883697509766,-0.15528303384780884,-0.13819366693496704,-0.1977853775024414,-0.12211209535598755,-0.1328277289867401,-0.11335033178329468,-0.11818918585777283,-0.07743591070175171,-0.17156118154525757,-0.09691101312637329,-0.20713278651237488,-0.08037906885147095,-0.12865203619003296,-0.07109332084655762,-0.12296026945114136,-0.03639411926269531,-0.17687088251113892,-0.05303525924682617,-0.19994798302650452,-0.03989613056182861,-0.11924609541893005,-0.03276777267456055,-0.11125698685646057,0.00869143009185791,-0.17770108580589294,-0.015434622764587402,-0.1923738420009613,-0.008509337902069092,-0.1330229640007019,-0.00043910741806030273,-0.12308329343795776
0,0.0,0.0,-0.06585526466369629,-0.016875803470611572,-0.13015568256378174,-0.08133327960968018,-0.1483559012413025,-0.1610831618309021,-0.10886859893798828,-0.2052648365497589,-0.11157333850860596,-0.16324365139007568,-0.13206571340560913,-0.20579302310943604,-0.11998140811920166,-0.1426699161529541,-0.10964041948318481,-0.12819021940231323,-0.07167041301727295,-0.17794260382652283,-0.09236621856689453,-0.21449881792068481,-0.08096182346343994,-0.13711008429527283,-0.06871050596237183,-0.13201269507408142,-0.030355870723724365,-0.18262916803359985,-0.05008041858673096,-0.20385149121284485,-0.04297119379043579,-0.12620356678962708,-0.032427966594696045,-0.1189868152141571,0.014569461345672607,-0.18260279297828674,-0.014882564544677734,-0.2001892328262329,-0.013244390487670898,-0.144006609916687,-0.0021556615829467773,-0.13134780526161194
0,0.0,0.0,-0.06555604934692383,-0.010951340198516846,-0.13111716508865356,-0.07674521207809448,-0.14824295043945312,-0.1601393222808838,-0.11008507013320923,-0.20693957805633545,-0.11641228199005127,-0.1511644423007965,-0.14216142892837524,-0.20179569721221924,-0.1258130669593811,-0.13916084170341492,-0.11222821474075317,-0.12417781352996826,-0.07704782485961914,-0.1682615578174591,-0.09790670871734619,-0.21191468834877014,-0.0831751823425293,-0.13325020670890808,-0.07152765989303589,-0.12869471311569214,-0.03577554225921631,-0.17510589957237244,-0.05390000343322754,-0.2011343240737915,-0.04390162229537964,-0.12087035179138184,-0.034131765365600586,-0.11513790488243103,0.00959920883178711,-0.17803728580474854,-0.01747030019760132,-0.19258561730384827,-0.01338338851928711,-0.13407039642333984,-0.0034767985343933105,-0.12397217750549316
0,0.0,0.0,-0.06587767601013184,-0.01308131217956543,-0.13353973627090454,-0.08182954788208008,-0.1520131230354309,-0.16750136017799377,-0.10953456163406372,-0.21375077962875366,-0.11531174182891846,-0.15953361988067627,-0.1367674469947815,-0.20770034193992615,-0.1209876537322998,-0.1426558792591095,-0.1100924015045166,-0.13243740797042847,-0.07556557655334473,-0.17512738704681396,-0.09367883205413818,-0.21768027544021606,-0.08057880401611328,-0.1375385820865631,-0.0719141960144043,-0.13894963264465332,-0.03539198637008667,-0.18027561902999878,-0.04914742708206177,-0.20598220825195312,-0.04246491193771362,-0.12491676211357117,-0.0363008975982666,-0.12386062741279602,0.008656740188598633,-0.18283581733703613,-0.011981844902038574,-0.19524607062339783,-0.010838985443115234,-0.13574016094207764,-0.0038338899612426758,-0.12720996141433716
0,0.0,0.0,-0.06439638137817383,-0.006501972675323486,-0.13062959909439087,-0.07539409399032593,-0.14752155542373657,-0.16209086775779724,-0.10576283931732178,-0.206606924533844,-0.11293768882751465,-0.15940162539482117,-0.13407742977142334,-0.20611262321472168,-0.12124842405319214,-0.1394556760787964,-0.11177539825439453,-0.13089057803153992,-0.07215553522109985,-0.17290762066841125,-0.09155881404876709,-0.21289598941802979,-0.08061766624450684,-0.13071724772453308,-0.07174491882324219,-0.133196622133255,-0.03147977590560913,-0.1754370629787445,-0.04710590839385986,-0.2015836238861084,-0.041960954666137695,-0.1181361973285675,-0.03435760736465454,-0.11837154626846313,0.012820959091186523,-0.1763652265071869,-0.011240601539611816,-0.18683397769927979,-0.011044800281524658,-0.12690004706382751,-0.00285261869430542,-0.12068313360214233
0,0.0,0.0,-0.06141537427902222,-0.003956973552703857,-0.1277638077735901,-0.07911187410354614,-0.14222007989883423,-0.16929295659065247,-0.09738510847091675,-0.21054285764694214,-0.1114543080329895,-0.1602839231491089,-0.1320628523826599,-0.20690393447875977,-0.11976760625839233,-0.14139676094055176,-0.10933935642242432,-0.13160458207130432,-0.0703687071800232,-0.17399132251739502,-0.09014922380447388,-0.21359357237815857,-0.07969504594802856,-0.1315840184688568,-0.0686720609664917,-0.13079333305358887,-0.02977687120437622,-0.17582780122756958,-0.046742916107177734,-0.20473796129226685,-0.040805935859680176,-0.12039753794670105,-0.031140029430389404,-0.11687731742858887,0.015369534492492676,-0.17760446667671204,-0.011018574237823486,-0.19204777479171753,-0.009498238563537598,-0.1316097378730774,0.0003031492233276367,-0.1223360002040863
0,0.0,0.0,-0.059635043144226074,-0.0026606321334838867,-0.1254030466079712,-0.07466787099838257,-0.14350193738937378,-0.16518884897232056,-0.10329258441925049,-0.2119140326976776,-0.11049920320510864,-0.15526491403579712,-0.1330406665802002,-0.20647576451301575,-0.11999940872192383,-0.1408298909664154,-0.10882848501205444,-0.1288057267665863,-0.06978416442871094,-0.16946712136268616,-0.08981400728225708,-0.21355915069580078,-0.07902681827545166,-0.13107585906982422,-0.06949228048324585,-0.12940117716789246,-0.02965325117111206,-0.17174983024597168,-0.046327412128448486,-0.20606043934822083,-0.04080963134765625,-0.12059879302978516,-0.03211575746536255,-0.11586806178092957,0.014624595642089844,-0.17457473278045654,-0.009824097156524658,-0.19321110844612122,-0.008915424346923828,-0.13236930966377258,-0.0006442070007324219,-0.12133407592773438
0,0.0,0.0,-0.06397032737731934,0.0010498762130737305,-0.1274946928024292,-0.06541085243225098,-0.1424657702445984,-0.15614446997642517,-0.10758757591247559,-0.20533061027526855,-0.11771303415298462,-0.14392977952957153,-0.14236146211624146,-0.19407376646995544,-0.1251339316368103,-0.13075748085975647,-0.11245030164718628,-0.1187664270401001,-0.07599091529846191,-0.15953660011291504,-0.0959157943725586,-0.2060304880142212,-0.08267921209335327,-0.12541374564170837,-0.07536131143569946,-0.12309420108795166,-0.03486210107803345,-0.16432154178619385,-0.05013835430145264,-0.19987067580223083,-0.043267667293548584,-0.11591419577598572,-0.037231504917144775,-0.11089983582496643,0.009724676609039307,-0.16860640048980713,-0.012706160545349121,-0.1877766251564026,-0.010492265224456787,-0.1271718144416809,-0.0038538575172424316,-0.11548382043838501
0,0.0,0.0,-0.06305420398712158,-0.005620360374450684,-0.12748688459396362,-0.06905686855316162,-0.14697891473770142,-0.1551586091518402,-0.1095207929611206,-0.2069457471370697,-0.12163388729095459,-0.1499711573123932,-0.14448493719100952,-0.19559118151664734,-0.1250327229499817,-0.13294640183448792,-0.11508959531784058,-0.12604638934135437,-0.08110576868057251,-0.1678842008113861,-0.09895879030227661,-0.20770704746246338,-0.08241349458694458,-0.12945786118507385,-0.07734417915344238,-0.13273578882217407,-0.03902405500411987,-0.17434653639793396,-0.051073431968688965,-0.2008036971092224,-0.043366432189941406,-0.12142786383628845,-0.041203200817108154,-0.12147292494773865,0.005988597869873047,-0.1778155267238617,-0.012683689594268799,-0.19045063853263855,-0.010086655616760254,-0.13433769345283508,-0.005360901355743408,-0.1280735433101654
0,0.0,0.0,-0.06194275617599487,-0.0005197525024414062,-0.12701362371444702,-0.06388860940933228,-0.1466955542564392,-0.1519942581653595,-0.1120917797088623,-0.20314890146255493,-0.1212581992149353,-0.1474921703338623,-0.14206653833389282,-0.19505703449249268,-0.12389141321182251,-0.12978938221931458,-0.11475026607513428,-0.12010413408279419,-0.07984882593154907,-0.1636420488357544,-0.0973253846168518,-0.20525816082954407,-0.08124130964279175,-0.12379732728004456,-0.07563751935958862,-0.1247296929359436,-0.03802412748336792,-0.1692098081111908,-0.05019676685333252,-0.1967170238494873,-0.04166245460510254,-0.11384013295173645,-0.037893593311309814,-0.11216247081756592,0.006431996822357178,-0.17312204837799072,-0.013306796550750732,-0.1849602460861206,-0.009349465370178223,-0.12483841180801392,-0.0030109286308288574,-0.11683660745620728
0,0.0,0.0,-0.062170565128326416,-0.0015721321105957031,-0.1291014552116394,-0.06904643774032593,-0.14770323038101196,-0.15896347165107727,-0.10938769578933716,-0.20998358726501465,-0.1199500560760498,-0.15192636847496033,-0.14148151874542236,-0.19678351283073425,-0.12230628728866577,-0.1324535310268402,-0.1124488115310669,-0.12585559487342834,-0.07874184846878052,-0.16838979721069336,-0.09631305932998657,-0.20788955688476562,-0.07956016063690186,-0.12656539678573608,-0.07426804304122925,-0.12950289249420166,-0.03693777322769165,-0.1733042299747467,-0.048687636852264404,-0.20009905099868774,-0.03984028100967407,-0.11629608273506165,-0.03660392761230469,-0.11616265773773193,0.007976949214935303,-0.1771492063999176,-0.010967671871185303,-0.18804585933685303,-0.007647514343261719,-0.12582725286483765,-0.002582252025604248,-0.11754396557807922
0,0.0,0.0,-0.06309634447097778,-0.0010967850685119629,-0.12911570072174072,-0.06504333019256592,-0.14682692289352417,-0.1525859236717224,-0.11019539833068848,-0.20342490077018738,-0.11995333433151245,-0.14913174510002136,-0.14138752222061157,-0.1927661895751953,-0.12421935796737671,-0.1294044554233551,-0.11294955015182495,-0.11942729353904724,-0.0796322226524353,-0.1654733121395111,-0.09611546993255615,-0.20504918694496155,-0.08089512586593628,-0.1235436499118805,-0.07459312677383423,-0.12422975897789001,-0.03799813985824585,-0.1710343360900879,-0.04850071668624878,-0.19524237513542175,-0.041502177715301514,-0.11204171180725098,-0.0384296178817749,-0.11001482605934143,0.00724339485168457,-0.17387866973876953,-0.010493636131286621,-0.18178889155387878,-0.008742153644561768,-0.12049689888954163,-0.004452943801879883,-0.11279648542404175
0,0.0,0.0,-0.06247621774673462,0.0015155673027038574,-0.12896841764450073,-0.062000930309295654,-0.14719736576080322,-0.1508338451385498,-0.11231738328933716,-0.20261868834495544,-0.12097018957138062,-0.14803290367126465,-0.14082670211791992,-0.19156235456466675,-0.12377458810806274,-0.12751072645187378,-0.11292636394500732,-0.1158282458782196,-0.08039224147796631,-0.16423892974853516,-0.09622621536254883,-0.20380476117134094,-0.08062851428985596,-0.12211611866950989,-0.07448357343673706,-0.12199589610099792,-0.03877061605453491,-0.17008337378501892,-0.04861879348754883,-0.19527021050453186,-0.04127699136734009,-0.11125478148460388,-0.038567304611206055,-0.10812190175056458,0.0063991546630859375,-0.17390519380569458,-0.010828852653503418,-0.1819988191127777,-0.008628129959106445,-0.11915305256843567,-0.004691660404205322,-0.11043128371238708
0,0.0,0.0,-0.06439632177352905,-0.005332648754119873,-0.13105499744415283,-0.07020783424377441,-0.1506231427192688,-0.15629255771636963,-0.11254346370697021,-0.20393899083137512,-0.12023985385894775,-0.14765533804893494,-0.14005988836288452,-0.19533425569534302,-0.12128454446792603,-0.13380330801010132,-0.1116214394569397,-0.12308064103126526,-0.0792839527130127,-0.16417253017425537,-0.09484100341796875,-0.2069391906261444,-0.07865142822265625,-0.12705373764038086,-0.07459419965744019,-0.12533199787139893,-0.03766751289367676,-0.1708585023880005,-0.04868501424789429,-0.19991856813430786,-0.03995555639266968,-0.11805981397628784,-0.03777420520782471,-0.11309868097305298,0.007043361663818359,-0.17498469352722168,-0.01006937026977539,-0.189041405916214,-0.006795704364776611,-0.1285727322101593,-0.0029072165489196777,-0.11838141083717346
0,0.0,0.0,-0.06668823957443237,-0.009027957916259766,-0.13338738679885864,-0.07406848669052124,-0.15064185857772827,-0.15910941362380981,-0.10944110155105591,-0.20590969920158386,-0.11910182237625122,-0.1510440707206726,-0.14002656936645508,-0.20148882269859314,-0.12227213382720947,-0.13973069190979004,-0.11248189210891724,-0.1234845519065857,-0.07927203178405762,-0.16747963428497314,-0.09388530254364014,-0.20967960357666016,-0.07755905389785767,-0.13203111290931702,-0.07255619764328003,-0.12581580877304077,-0.03774899244308472,-0.17373332381248474,-0.04852420091629028,-0.2019498646259308,-0.037652552127838135,-0.12263047695159912,-0.03423929214477539,-0.11404913663864136,0.008078575134277344,-0.17526251077651978,-0.01026087999343872,-0.1922980546951294,-0.0054299235343933105,-0.1330377161502838,-0.0008793473243713379,-0.1203051209449768
0,0.0,0.0,-0.06925249099731445,-0.013252019882202148,-0.1348508596420288,-0.0706549882888794,-0.15274393558502197,-0.1520461142063141,-0.11588317155838013,-0.20236551761627197,-0.12172824144363403,-0.14194485545158386,-0.1494801640510559,-0.1950308084487915,-0.1260492205619812,-0.13583451509475708,-0.1105695366859436,-0.11240297555923462,-0.08214330673217773,-0.1590595543384552,-0.0994834303855896,-0.20738476514816284,-0.0765569806098938,-0.13066384196281433,-0.06741225719451904,-0.1116165816783905,-0.040693700313568115,-0.1672864556312561,-0.05468428134918213,-0.20274123549461365,-0.03753244876861572,-0.12616243958473206,-0.030187547206878662,-0.10437417030334473,0.004649341106414795,-0.16905313730239868,-0.015423834323883057,-0.20105475187301636,-0.0076444149017333984,-0.14706921577453613,-0.0014986395835876465,-0.12687867879867554
0,0.0,0.0,-0.07111823558807373,-0.030064940452575684,-0.1347517967224121,-0.0927581787109375,-0.15623974800109863,-0.17119190096855164,-0.11260896921157837,-0.21673846244812012,-0.1141057014465332,-0.16057026386260986,-0.14094668626785278,-0.21162116527557373,-0.12042981386184692,-0.15263205766677856,-0.10762739181518555,-0.13383999466896057,-0.0755491852760315,-0.17644205689430237,-0.0960536003112793,-0.2222355306148529,-0.07545208930969238,-0.146465003490448,-0.06550472974777222,-0.1313653588294983,-0.034829795360565186,-0.18268680572509766,-0.05194443464279175,-0.21736732125282288,-0.03729677200317383,-0.142131507396698,-0.028393805027008057,-0.12464320659637451,0.010031640529632568,-0.18310698866844177,-0.012843608856201172,-0.21378272771835327,-0.007382869720458984,-0.16010722517967224,0.00011450052261352539,-0.1415233314037323
0,0.0,0.0,-0.06957799196243286,-0.013612985610961914,-0.13402634859085083,-0.07330262660980225,-0.15294015407562256,-0.15766394138336182,-0.11917448043823242,-0.20660561323165894,-0.1236346960067749,-0.14553216099739075,-0.14735627174377441,-0.20504051446914673,-0.12487834692001343,-0.1471644937992096,-0.11231940984725952,-0.12272882461547852,-0.08585196733474731,-0.16091257333755493,-0.09793895483016968,-0.2123921811580658,-0.07610082626342773,-0.13883519172668457,-0.06995117664337158,-0.1189923882484436,-0.0455661416053772,-0.16894355416297913,-0.0551641583442688,-0.21060293912887573,-0.03891551494598389,-0.13412073254585266,-0.03433138132095337,-0.10937649011611938,-0.0017988085746765137,-0.17066648602485657,-0.018291831016540527,-0.20721837878227234,-0.010017156600952148,-0.15277919173240662,-0.005006313323974609,-0.13026568293571472
0,0.0,0.0,-0.07156753540039062,-0.020369231700897217,-0.12844151258468628,-0.0829153060913086,-0.14410555362701416,-0.16237732768058777,-0.11704713106155396,-0.2109244167804718,-0.11550980806350708,-0.14731848239898682,-0.1351712942123413,-0.20934957265853882,-0.11681681871414185,-0.15072107315063477,-0.10503286123275757,-0.11799585819244385,-0.07745498418807983,-0.16145214438438416,-0.0889320969581604,-0.21440529823303223,-0.07074785232543945,-0.1398569941520691,-0.06310266256332397,-0.11384063959121704,-0.03769242763519287,-0.16870450973510742,-0.046020448207855225,-0.20830512046813965,-0.032930195331573486,-0.13455748558044434,-0.027024567127227783,-0.10850822925567627,0.005477845668792725,-0.16919922828674316,-0.008754134178161621,-0.20405831933021545,-0.0028955936431884766,-0.15052726864814758,0.0013513565063476562,-0.12770462036132812
0,0.0,0.0,-0.06461524963378906,-0.013435661792755127,-0.12160897254943848,-0.07764017581939697,-0.14801740646362305,-0.14568349719047546,-0.15454727411270142,-0.18502989411354065,-0.11755877733230591,-0.14979887008666992,-0.13578826189041138,-0.20629644393920898,-0.11668586730957031,-0.146159827709198,-0.10949957370758057,-0.12514495849609375,-0.08315801620483398,-0.16199252009391785,-0.09359818696975708,-0.20826849341392517,-0.07568603754043579,-0.1340186595916748,-0.0735938549041748,-0.1248282790184021,-0.044637322425842285,-0.16860666871070862,-0.051867902278900146,-0.2051675021648407,-0.03792071342468262,-0.13057422637939453,-0.03666335344314575,-0.11597317457199097,-0.0035486221313476562,-0.1698738932609558,-0.01321476697921753,-0.20728656649589539,-0.007304131984710693,-0.15159088373184204,-0.005048930644989014,-0.130021870136261
0,0.0,0.0,-0.05875718593597412,-0.01417994499206543,-0.11444699764251709,-0.07441222667694092,-0.14474332332611084,-0.13979557156562805,-0.15325254201889038,-0.18794211745262146,-0.10842353105545044,-0.1511501967906952,-0.12160235643386841,-0.20194917917251587,-0.10524547100067139,-0.13987553119659424,-0.1022496223449707,-0.11167597770690918,-0.07456326484680176,-0.165614515542984,-0.0849866271018982,-0.2034468650817871,-0.06600701808929443,-0.1301882266998291,-0.06443911790847778,-0.11599934101104736,-0.03760647773742676,-0.17359942197799683,-0.04539597034454346,-0.19900986552238464,-0.028362572193145752,-0.12607604265213013,-0.02692413330078125,-0.10889172554016113,0.000842750072479248,-0.17468476295471191,-0.013019800186157227,-0.19887498021125793,-0.002963721752166748,-0.1436036229133606,0.0009196996688842773,-0.12468409538269043
0,0.0,0.0,-0.05895817279815674,-0.006048798561096191,-0.11849117279052734,-0.06975042819976807,-0.1419069766998291,-0.1427149474620819,-0.1384350061416626,-0.1840241551399231,-0.10543376207351685,-0.1432124376296997,-0.12128078937530518,-0.19707268476486206,-0.10889393091201782,-0.1362951695919037,-0.10490232706069946,-0.11032772064208984,-0.07025635242462158,-0.15545818209648132,-0.08316326141357422,-0.20212766528129578,-0.0685725212097168,-0.12941241264343262,-0.06595391035079956,-0.11244398355484009,-0.032052695751190186,-0.16167256236076355,-0.04167783260345459,-0.19916319847106934,-0.02929753065109253,-0.12523633241653442,-0.02726924419403076,-0.10393482446670532,0.008357405662536621,-0.16272768378257751,-0.006883084774017334,-0.19914695620536804,0.00014632940292358398,-0.14386239647865295,0.003575563430786133,-0.1220235824584961
0,0.0,0.0,-0.060815632343292236,-0.01435387134552002,-0.11949771642684937,-0.08078765869140625,-0.14638656377792358,-0.1445174217224121,-0.15843629837036133,-0.18202513456344604,-0.10515028238296509,-0.14877161383628845,-0.12121927738189697,-0.19347542524337769,-0.11459875106811523,-0.1365891695022583,-0.11566650867462158,-0.10587018728256226,-0.07276177406311035,-0.16421392560005188,-0.08909058570861816,-0.1982232928276062,-0.07351851463317871,-0.12655383348464966,-0.06673026084899902,-0.1081799864768982,-0.03531241416931152,-0.17197301983833313,-0.049871861934661865,-0.19555503129959106,-0.03474557399749756,-0.12418615818023682,-0.028406202793121338,-0.10353821516036987,0.005058765411376953,-0.17220205068588257,-0.013584017753601074,-0.19731777906417847,-0.007273554801940918,-0.14198827743530273,-0.0019509196281433105,-0.12091094255447388
0,0.0,0.0,-0.05786412954330444,-0.015492558479309082,-0.11640024185180664,-0.07044732570648193,-0.1495092511177063,-0.12392020225524902,-0.16902339458465576,-0.16079065203666687,-0.0878443717956543,-0.16520792245864868,-0.12037050724029541,-0.18287891149520874,-0.12936913967132568,-0.13690072298049927,-0.1370963454246521,-0.10606229305267334,-0.056717097759246826,-0.1838964819908142,-0.09083336591720581,-0.19028672575950623,-0.08806836605072021,-0.13054132461547852,-0.08333832025527954,-0.10688185691833496,-0.023469626903533936,-0.18629685044288635,-0.05855059623718262,-0.1824391484260559,-0.05078911781311035,-0.12541168928146362,-0.04189068078994751,-0.1070246696472168,0.01049339771270752,-0.177936851978302,-0.02297830581665039,-0.17094206809997559,-0.02151048183441162,-0.124606192111969,-0.013354957103729248,-0.10818713903427124
0,0.0,0.0,-0.04835212230682373,0.00749891996383667,-0.11276191473007202,-0.04772293567657471,-0.14935404062271118,-0.11536616086959839,-0.15512150526046753,-0.16351979970932007,-0.0784759521484375,-0.15211960673332214,-0.11735773086547852,-0.17036274075508118,-0.1335962414741516,-0.13316386938095093,-0.14946722984313965,-0.11711108684539795,-0.04700237512588501,-0.17841124534606934,-0.09154802560806274,-0.18124514818191528,-0.08904576301574707,-0.1173391342163086,-0.08668899536132812,-0.1041407585144043,-0.018447399139404297,-0.1834982931613922,-0.06150972843170166,-0.17143934965133667,-0.054297685623168945,-0.10889875888824463,-0.04781275987625122,-0.09717589616775513,0.005812942981719971,-0.17676648497581482,-0.03247195482254028,-0.15240409970283508,-0.029406964778900146,-0.10435241460800171,-0.021398603916168213,-0.09597235918045044
0,0.0,0.0,-0.04750716686248779,0.007962822914123535,-0.10711270570755005,-0.042778849601745605,-0.13570356369018555,-0.09367501735687256,-0.15241992473602295,-0.12387186288833618,-0.09842544794082642,-0.12381815910339355,-0.12221348285675049,-0.15325358510017395,-0.14642703533172607,-0.14237549901008606,-0.16931021213531494,-0.12979847192764282,-0.06494426727294922,-0.14784568548202515,-0.0928804874420166,-0.1785433292388916,-0.10394495725631714,-0.13646182417869568,-0.11239010095596313,-0.12274521589279175,-0.02771967649459839,-0.15666213631629944,-0.05369901657104492,-0.165183424949646,-0.04731065034866333,-0.1032227873802185,-0.03955656290054321,-0.08730059862136841,0.011421680450439453,-0.15570595860481262,-0.015030443668365479,-0.15928128361701965,-0.014112353324890137,-0.1081724762916565,-0.006823420524597168,-0.09336912631988525
0,0.0,0.0,-0.05554461479187012,-0.0020297765731811523,-0.1146661639213562,-0.05964618921279907,-0.13990139961242676,-0.12055468559265137,-0.15515664219856262,-0.15379342436790466,-0.09184861183166504,-0.14466100931167603,-0.11286336183547974,-0.17219561338424683,-0.10965543985366821,-0.12427699565887451,-0.10812783241271973,-0.08759826421737671,-0.05943566560745239,-0.16274869441986084,-0.07919812202453613,-0.18007329106330872,-0.06654751300811768,-0.12161356210708618,-0.06040281057357788,-0.09013265371322632,-0.024496793746948242,-0.16769397258758545,-0.04499328136444092,-0.17975836992263794,-0.031886518001556396,-0.12354063987731934,-0.02523207664489746,-0.09284782409667969,0.009209752082824707,-0.16112792491912842,-0.008915126323699951,-0.17333287000656128,-0.004137635231018066,-0.12641370296478271,0.0008004903793334961,-0.10127860307693481
0,0.0,0.0,-0.0561906099319458,0.0005443692207336426,-0.12190470099449158,-0.05350029468536377,-0.1488977074623108,-0.1160324215888977,-0.14637768268585205,-0.1569920778274536,-0.09542739391326904,-0.13986265659332275,-0.11749732494354248,-0.16461551189422607,-0.11026012897491455,-0.10649454593658447,-0.10246717929840088,-0.0897781252861023,-0.06216031312942505,-0.1561344563961029,-0.08773493766784668,-0.17328357696533203,-0.07857489585876465,-0.10540932416915894,-0.06583434343338013,-0.09526246786117554,-0.028083980083465576,-0.1632419228553772,-0.054590821266174316,-0.17024263739585876,-0.04503101110458374,-0.10287314653396606,-0.03248453140258789,-0.0938643217086792,0.008164167404174805,-0.16464021801948547,-0.01980745792388916,-0.16298913955688477,-0.014134585857391357,-0.11325967311859131,-0.0021698474884033203,-0.10688632726669312
0,0.0,0.0,-0.05715733766555786,-0.002015352249145508,-0.12136760354042053,-0.0589253306388855,-0.14081105589866638,-0.1262974739074707,-0.11851495504379272,-0.17327547073364258,-0.09715503454208374,-0.14908039569854736,-0.12200009822845459,-0.16915756464004517,-0.11318209767341614,-0.10850286483764648,-0.10329332947731018,-0.09382176399230957,-0.06192445755004883,-0.16566777229309082,-0.09011489152908325,-0.1779422163963318,-0.07903027534484863,-0.10251861810684204,-0.06461846828460693,-0.09676671028137207,-0.02562248706817627,-0.1706075668334961,-0.050219714641571045,-0.1674104630947113,-0.04172539710998535,-0.09406369924545288,-0.030037879943847656,-0.09020543098449707,0.013832271099090576,-0.1692759096622467,-0.014945030212402344,-0.16118425130844116,-0.01154625415802002,-0.1060953140258789,-0.0014362931251525879,-0.09944379329681396
0,0.0,0.0,-0.06293302774429321,-0.007627725601196289,-0.1296660304069519,-0.06811726093292236,-0.1484290063381195,-0.13359779119491577,-0.12415474653244019,-0.18010923266410828,-0.09689909219741821,-0.15701162815093994,-0.1268300712108612,-0.1732219159603119,-0.11805993318557739,-0.11173158884048462,-0.1066092848777771,-0.09792554378509521,-0.06324416399002075,-0.17299866676330566,-0.09556037187576294,-0.18561837077140808,-0.08407461643218994,-0.11137604713439941,-0.06776434183120728,-0.10540246963500977,-0.02733325958251953,-0.17727097868919373,-0.05909252166748047,-0.1767273247241974,-0.04896742105484009,-0.10280722379684448,-0.03454244136810303,-0.09823119640350342,0.012552499771118164,-0.17311081290245056,-0.024743974208831787,-0.16395899653434753,-0.020289599895477295,-0.10758954286575317,-0.007127106189727783,-0.10000675916671753
0,0.0,0.0,-0.0734567642211914,-0.011667430400848389,-0.13669437170028687,-0.07460254430770874,-0.14736327528953552,-0.1433749794960022,-0.11853072047233582,-0.1876015067100525,-0.10012409090995789,-0.14993888139724731,-0.12849849462509155,-0.17220979928970337,-0.11968132853507996,-0.11177331209182739,-0.10560083389282227,-0.09136110544204712,-0.06637603044509888,-0.16728335618972778,-0.09502556920051575,-0.18567875027656555,-0.08129501342773438,-0.11292976140975952,-0.06216186285018921,-0.09959208965301514,-0.030326902866363525,-0.1749069094657898,-0.060103774070739746,-0.18277326226234436,-0.04787898063659668,-0.10990852117538452,-0.029361069202423096,-0.09714174270629883,0.010860621929168701,-0.1736622452735901,-0.024990439414978027,-0.16792920231819153,-0.017986416816711426,-0.11371785402297974,-0.0005801916122436523,-0.10388237237930298
0,0.0,0.0,-0.0659111738204956,-0.005529046058654785,-0.13210728764533997,-0.06098604202270508,-0.1495814323425293,-0.1294999122619629,-0.12300467491149902,-0.17738571763038635,-0.106228768825531,-0.1410316824913025,-0.13951414823532104,-0.16471779346466064,-0.12383127212524414,-0.1078786849975586,-0.10605338215827942,-0.08694469928741455,-0.0717083215713501,-0.1586724817752838,-0.10204833745956421,-0.17823535203933716,-0.08173012733459473,-0.10791736841201782,-0.06214874982833862,-0.09156394004821777,-0.03489202260971069,-0.16736578941345215,-0.06465697288513184,-0.17860066890716553,-0.046325087547302246,-0.10680943727493286,-0.02888810634613037,-0.08929431438446045,0.0052544474601745605,-0.16801130771636963,-0.025319337844848633,-0.16922754049301147,-0.01570892333984375,-0.1150546669960022,-0.0006646513938903809,-0.10048621892929077
0,0.0,0.0,-0.06944340467453003,-0.005739033222198486,-0.13621675968170166,-0.06571459770202637,-0.14911842346191406,-0.13556456565856934,-0.12535354495048523,-0.1854557991027832,-0.11050450801849365,-0.1462821364402771,-0.1390661895275116,-0.16680607199668884,-0.11873495578765869,-0.11206960678100586,-0.09915092587471008,-0.08720678091049194,-0.07636618614196777,-0.16482335329055786,-0.1036078929901123,-0.1856204867362976,-0.08117496967315674,-0.1181567907333374,-0.06250929832458496,-0.09831053018569946,-0.03931927680969238,-0.17198875546455383,-0.06890559196472168,-0.1887834072113037,-0.048666536808013916,-0.11793208122253418,-0.03235518932342529,-0.0980767011642456,0.0010681748390197754,-0.1699613630771637,-0.03028571605682373,-0.1701277792453766,-0.020688533782958984,-0.11573576927185059,-0.007383406162261963,-0.10064053535461426
0,0.0,0.0,-0.07293814420700073,-0.011668622493743896,-0.13486340641975403,-0.07804000377655029,-0.14772319793701172,-0.1436225175857544,-0.13015151023864746,-0.18403923511505127,-0.10713490843772888,-0.15480905771255493,-0.12669441103935242,-0.17680636048316956,-0.11120882630348206,-0.12498849630355835,-0.09439483284950256,-0.0943860411643982,-0.075497567653656,-0.16997873783111572,-0.09632506966590881,-0.18725883960723877,-0.07730457186698914,-0.12261325120925903,-0.058391273021698,-0.09377044439315796,-0.039692044258117676,-0.17804375290870667,-0.06321871280670166,-0.1887684464454651,-0.045885682106018066,-0.12212306261062622,-0.02860504388809204,-0.09349381923675537,0.0004233121871948242,-0.17783764004707336,-0.024523437023162842,-0.1835920214653015,-0.01777350902557373,-0.1304532289505005,-0.0057555437088012695,-0.10747933387756348
0,0.0,0.0,-0.07056090235710144,-0.005980849266052246,-0.13186562061309814,-0.06804788112640381,-0.14459353685379028,-0.1345110535621643,-0.12651342153549194,-0.17501115798950195,-0.1092919409275055,-0.12593728303909302,-0.13305947184562683,-0.16235274076461792,-0.12091118097305298,-0.1162375807762146,-0.1049090325832367,-0.08766716718673706,-0.07829365134239197,-0.14573603868484497,-0.09874400496482849,-0.1802177131175995,-0.08058610558509827,-0.1200898289680481,-0.06321191787719727,-0.09214788675308228,-0.04271763563156128,-0.16027605533599854,-0.06374633312225342,-0.18570327758789062,-0.04768723249435425,-0.12354409694671631,-0.033183932304382324,-0.09566575288772583,-0.0023078322410583496,-0.16865688562393188,-0.023324012756347656,-0.18079102039337158,-0.016426682472229004,-0.1302388310432434,-0.006491899490356445,-0.1081121563911438
0,0.0,0.0,-0.07001829147338867,-0.00468367338180542,-0.13287577033042908,-0.06587398052215576,-0.1471775770187378,-0.13222277164459229,-0.12504160404205322,-0.16989952325820923,-0.10707157850265503,-0.13377025723457336,-0.13173970580101013,-0.16209879517555237,-0.12054747343063354,-0.1146010160446167,-0.10402515530586243,-0.08676570653915405,-0.07594022154808044,-0.15149658918380737,-0.10081273317337036,-0.17859476804733276,-0.0836111307144165,-0.1164667010307312,-0.06241041421890259,-0.08984071016311646,-0.04055190086364746,-0.1614965796470642,-0.06712031364440918,-0.1816040575504303,-0.05039125680923462,-0.11721545457839966,-0.031093120574951172,-0.09107673168182373,0.0004463791847229004,-0.16465389728546143,-0.02690976858139038,-0.1749287247657776,-0.02011173963546753,-0.12393844127655029,-0.006798684597015381,-0.10288184881210327
0,0.0,0.0,-0.06900867819786072,-0.006426572799682617,-0.1264914870262146,-0.0637771487236023,-0.1472901999950409,-0.12492150068283081,-0.14441001415252686,-0.16563183069229126,-0.10667407512664795,-0.13231879472732544,-0.12792855501174927,-0.1658795177936554,-0.11898878216743469,-0.11856120824813843,-0.10522043704986572,-0.08667665719985962,-0.07799243927001953,-0.14885872602462769,-0.10096248984336853,-0.17778190970420837,-0.08485719561576843,-0.11655044555664062,-0.06552755832672119,-0.09124350547790527,-0.043144285678863525,-0.1590879261493683,-0.06682363152503967,-0.18030694127082825,-0.05145782232284546,-0.11770272254943848,-0.033470988273620605,-0.09422886371612549,-0.0022704601287841797,-0.1629224419593811,-0.026706159114837646,-0.17581230401992798,-0.020889580249786377,-0.12494218349456787,-0.008296668529510498,-0.10458624362945557
0,0.0,0.0,-0.07547381520271301,-0.009696602821350098,-0.13479340076446533,-0.06824970245361328,-0.1554763913154602,-0.1327732801437378,-0.13688918948173523,-0.17465507984161377,-0.11197718977928162,-0.14200830459594727,-0.13721057772636414,-0.1682741343975067,-0.12608367204666138,-0.11525613069534302,-0.11069250106811523,-0.08958005905151367,-0.08201032876968384,-0.15896591544151306,-0.10975158214569092,-0.18354755640029907,-0.09076479077339172,-0.1150246262550354,-0.06980669498443604,-0.0961223840713501,-0.04740774631500244,-0.16733640432357788,-0.07600456476211548,-0.18122220039367676,-0.05982014536857605,-0.1130722165107727,-0.03989368677139282,-0.09660995006561279,-0.004895687103271484,-0.16961288452148438,-0.037069499492645264,-0.17213380336761475,-0.03087979555130005,-0.11951053142547607,-0.015611767768859863,-0.10643810033798218
0,0.0,0.0,-0.07451581954956055,-0.005862176418304443,-0.13272503018379211,-0.06813526153564453,-0.14867129921913147,-0.13380002975463867,-0.13357412815093994,-0.17455601692199707,-0.11457961797714233,-0.14309197664260864,-0.141071617603302,-0.17631050944328308,-0.13174724578857422,-0.11863440275192261,-0.11802166700363159,-0.09698039293289185,-0.08419764041900635,-0.1607602834701538,-0.11244058609008789,-0.18953678011894226,-0.09766307473182678,-0.11673104763031006,-0.07899609208106995,-0.10681688785552979,-0.0483739972114563,-0.16961157321929932,-0.07667014002799988,-0.18475952744483948,-0.06393763422966003,-0.1111026406288147,-0.04690396785736084,-0.10214358568191528,-0.006751418113708496,-0.17349421977996826,-0.04009038209915161,-0.17021650075912476,-0.03394347429275513,-0.11539608240127563,-0.01887226104736328,-0.10845690965652466
0,0.0,0.0,-0.07033634185791016,-0.009782016277313232,-0.13006585836410522,-0.06548786163330078,-0.14912140369415283,-0.13115277886390686,-0.12816336750984192,-0.17464974522590637,-0.11412608623504639,-0.1466538906097412,-0.1436564028263092,-0.1711910367012024,-0.13178560137748718,-0.11383193731307983,-0.11758211255073547,-0.0950424075126648,-0.08237579464912415,-0.1620056927204132,-0.11137285828590393,-0.18143987655639648,-0.0935104489326477,-0.11012178659439087,-0.07457512617111206,-0.10220515727996826,-0.04564779996871948,-0.16954946517944336,-0.07514446973800659,-0.17731717228889465,-0.06029081344604492,-0.1064140796661377,-0.04337424039840698,-0.09845209121704102,-0.004691421985626221,-0.17086055874824524,-0.03750413656234741,-0.1655033826828003,-0.03127098083496094,-0.1112663745880127,-0.016658544540405273,-0.10259366035461426
0,0.0,0.0,-0.0656014084815979,-0.006562352180480957,-0.12921226024627686,-0.05576634407043457,-0.15428611636161804,-0.12518733739852905,-0.12924343347549438,-0.1744251549243927,-0.11388090252876282,-0.1331159770488739,-0.14342224597930908,-0.16580349206924438,-0.12888196110725403,-0.10821765661239624,-0.11365166306495667,-0.08709472417831421,-0.08054482936859131,-0.14886298775672913,-0.10749772191047668,-0.1758798360824585,-0.08779460191726685,-0.1051827073097229,-0.07110735774040222,-0.09601861238479614,-0.04348784685134888,-0.15742376446723938,-0.07063156366348267,-0.172919362783432,-0.05436614155769348,-0.10278481245040894,-0.03911381959915161,-0.0925641655921936,-0.0015638470649719238,-0.1603376269340515,-0.03278040885925293,-0.16573476791381836,-0.026094794273376465,-0.11171644926071167,-0.013203263282775879,-0.09901326894760132
0,0.0,0.0,-0.06564494967460632,-0.008377552032470703,-0.12865513563156128,-0.05996960401535034,-0.15326079726219177,-0.12739071249961853,-0.12756949663162231,-0.17368721961975098,-0.11057910323143005,-0.13593322038650513,-0.1400470733642578,-0.16623124480247498,-0.12408563494682312,-0.10859256982803345,-0.10782986879348755,-0.08946186304092407,-0.07794365286827087,-0.15035507082939148,-0.10567042231559753,-0.17758029699325562,-0.08609691262245178,-0.10556596517562866,-0.06803479790687561,-0.09375905990600586,-0.041578710079193115,-0.1577860713005066,-0.06902003288269043,-0.17411354184150696,-0.05307886004447937,-0.1031147837638855,-0.03637659549713135,-0.09002572298049927,-0.0005523562431335449,-0.16037198901176453,-0.032593727111816406,-0.16589903831481934,-0.02664768695831299,-0.11259675025939941,-0.012759923934936523,-0.09916543960571289
0,0.0,0.0,-0.06717142462730408,-0.01045161485671997,-0.13032543659210205,-0.06051748991012573,-0.1531129777431488,-0.12604022026062012,-0.12673735618591309,-0.17073732614517212,-0.11182039976119995,-0.13909196853637695,-0.1408548355102539,-0.165342777967453,-0.12625622749328613,-0.10741430521011353,-0.11061730980873108,-0.08736753463745117,-0.07883784174919128,-0.15367662906646729,-0.10686573386192322,-0.17525127530097961,-0.08955278992652893,-0.10520279407501221,-0.07170259952545166,-0.09331732988357544,-0.042757660150527954,-0.16064700484275818,-0.0707876980304718,-0.16999146342277527,-0.0562434196472168,-0.10166233777999878,-0.03994306921958923,-0.09107315540313721,-0.0025866031646728516,-0.1614963710308075,-0.03567153215408325,-0.1615757942199707,-0.029012322425842285,-0.1100652813911438,-0.014301002025604248,-0.099964439868927
0,0.0,0.0,-0.06849238276481628,-0.008845806121826172,-0.1318240761756897,-0.05911612510681152,-0.15281030535697937,-0.12629228830337524,-0.12286806106567383,-0.17017599940299988,-0.10961174964904785,-0.1336345672607422,-0.1387186050415039,-0.16116872429847717,-0.12668225169181824,-0.10726705193519592,-0.11028200387954712,-0.08459162712097168,-0.07764214277267456,-0.14951646327972412,-0.10645538568496704,-0.17371949553489685,-0.08894515037536621,-0.10696196556091309,-0.06908616423606873,-0.08785033226013184,-0.0425717830657959,-0.15814152359962463,-0.07299491763114929,-0.1695873737335205,-0.05703219771385193,-0.10429507493972778,-0.03851473331451416,-0.08661723136901855,-0.002590954303741455,-0.15979954600334167,-0.03827446699142456,-0.15735143423080444,-0.029949963092803955,-0.10884767770767212,-0.013247013092041016,-0.09701603651046753
0,0.0,0.0,-0.06702804565429688,-0.004916250705718994,-0.13151836395263672,-0.0553855299949646,-0.1541765332221985,-0.12380337715148926,-0.1265641152858734,-0.1663455367088318,-0.11387738585472107,-0.1277666687965393,-0.13946115970611572,-0.1602669656276703,-0.12533262372016907,-0.10419142246246338,-0.11221987009048462,-0.08698660135269165,-0.0820574164390564,-0.1444127857685089,-0.10707086324691772,-0.1718991994857788,-0.08977523446083069,-0.10488507151603699,-0.0740080177783966,-0.0968160629272461,-0.04665902256965637,-0.15349489450454712,-0.07124927639961243,-0.17124181985855103,-0.0572182834148407,-0.10403209924697876,-0.04311656951904297,-0.09464377164840698,-0.005735158920288086,-0.15768545866012573,-0.03557273745536804,-0.16141262650489807,-0.02998468279838562,-0.11026701331138611,-0.017935991287231445,-0.09967613220214844
0,0.0,0.0,-0.07040214538574219,-0.006830573081970215,-0.13541701436042786,-0.05797874927520752,-0.15463271737098694,-0.12630316615104675,-0.12338083982467651,-0.169448584318161,-0.11170369386672974,-0.12478464841842651,-0.14384061098098755,-0.14876332879066467,-0.12539750337600708,-0.09985983371734619,-0.10547184944152832,-0.08195573091506958,-0.07996007800102234,-0.14470604062080383,-0.11129617691040039,-0.17056810855865479,-0.09045541286468506,-0.10551899671554565,-0.06875479221343994,-0.08938336372375488,-0.04552897810935974,-0.15629726648330688,-0.07730913162231445,-0.16992607712745667,-0.0592648983001709,-0.10380500555038452,-0.03984895348548889,-0.08916133642196655,-0.006083369255065918,-0.16170358657836914,-0.04127964377403259,-0.15884986519813538,-0.03220945596694946,-0.1100369393825531,-0.01548391580581665,-0.09962707757949829
0,0.0,0.0,-0.07040068507194519,-0.005583405494689941,-0.132950097322464,-0.054431915283203125,-0.15436485409736633,-0.11820101737976074,-0.1303541660308838,-0.16147834062576294,-0.10997343063354492,-0.12437516450881958,-0.13995343446731567,-0.14718738198280334,-0.12225550413131714,-0.09633636474609375,-0.10487526655197144,-0.07742542028427124,-0.08021676540374756,-0.14209675788879395,-0.1110629141330719,-0.16652202606201172,-0.08943319320678711,-0.101992666721344,-0.06903311610221863,-0.08793479204177856,-0.04666447639465332,-0.15331941843032837,-0.07810425758361816,-0.16734367609024048,-0.05877155065536499,-0.10209476947784424,-0.03993996977806091,-0.08911842107772827,-0.007959723472595215,-0.1589830219745636,-0.042709410190582275,-0.15744933485984802,-0.032625943422317505,-0.10870283842086792,-0.015944063663482666,-0.0988609790802002
0,0.0,0.0,-0.0630689263343811,-0.0030521154403686523,-0.12865322828292847,-0.04808390140533447,-0.15198928117752075,-0.11216381192207336,-0.12252014875411987,-0.1579890251159668,-0.10864830017089844,-0.12599006295204163,-0.1390281319618225,-0.14405420422554016,-0.1209428608417511,-0.08968055248260498,-0.10655131936073303,-0.0786811113357544,-0.07746094465255737,-0.14377647638320923,-0.10857453942298889,-0.16109585762023926,-0.08724531531333923,-0.09525099396705627,-0.06958773732185364,-0.08998459577560425,-0.043140530586242676,-0.1534135341644287,-0.07241323590278625,-0.15956443548202515,-0.05485188961029053,-0.09339231252670288,-0.03965190052986145,-0.08783179521560669,-0.004347562789916992,-0.1579253077507019,-0.03795313835144043,-0.15025243163108826,-0.028990983963012695,-0.09965911507606506,-0.014957427978515625,-0.09227436780929565
0,0.0,0.0,-0.06583720445632935,-0.0053296685218811035,-0.1280462145805359,-0.05448508262634277,-0.14769861102104187,-0.11685720086097717,-0.11918750405311584,-0.15774643421173096,-0.09994006156921387,-0.1301208734512329,-0.12823304533958435,-0.15209779143333435,-0.1143096387386322,-0.09599056839942932,-0.10024863481521606,-0.08048099279403687,-0.06979471445083618,-0.14551016688346863,-0.09871608018875122,-0.16138166189193726,-0.0804918110370636,-0.09383100271224976,-0.06252932548522949,-0.08457505702972412,-0.03732782602310181,-0.15410330891609192,-0.06722217798233032,-0.15969279408454895,-0.051464200019836426,-0.09315699338912964,-0.035151541233062744,-0.0843624472618103,-5.120038986206055e-05,-0.15711811184883118,-0.0349658727645874,-0.15125435590744019,-0.026574909687042236,-0.10112762451171875,-0.011095255613327026,-0.09285491704940796
0,0.0,0.0,-0.06113666296005249,-0.0011965036392211914,-0.1265791952610016,-0.05109483003616333,-0.1491662859916687,-0.11530900001525879,-0.11997607350349426,-0.15504887700080872,-0.1067604124546051,-0.1264270544052124,-0.1370442807674408,-0.1500687599182129,-0.1211118996143341,-0.09358027577400208,-0.10727965831756592,-0.08499711751937866,-0.0750725269317627,-0.1451290249824524,-0.10499867796897888,-0.161665678024292,-0.08532726764678955,-0.09245586395263672,-0.0684005618095398,-0.08959692716598511,-0.04120028018951416,-0.15497148036956787,-0.07066094875335693,-0.15930244326591492,-0.05320417881011963,-0.09035402536392212,-0.03804102540016174,-0.08760446310043335,-0.0028824806213378906,-0.1594911515712738,-0.03824368119239807,-0.15042933821678162,-0.028269261121749878,-0.09914746880531311,-0.013264864683151245,-0.09502336382865906
0,0.0,0.0,-0.06096535921096802,-0.003563821315765381,-0.12314853072166443,-0.04899895191192627,-0.14554640650749207,-0.11122223734855652,-0.11936160922050476,-0.1578342616558075,-0.10424402356147766,-0.12713590264320374,-0.13851460814476013,-0.14697617292404175,-0.12015518546104431,-0.09324932098388672,-0.10338425636291504,-0.08574861288070679,-0.07334402203559875,-0.14397767186164856,-0.10455551743507385,-0.1581016480922699,-0.08404922485351562,-0.09190568327903748,-0.0661114752292633,-0.09011465311050415,-0.039631813764572144,-0.15291735529899597,-0.06978848576545715,-0.15533965826034546,-0.05219721794128418,-0.0890253484249115,-0.036200910806655884,-0.08699142932891846,-0.0015878081321716309,-0.15688207745552063,-0.0364193320274353,-0.14728790521621704,-0.02712962031364441,-0.09640398621559143,-0.012426704168319702,-0.09212258458137512
0,0.0,0.0,-0.06231072545051575,-0.00485914945602417,-0.12463781237602234,-0.050236523151397705,-0.1497250199317932,-0.11383864283561707,-0.12153545022010803,-0.15951639413833618,-0.10309180617332458,-0.12930592894554138,-0.13638845086097717,-0.15063661336898804,-0.11936461925506592,-0.0972399115562439,-0.10490134358406067,-0.09380647540092468,-0.0731530487537384,-0.14753353595733643,-0.10383504629135132,-0.16067790985107422,-0.08353960514068604,-0.09255513548851013,-0.06793326139450073,-0.09596002101898193,-0.040466129779815674,-0.1570112109184265,-0.07095521688461304,-0.1594310998916626,-0.053745537996292114,-0.09191620349884033,-0.038785964250564575,-0.09452125430107117,-0.0029031038284301758,-0.1612061858177185,-0.03867453336715698,-0.15246054530143738,-0.03005129098892212,-0.1022486686706543,-0.015144407749176025,-0.10047557950019836
0,0.0,0.0,-0.061678677797317505,-0.008366405963897705,-0.12075024843215942,-0.05338817834854126,-0.14447936415672302,-0.1156207025051117,-0.11969977617263794,-0.16402015089988708,-0.0975506603717804,-0.13137587904930115,-0.13120198249816895,-0.15492650866508484,-0.1148306131362915,-0.10094377398490906,-0.09841257333755493,-0.09555745124816895,-0.06781378388404846,-0.14815625548362732,-0.09973621368408203,-0.16521990299224854,-0.08037835359573364,-0.09643447399139404,-0.06229248642921448,-0.09840822219848633,-0.035421788692474365,-0.1567835509777069,-0.06599932909011841,-0.1606261134147644,-0.05034556984901428,-0.09355184435844421,-0.033146411180496216,-0.09571588039398193,0.0019814670085906982,-0.16018551588058472,-0.0345742404460907,-0.15420210361480713,-0.02777630090713501,-0.10468000173568726,-0.01145869493484497,-0.1016424298286438
0,0.0,0.0,-0.05723661184310913,-0.005258440971374512,-0.1183612048625946,-0.051664113998413086,-0.14360812306404114,-0.1166139543056488,-0.1166161596775055,-0.16079998016357422,-0.09548154473304749,-0.13238152861595154,-0.1266360580921173,-0.1581343114376068,-0.11247321963310242,-0.10170784592628479,-0.09854981303215027,-0.09484988451004028,-0.06492087244987488,-0.1481063961982727,-0.09710532426834106,-0.1649743616580963,-0.07918938994407654,-0.09476432204246521,-0.06212833523750305,-0.0949038565158844,-0.03255912661552429,-0.15571030974388123,-0.06432920694351196,-0.16435497999191284,-0.04861888289451599,-0.09461283683776855,-0.03121200203895569,-0.09190401434898376,0.0043281614780426025,-0.15865862369537354,-0.032753944396972656,-0.15814876556396484,-0.02593815326690674,-0.10615447163581848,-0.010447174310684204,-0.0980370044708252
0,0.0,0.0,-0.059690922498703,-0.0054833292961120605,-0.12222534418106079,-0.05115640163421631,-0.14659449458122253,-0.11567062139511108,-0.11868855357170105,-0.1626129150390625,-0.0978807806968689,-0.13105115294456482,-0.13021576404571533,-0.15661519765853882,-0.11597323417663574,-0.10125872492790222,-0.10156786441802979,-0.09470725059509277,-0.06712692975997925,-0.14845091104507446,-0.09977567195892334,-0.16496029496192932,-0.08177497982978821,-0.09615746140480042,-0.06433820724487305,-0.09756249189376831,-0.0347367525100708,-0.15757793188095093,-0.06643810868263245,-0.16281282901763916,-0.05089050531387329,-0.09515216946601868,-0.03399771451950073,-0.09532129764556885,0.002571403980255127,-0.16088652610778809,-0.03400999307632446,-0.15619581937789917,-0.026866406202316284,-0.10574015974998474,-0.011432141065597534,-0.10087659955024719
0,0.0,0.0,-0.05942177772521973,-0.005068004131317139,-0.12138441205024719,-0.050683557987213135,-0.1461678147315979,-0.11528760194778442,-0.11892333626747131,-0.1617506742477417,-0.09643596410751343,-0.13205957412719727,-0.1287381649017334,-0.1565360724925995,-0.11511650681495667,-0.10064181685447693,-0.10029670596122742,-0.09257417917251587,-0.06635177135467529,-0.14764544367790222,-0.09912383556365967,-0.16398954391479492,-0.08126971125602722,-0.09515175223350525,-0.06285196542739868,-0.09516501426696777,-0.03452938795089722,-0.15582594275474548,-0.06688940525054932,-0.16180992126464844,-0.05111214518547058,-0.09445279836654663,-0.03324609994888306,-0.09400337934494019,0.002019941806793213,-0.15901216864585876,-0.03464362025260925,-0.15465614199638367,-0.027065306901931763,-0.1051543653011322,-0.010846972465515137,-0.10068947076797485
0,0.0,0.0,-0.0572664737701416,-0.0028179287910461426,-0.12017878890037537,-0.05016982555389404,-0.14459463953971863,-0.11521539092063904,-0.11872300505638123,-0.16272857785224915,-0.09642300009727478,-0.1354571282863617,-0.1266876459121704,-0.15670260787010193,-0.11264541745185852,-0.10095426440238953,-0.09901827573776245,-0.09508579969406128,-0.06563359498977661,-0.15197664499282837,-0.09832465648651123,-0.16412115097045898,-0.08025568723678589,-0.09512829780578613,-0.06306564807891846,-0.09656316041946411,-0.03374415636062622,-0.160218745470047,-0.06532055139541626,-0.16052290797233582,-0.04986944794654846,-0.09253358840942383,-0.033315807580947876,-0.09278300404548645,0.002663850784301758,-0.16331592202186584,-0.03372800350189209,-0.15358561277389526,-0.026727378368377686,-0.1022915244102478,-0.012156844139099121,-0.09769141674041748
0,0.0,0.0,-0.057418614625930786,-0.004972636699676514,-0.11910626292228699,-0.05540412664413452,-0.14354467391967773,-0.11790543794631958,-0.12052232027053833,-0.1638137400150299,-0.0947866439819336,-0.13565856218338013,-0.12595504522323608,-0.16134199500083923,-0.11329245567321777,-0.10519498586654663,-0.1008734405040741,-0.09928146004676819,-0.06515517830848694,-0.1496882438659668,-0.0975736677646637,-0.16515201330184937,-0.08005654811859131,-0.09586352109909058,-0.06361415982246399,-0.0999235212802887,-0.03360545635223389,-0.15705159306526184,-0.0644141137599945,-0.15967249870300293,-0.04899013042449951,-0.09280034899711609,-0.03273865580558777,-0.09623631834983826,0.002711772918701172,-0.15987560153007507,-0.03191804885864258,-0.15772393345832825,-0.02578657865524292,-0.10717552900314331,-0.011328011751174927,-0.10217610001564026
0,0.0,0.0,-0.06167978048324585,-0.007548093795776367,-0.12278488278388977,-0.05972415208816528,-0.146617591381073,-0.12276428937911987,-0.120907723903656,-0.165693461894989,-0.09779247641563416,-0.13476091623306274,-0.12776866555213928,-0.1649685800075531,-0.11497160792350769,-0.10998675227165222,-0.10094249248504639,-0.09895536303520203,-0.06932568550109863,-0.15044739842414856,-0.10047078132629395,-0.1709320843219757,-0.0832773745059967,-0.10422089695930481,-0.06537565588951111,-0.10260331630706787,-0.037851542234420776,-0.15925484895706177,-0.06827399134635925,-0.16594243049621582,-0.05384474992752075,-0.10084065794944763,-0.03706592321395874,-0.09910053014755249,-0.0005968213081359863,-0.16251921653747559,-0.03654611110687256,-0.15863484144210815,-0.030131787061691284,-0.10882449150085449,-0.014867544174194336,-0.10304278135299683
0,0.0,0.0,-0.06547993421554565,-0.008796751499176025,-0.12293106317520142,-0.056349754333496094,-0.14751195907592773,-0.11362138390541077,-0.13293635845184326,-0.15440750122070312,-0.10073071718215942,-0.13086342811584473,-0.13234055042266846,-0.15755635499954224,-0.11720699071884155,-0.10851144790649414,-0.09996610879898071,-0.08976605534553528,-0.07197678089141846,-0.14448609948158264,-0.10426926612854004,-0.1614215075969696,-0.0849916934967041,-0.10564625263214111,-0.06539613008499146,-0.09758508205413818,-0.039911895990371704,-0.15359297394752502,-0.07288375496864319,-0.16134968400001526,-0.057268381118774414,-0.10500890016555786,-0.03999236226081848,-0.09555709362030029,-0.003779172897338867,-0.1569920778274536,-0.037896692752838135,-0.154841810464859,-0.032107263803482056,-0.11128225922584534,-0.017451047897338867,-0.10117167234420776
0,0.0,0.0,-0.0653819739818573,-0.011767566204071045,-0.11693736910820007,-0.06371062994003296,-0.13759922981262207,-0.12094128131866455,-0.1307736039161682,-0.16348907351493835,-0.10276666283607483,-0.13406985998153687,-0.1265665590763092,-0.166823148727417,-0.11447140574455261,-0.11395364999771118,-0.10114359855651855,-0.08945587277412415,-0.07357719540596008,-0.14712345600128174,-0.09982684254646301,-0.17053166031837463,-0.08217141032218933,-0.11146867275238037,-0.06434303522109985,-0.09624812006950378,-0.04020318388938904,-0.15558433532714844,-0.06899070739746094,-0.16995316743850708,-0.05393359065055847,-0.11153554916381836,-0.03800109028816223,-0.09519121050834656,-0.002045273780822754,-0.15817925333976746,-0.03502863645553589,-0.16554340720176697,-0.029477626085281372,-0.11903232336044312,-0.01607811450958252,-0.10419771075248718
0,0.0,0.0,-0.0726691484451294,-0.0056168437004089355,-0.12675338983535767,-0.06087678670883179,-0.1419329047203064,-0.12283161282539368,-0.14062824845314026,-0.15636098384857178,-0.10816454887390137,-0.12708458304405212,-0.13193294405937195,-0.15813979506492615,-0.1189509928226471,-0.11225354671478271,-0.10360193252563477,-0.0880545973777771,-0.0776951014995575,-0.14171439409255981,-0.10256898403167725,-0.16727009415626526,-0.08674922585487366,-0.11218520998954773,-0.06988519430160522,-0.09503161907196045,-0.04309439659118652,-0.15029972791671753,-0.06832137703895569,-0.16905418038368225,-0.05534142255783081,-0.11210325360298157,-0.04102438688278198,-0.09459158778190613,-0.004624307155609131,-0.1525093913078308,-0.03138095140457153,-0.16150715947151184,-0.027973651885986328,-0.11571571230888367,-0.016937434673309326,-0.10062229633331299
0,0.0,0.0,-0.07593753933906555,-0.007756471633911133,-0.12878888845443726,-0.06163299083709717,-0.13785570859909058,-0.12379300594329834,-0.1255905032157898,-0.1584470272064209,-0.10850626230239868,-0.11836999654769897,-0.12870752811431885,-0.15228113532066345,-0.11783945560455322,-0.11810919642448425,-0.10201162099838257,-0.08846589922904968,-0.07713520526885986,-0.13759174942970276,-0.09916210174560547,-0.16964960098266602,-0.08244961500167847,-0.12661752104759216,-0.062243372201919556,-0.09191671013832092,-0.044042766094207764,-0.148635596036911,-0.06657016277313232,-0.178108811378479,-0.05326932668685913,-0.1340028941631317,-0.034916579723358154,-0.09844115376472473,-0.005281388759613037,-0.15199905633926392,-0.02782386541366577,-0.16961881518363953,-0.02364593744277954,-0.13441351056098938,-0.011700332164764404,-0.10991030931472778
0,0.0,0.0,-0.07391679286956787,-0.008951842784881592,-0.12538564205169678,-0.0700538158416748,-0.11759409308433533,-0.1327042281627655,-0.08723342418670654,-0.16507011651992798,-0.10657256841659546,-0.1269160509109497,-0.11670944094657898,-0.1663772165775299,-0.10184520483016968,-0.12681108713150024,-0.08575057983398438,-0.09279939532279968,-0.07415494322776794,-0.1442044973373413,-0.08509138226509094,-0.17832350730895996,-0.06970846652984619,-0.1287071406841278,-0.05379217863082886,-0.09174910187721252,-0.040294766426086426,-0.15245693922042847,-0.05315446853637695,-0.1831129789352417,-0.041847407817840576,-0.13095515966415405,-0.02973395586013794,-0.0943697988986969,-0.003220200538635254,-0.1497599482536316,-0.01732116937637329,-0.1708761751651764,-0.015657007694244385,-0.12762457132339478,-0.00942385196685791,-0.10039713978767395
0,0.0,0.0,-0.06650525331497192,-0.01144188642501831,-0.11899149417877197,-0.0641716718673706,-0.1408052146434784,-0.11881524324417114,-0.1510857343673706,-0.1522853970527649,-0.10081636905670166,-0.12181591987609863,-0.11408758163452148,-0.16059201955795288,-0.10183626413345337,-0.12024986743927002,-0.08956503868103027,-0.09043505787849426,-0.07008838653564453,-0.13597452640533447,-0.08663159608840942,-0.1722315549850464,-0.07247725129127502,-0.11843603849411011,-0.05868500471115112,-0.08746069669723511,-0.03670233488082886,-0.14366745948791504,-0.055099308490753174,-0.1765897572040558,-0.04320871829986572,-0.12006354331970215,-0.031951189041137695,-0.08948701620101929,0.001788496971130371,-0.14243373274803162,-0.017685115337371826,-0.16737660765647888,-0.015022218227386475,-0.12150916457176208,-0.009026169776916504,-0.09580197930335999
0,0.0,0.0,-0.06531822681427002,-0.010688543319702148,-0.11697235703468323,-0.05978602170944214,-0.13986843824386597,-0.11009058356285095,-0.14999794960021973,-0.14617714285850525,-0.08937311172485352,-0.11997717618942261,-0.11129173636436462,-0.1563146412372589,-0.11108487844467163,-0.12458443641662598,-0.10136169195175171,-0.0961003303527832,-0.05991494655609131,-0.13465198874473572,-0.08299300074577332,-0.16815301775932312,-0.07693848013877869,-0.11662885546684265,-0.06134003400802612,-0.08356642723083496,-0.027247250080108643,-0.14241090416908264,-0.05211979150772095,-0.172632098197937,-0.046218156814575195,-0.1201421320438385,-0.030163288116455078,-0.08983224630355835,0.011685431003570557,-0.14322537183761597,-0.015307128429412842,-0.16343426704406738,-0.015121698379516602,-0.12333136796951294,-0.002940237522125244,-0.10087355971336365
0,0.0,0.0,-0.058672428131103516,-0.009069442749023438,-0.11137565970420837,-0.05849015712738037,-0.135692298412323,-0.10783067345619202,-0.1460040807723999,-0.14223569631576538,-0.08359065651893616,-0.12231776118278503,-0.11080878973007202,-0.15226981043815613,-0.10167860984802246,-0.10892590880393982,-0.08605319261550903,-0.08723890781402588,-0.05404084920883179,-0.13448065519332886,-0.08247241377830505,-0.16275370121002197,-0.07086777687072754,-0.10624593496322632,-0.051943421363830566,-0.08808839321136475,-0.020846426486968994,-0.14065760374069214,-0.05167728662490845,-0.16278022527694702,-0.04152423143386841,-0.10509994626045227,-0.024679839611053467,-0.0896679162979126,0.01753479242324829,-0.14085417985916138,-0.0128936767578125,-0.15043839812278748,-0.010401368141174316,-0.10558909177780151,0.0031564831733703613,-0.09261637926101685
0,0.0,0.0,-0.05658227205276489,-0.013177692890167236,-0.10454079508781433,-0.059584200382232666,-0.12865281105041504,-0.10595136880874634,-0.14278408885002136,-0.13321137428283691,-0.07827162742614746,-0.1152675449848175,-0.10426256060600281,-0.1438695192337036,-0.10191130638122559,-0.10606500506401062,-0.09191545844078064,-0.0883440375328064,-0.04985255002975464,-0.12822040915489197,-0.07541680335998535,-0.15920743346214294,-0.06992202997207642,-0.10472831130027771,-0.05523407459259033,-0.08536738157272339,-0.017888426780700684,-0.13516771793365479,-0.04386025667190552,-0.15929526090621948,-0.03884923458099365,-0.10295087099075317,-0.023788094520568848,-0.08633190393447876,0.021057963371276855,-0.1355135142803192,-0.006268799304962158,-0.1541997790336609,-0.007543206214904785,-0.11045011878013611,0.004257380962371826,-0.09562423825263977
0,0.0,0.0,-0.05038285255432129,-0.004576921463012695,-0.09447789192199707,-0.03062838315963745,-0.12025409936904907,-0.04059445858001709,-0.13741770386695862,-0.02570730447769165,-0.07367348670959473,-0.1060245931148529,-0.09829068183898926,-0.13046139478683472,-0.09249985218048096,-0.09056073427200317,-0.07988512516021729,-0.0704507827758789,-0.0471874475479126,-0.1195116937160492,-0.07650882005691528,-0.14795634150505066,-0.06714200973510742,-0.09235888719558716,-0.0499117374420166,-0.07485073804855347,-0.017235636711120605,-0.129247784614563,-0.04726439714431763,-0.15283432602882385,-0.03827780485153198,-0.09645649790763855,-0.021080732345581055,-0.08280664682388306,0.019475996494293213,-0.13412365317344666,-0.011732280254364014,-0.14833632111549377,-0.009553849697113037,-0.10398727655410767,0.005235552787780762,-0.09088873863220215
0,0.0,0.0,-0.06084775924682617,-0.016125619411468506,-0.10974043607711792,-0.06461238861083984,-0.1374029815196991,-0.11094135046005249,-0.15843480825424194,-0.13866233825683594,-0.07788866758346558,-0.12217065691947937,-0.09967780113220215,-0.15257999300956726,-0.10295811295509338,-0.11700117588043213,-0.09932273626327515,-0.09601092338562012,-0.04946792125701904,-0.13443288207054138,-0.07350122928619385,-0.16616228222846985,-0.06964486837387085,-0.10813713073730469,-0.05680990219116211,-0.08572196960449219,-0.01762104034423828,-0.13986262679100037,-0.043585002422332764,-0.16788989305496216,-0.03924363851547241,-0.10768657922744751,-0.024604856967926025,-0.08772295713424683,0.02213311195373535,-0.13925909996032715,-0.005987107753753662,-0.16198164224624634,-0.007900059223175049,-0.1151576042175293,0.0034633278846740723,-0.0979507565498352
0,0.0,0.0,-0.0534854531288147,-0.021013379096984863,-0.09709370136260986,-0.07021141052246094,-0.12215188145637512,-0.11648416519165039,-0.14079546928405762,-0.14636221528053284,-0.06761664152145386,-0.12899726629257202,-0.09293484687805176,-0.16105002164840698,-0.08680951595306396,-0.11308223009109497,-0.07412898540496826,-0.09163838624954224,-0.04086035490036011,-0.13625910878181458,-0.06559956073760986,-0.16728639602661133,-0.05959796905517578,-0.1067383885383606,-0.04464375972747803,-0.09043091535568237,-0.010015130043029785,-0.13944968581199646,-0.03579479455947876,-0.16377106308937073,-0.031634390354156494,-0.10358226299285889,-0.017660677433013916,-0.08834820985794067,0.026071548461914062,-0.1372796595096588,-0.003084897994995117,-0.16121098399162292,-0.0042771100997924805,-0.1158643364906311,0.008760035037994385,-0.09931743144989014
0,0.0,0.0,-0.05294555425643921,-0.02389812469482422,-0.09444093704223633,-0.07394468784332275,-0.11228519678115845,-0.12456542253494263,-0.11735379695892334,-0.15900665521621704,-0.0639452338218689,-0.12503576278686523,-0.08709108829498291,-0.1604398488998413,-0.0854141116142273,-0.11778891086578369,-0.07355856895446777,-0.09798526763916016,-0.03809857368469238,-0.1322845220565796,-0.06178438663482666,-0.169722318649292,-0.06008636951446533,-0.11262935400009155,-0.045778870582580566,-0.09460794925689697,-0.007871925830841064,-0.1365596055984497,-0.03372514247894287,-0.1667783558368683,-0.032794952392578125,-0.10683780908584595,-0.017731010913848877,-0.08769124746322632,0.0282781720161438,-0.13602924346923828,-0.0021117329597473145,-0.16479989886283875,-0.0059722065925598145,-0.1192891001701355,0.007529854774475098,-0.0984121561050415
0,0.0,0.0,-0.05383169651031494,-0.014040946960449219,-0.09806245565414429,-0.06831419467926025,-0.1095266342163086,-0.1265484094619751,-0.101146399974823,-0.16603058576583862,-0.05995696783065796,-0.12380397319793701,-0.08343058824539185,-0.1588040590286255,-0.08209550380706787,-0.11253893375396729,-0.0693434476852417,-0.09151303768157959,-0.03358960151672363,-0.12971079349517822,-0.060598015785217285,-0.16535544395446777,-0.05617707967758179,-0.1029098629951477,-0.03892254829406738,-0.0857616662979126,-0.0040094852447509766,-0.1323651373386383,-0.03149843215942383,-0.15944787859916687,-0.028908252716064453,-0.09719032049179077,-0.012755870819091797,-0.08008432388305664,0.03114461898803711,-0.13099628686904907,0.0011436939239501953,-0.1568601429462433,-0.001140594482421875,-0.11117839813232422,0.012576699256896973,-0.09262138605117798
0,0.0,0.0,-0.05295002460479736,-0.01660323143005371,-0.09575015306472778,-0.06955736875534058,-0.10479706525802612,-0.12553918361663818,-0.09737551212310791,-0.16074970364570618,-0.06219375133514404,-0.12183165550231934,-0.08298385143280029,-0.15446147322654724,-0.08056282997131348,-0.10898631811141968,-0.06993615627288818,-0.08986753225326538,-0.03397083282470703,-0.12747806310653687,-0.05710911750793457,-0.16300538182258606,-0.05240267515182495,-0.10469871759414673,-0.03819018602371216,-0.08861511945724487,-0.0026380419731140137,-0.13032901287078857,-0.02726989984512329,-0.15961480140686035,-0.024444937705993652,-0.09974682331085205,-0.011061429977416992,-0.08275890350341797,0.034075379371643066,-0.128739595413208,0.005664944648742676,-0.154470294713974,0.004367828369140625,-0.10876810550689697,0.016784071922302246,-0.09102678298950195
0,0.0,0.0,-0.051619887351989746,-0.010461568832397461,-0.09539914131164551,-0.06795340776443481,-0.10442298650741577,-0.12237673997879028,-0.10148835182189941,-0.15359041094779968,-0.055443525314331055,-0.12308186292648315,-0.07148516178131104,-0.15787449479103088,-0.08579367399215698,-0.13640373945236206,-0.09002852439880371,-0.12260115146636963,-0.02730458974838257,-0.12662798166275024,-0.05102860927581787,-0.16176804900169373,-0.053066134452819824,-0.10348159074783325,-0.040514230728149414,-0.08555394411087036,0.0020699501037597656,-0.1265740990638733,-0.022439420223236084,-0.15509167313575745,-0.024964869022369385,-0.09637242555618286,-0.011084198951721191,-0.07720589637756348,0.03694528341293335,-0.1239171028137207,0.009219706058502197,-0.15140071511268616,0.004469871520996094,-0.10865658521652222,0.017112255096435547,-0.09011006355285645
0,0.0,0.0,-0.05482137203216553,-0.009217262268066406,-0.0994577407836914,-0.06997495889663696,-0.10508197546005249,-0.1329975128173828,-0.08907639980316162,-0.16980037093162537,-0.05772602558135986,-0.12610363960266113,-0.07573401927947998,-0.16399314999580383,-0.07960790395736694,-0.11647939682006836,-0.07192081212997437,-0.09139060974121094,-0.02930128574371338,-0.1314820647239685,-0.05220293998718262,-0.166743665933609,-0.05063283443450928,-0.10335248708724976,-0.03460639715194702,-0.08419162034988403,0.0007776021957397461,-0.13264495134353638,-0.023034095764160156,-0.16009411215782166,-0.022422969341278076,-0.09801733493804932,-0.0072692036628723145,-0.07845491170883179,0.03577691316604614,-0.12983542680740356,0.008509516716003418,-0.15461605787277222,0.006730973720550537,-0.10994064807891846,0.02034163475036621,-0.09272432327270508
0,0.0,0.0,-0.05526316165924072,-0.016077756881713867,-0.09630608558654785,-0.07605201005935669,-0.10134637355804443,-0.13600242137908936,-0.08825236558914185,-0.17302671074867249,-0.054708123207092285,-0.13398736715316772,-0.07009768486022949,-0.17499125003814697,-0.07684892416000366,-0.12939989566802979,-0.07163870334625244,-0.10552394390106201,-0.026554107666015625,-0.13696706295013428,-0.048421263694763184,-0.1719810664653778,-0.050668179988861084,-0.10798686742782593,-0.035659730434417725,-0.09314852952957153,0.0032849907875061035,-0.13649046421051025,-0.020481467247009277,-0.16398653388023376,-0.022993266582489014,-0.10112237930297852,-0.007818818092346191,-0.085823655128479,0.038997530937194824,-0.13332003355026245,0.01024782657623291,-0.16194307804107666,0.0033668875694274902,-0.11690938472747803,0.016154468059539795,-0.09902626276016235
0,0.0,0.0,-0.052996814250946045,-0.014158546924591064,-0.0972791314125061,-0.07568234205245972,-0.10165292024612427,-0.1429983377456665,-0.08101397752761841,-0.18258601427078247,-0.06144982576370239,-0.13161832094192505,-0.08108770847320557,-0.1692417562007904,-0.0824090838432312,-0.11964923143386841,-0.07320457696914673,-0.10126638412475586,-0.031805992126464844,-0.13646084070205688,-0.05545288324356079,-0.17211222648620605,-0.05294305086135864,-0.10532432794570923,-0.03671962022781372,-0.09405255317687988,-0.001008749008178711,-0.13892406225204468,-0.026567041873931885,-0.16594457626342773,-0.024864137172698975,-0.10010772943496704,-0.00834953784942627,-0.08854711055755615,0.03451693058013916,-0.13836771249771118,0.003574073314666748,-0.16224968433380127,0.002123713493347168,-0.11624324321746826,0.01738685369491577,-0.1036292314529419
0,0.0,0.0,-0.052101314067840576,-0.015271127223968506,-0.09529703855514526,-0.07496100664138794,-0.10379987955093384,-0.1390383243560791,-0.08810800313949585,-0.17874377965927124,-0.058178722858428955,-0.13238030672073364,-0.07592064142227173,-0.1700623631477356,-0.07989823818206787,-0.12382400035858154,-0.07239258289337158,-0.10321551561355591,-0.030527710914611816,-0.1365181803703308,-0.05295228958129883,-0.17312905192375183,-0.05331689119338989,-0.1062275767326355,-0.03812795877456665,-0.09104567766189575,-0.0005635619163513184,-0.13749998807907104,-0.024296820163726807,-0.1671282947063446,-0.02572941780090332,-0.10026377439498901,-0.011020362377166748,-0.08333063125610352,0.03494000434875488,-0.13526427745819092,0.0064781904220581055,-0.16358858346939087,0.0011314749717712402,-0.11786073446273804,0.013812065124511719,-0.10011118650436401
0,0.0,0.0,-0.048579633235931396,-0.0141410231590271,-0.09607768058776855,-0.06989037990570068,-0.1090509295463562,-0.1356174349784851,-0.08985453844070435,-0.177875816822052,-0.05967390537261963,-0.12670093774795532,-0.07997721433639526,-0.16679084300994873,-0.08162909746170044,-0.11800545454025269,-0.072745680809021,-0.10057973861694336,-0.031977832317352295,-0.13290566205978394,-0.05621302127838135,-0.16990113258361816,-0.05495649576187134,-0.10336875915527344,-0.040181756019592285,-0.09517788887023926,-0.0020883679389953613,-0.13590335845947266,-0.027025341987609863,-0.16655802726745605,-0.027836084365844727,-0.10085994005203247,-0.01410764455795288,-0.08865386247634888,0.032869577407836914,-0.13608837127685547,0.005034983158111572,-0.1647937297821045,0.0004067420959472656,-0.12053424119949341,0.012554824352264404,-0.10500246286392212
0,0.0,0.0,-0.05005854368209839,-0.0054451823234558105,-0.10278439521789551,-0.06255245208740234,-0.119781494140625,-0.12749457359313965,-0.10916203260421753,-0.1654565930366516,-0.06942915916442871,-0.12317001819610596,-0.08623397350311279,-0.16276514530181885,-0.08790117502212524,-0.1109742522239685,-0.0824209451675415,-0.09376603364944458,-0.03897058963775635,-0.13033157587051392,-0.06087106466293335,-0.16421061754226685,-0.06030070781707764,-0.0985492467880249,-0.0482901930809021,-0.09016567468643188,-0.00815737247467041,-0.13484680652618408,-0.03057044744491577,-0.1619812250137329,-0.0316087007522583,-0.0978318452835083,-0.01971215009689331,-0.08478492498397827,0.026337742805480957,-0.13811105489730835,-0.0013107657432556152,-0.1628015637397766,-0.005446732044219971,-0.11759501695632935,0.005304574966430664,-0.10049265623092651
0,0.0,0.0,-0.055106282234191895,-0.00992518663406372,-0.10448294878005981,-0.060611724853515625,-0.11464440822601318,-0.1257936954498291,-0.09371787309646606,-0.1704627275466919,-0.06638866662979126,-0.12486481666564941,-0.08761614561080933,-0.16402781009674072,-0.0904313325881958,-0.11513203382492065,-0.08394306898117065,-0.09351283311843872,-0.03726464509963989,-0.13411450386047363,-0.06206071376800537,-0.16715699434280396,-0.06135368347167969,-0.1050533652305603,-0.048152923583984375,-0.09067320823669434,-0.007284402847290039,-0.13856089115142822,-0.03243833780288696,-0.16419368982315063,-0.03393995761871338,-0.10184144973754883,-0.021544992923736572,-0.08266466856002808,0.02832639217376709,-0.13963842391967773,-0.0017734169960021973,-0.1662113070487976,-0.00808042287826538,-0.12132924795150757,0.0011534690856933594,-0.09851109981536865
0,0.0,0.0,-0.056142210960388184,-0.007908642292022705,-0.10619401931762695,-0.05915963649749756,-0.11640095710754395,-0.12221437692642212,-0.0959731936454773,-0.16588062047958374,-0.06003677845001221,-0.12108546495437622,-0.08612996339797974,-0.1574336290359497,-0.09360909461975098,-0.11496502161026001,-0.08868604898452759,-0.08864343166351318,-0.032515525817871094,-0.1328161358833313,-0.0630117654800415,-0.1660434603691101,-0.06401932239532471,-0.1086421012878418,-0.05049866437911987,-0.08608710765838623,-0.0027962327003479004,-0.14033913612365723,-0.03517431020736694,-0.1648472547531128,-0.03688549995422363,-0.10369640588760376,-0.023876190185546875,-0.07813721895217896,0.032279372215270996,-0.14330101013183594,-0.004535555839538574,-0.15918612480163574,-0.010811567306518555,-0.11262035369873047,-0.000283658504486084,-0.08712399005889893
0,0.0,0.0,-0.055127620697021484,-0.001273512840270996,-0.11070507764816284,-0.06120508909225464,-0.12213402986526489,-0.1304759383201599,-0.09751749038696289,-0.17614489793777466,-0.06971240043640137,-0.12767738103866577,-0.10644030570983887,-0.1574457287788391,-0.10245341062545776,-0.10750764608383179,-0.0884709358215332,-0.09050828218460083,-0.04199427366256714,-0.14267367124557495,-0.08097130060195923,-0.17190468311309814,-0.0708627700805664,-0.10260617733001709,-0.05003708600997925,-0.09527051448822021,-0.01301562786102295,-0.15281367301940918,-0.05307126045227051,-0.167161226272583,-0.04555696249008179,-0.09582775831222534,-0.0250016450881958,-0.08859467506408691,0.02040994167327881,-0.1598724126815796,-0.023101806640625,-0.15670889616012573,-0.019555866718292236,-0.10644304752349854,5.6684017181396484e-05,-0.09977197647094727
0,0.0,0.0,-0.05982464551925659,-0.008090198040008545,-0.11479800939559937,-0.06494587659835815,-0.12318289279937744,-0.12832236289978027,-0.09569418430328369,-0.1740410327911377,-0.0732126235961914,-0.12644684314727783,-0.11567181348800659,-0.14900392293930054,-0.11651229858398438,-0.10148108005523682,-0.10511213541030884,-0.08338278532028198,-0.046353697776794434,-0.14387798309326172,-0.08950299024581909,-0.16852456331253052,-0.0782175064086914,-0.10334396362304688,-0.055457472801208496,-0.09199970960617065,-0.0176813006401062,-0.15513646602630615,-0.06299012899398804,-0.16789507865905762,-0.052035391330718994,-0.09811615943908691,-0.02908986806869507,-0.08884274959564209,0.016091465950012207,-0.16195905208587646,-0.031888723373413086,-0.1575908064842224,-0.02673053741455078,-0.10767418146133423,-0.005428194999694824,-0.09981513023376465
0,0.0,0.0,-0.05737459659576416,-0.00884544849395752,-0.11211240291595459,-0.06267744302749634,-0.12533563375473022,-0.1250072717666626,-0.10145151615142822,-0.17353004217147827,-0.06874006986618042,-0.13521265983581543,-0.11849665641784668,-0.14758169651031494,-0.1175241470336914,-0.09789562225341797,-0.1071515679359436,-0.07873588800430298,-0.04248678684234619,-0.15226340293884277,-0.09252071380615234,-0.16706979274749756,-0.07698160409927368,-0.10479050874710083,-0.05418121814727783,-0.0981026291847229,-0.014089822769165039,-0.16245728731155396,-0.06538939476013184,-0.16578412055969238,-0.050613582134246826,-0.09979349374771118,-0.027301669120788574,-0.09728413820266724,0.018410861492156982,-0.16604793071746826,-0.03191262483596802,-0.15288656949996948,-0.02309483289718628,-0.10568505525588989,-0.00019592046737670898,-0.10310840606689453
0,0.0,0.0,-0.057006120681762695,-0.004440605640411377,-0.11431598663330078,-0.0582728385925293,-0.1274116039276123,-0.1243278980255127,-0.10177892446517944,-0.173784077167511,-0.07167798280715942,-0.1306079626083374,-0.12260383367538452,-0.14685165882110596,-0.11443203687667847,-0.0955776572227478,-0.09758329391479492,-0.0789533257484436,-0.043981969356536865,-0.14872229099273682,-0.09359538555145264,-0.16546595096588135,-0.07660925388336182,-0.10113793611526489,-0.05326354503631592,-0.09446638822555542,-0.015238821506500244,-0.15939366817474365,-0.06515401601791382,-0.16363024711608887,-0.049765169620513916,-0.09686684608459473,-0.02661842107772827,-0.09409618377685547,0.017275750637054443,-0.1634920835494995,-0.03199326992034912,-0.15233439207077026,-0.022726058959960938,-0.10476118326187134,-0.00031948089599609375,-0.10182452201843262
0,0.0,0.0,-0.05740422010421753,-0.004916369915008545,-0.11268103122711182,-0.05519145727157593,-0.12630200386047363,-0.11869663000106812,-0.1068921685218811,-0.1707029938697815,-0.07843780517578125,-0.13597023487091064,-0.13292336463928223,-0.13438457250595093,-0.13427674770355225,-0.08113473653793335,-0.12507623434066772,-0.05335056781768799,-0.04967111349105835,-0.15528255701065063,-0.1039196252822876,-0.16005539894104004,-0.08586806058883667,-0.09731167554855347,-0.06176108121871948,-0.08507323265075684,-0.01881730556488037,-0.1647743582725525,-0.07290476560592651,-0.16041439771652222,-0.05484879016876221,-0.09447133541107178,-0.0311242938041687,-0.08928185701370239,0.016306519508361816,-0.1659650206565857,-0.03633338212966919,-0.14688032865524292,-0.02535867691040039,-0.09949159622192383,-0.002904236316680908,-0.09703117609024048
0,0.0,0.0,-0.04774516820907593,-0.011858642101287842,-0.09902405738830566,-0.062268972396850586,-0.11619257926940918,-0.12017029523849487,-0.10729992389678955,-0.16830706596374512,-0.06437969207763672,-0.15120595693588257,-0.10695463418960571,-0.15517836809158325,-0.12997421622276306,-0.1379004716873169,-0.14874207973480225,-0.13294684886932373,-0.036308348178863525,-0.16981124877929688,-0.08782237768173218,-0.16605180501937866,-0.07181322574615479,-0.1059463620185852,-0.05121946334838867,-0.0954332947731018,-0.007149696350097656,-0.17462563514709473,-0.06265431642532349,-0.16061753034591675,-0.04731631278991699,-0.09967398643493652,-0.027409017086029053,-0.09395146369934082,0.024117469787597656,-0.16836094856262207,-0.02935922145843506,-0.14587342739105225,-0.01974809169769287,-0.09965014457702637,0.0010237693786621094,-0.09489250183105469
0,0.0,0.0,-0.05336892604827881,-0.00755000114440918,-0.10470181703567505,-0.059540629386901855,-0.1203961968421936,-0.12193059921264648,-0.10599708557128906,-0.16995006799697876,-0.05685311555862427,-0.16328281164169312,-0.10540813207626343,-0.1598617434501648,-0.09607166051864624,-0.10681700706481934,-0.0806456208229065,-0.0864870548248291,-0.030027449131011963,-0.17934143543243408,-0.08813732862472534,-0.16730785369873047,-0.07073026895523071,-0.10468769073486328,-0.04779571294784546,-0.09678751230239868,-0.005119800567626953,-0.18207120895385742,-0.0645175576210022,-0.16032159328460693,-0.04774659872055054,-0.09727126359939575,-0.026420533657073975,-0.09299540519714355,0.019101321697235107,-0.1724420189857483,-0.03733021020889282,-0.14071303606033325,-0.026611745357513428,-0.0939672589302063,-0.005615830421447754,-0.09119296073913574
0,0.0,0.0,-0.059149086475372314,-0.00948786735534668,-0.11169707775115967,-0.06235283613204956,-0.12413299083709717,-0.1229817271232605,-0.1083376407623291,-0.17095091938972473,-0.06138813495635986,-0.1616244912147522,-0.10930675268173218,-0.15715903043746948,-0.09808182716369629,-0.10153412818908691,-0.0790032148361206,-0.08052653074264526,-0.033379971981048584,-0.17670336365699768,-0.09030330181121826,-0.16771277785301208,-0.07486307621002197,-0.10338765382766724,-0.051508545875549316,-0.08944493532180786,-0.007821798324584961,-0.18040308356285095,-0.06783324480056763,-0.1624426245689392,-0.053229331970214844,-0.09818834066390991,-0.03122764825820923,-0.08749496936798096,0.016968190670013428,-0.17249876260757446,-0.041244328022003174,-0.14543861150741577,-0.032830119132995605,-0.09835588932037354,-0.012056052684783936,-0.09044241905212402
0,0.0,0.0,-0.055974364280700684,-0.014471948146820068,-0.10176914930343628,-0.06705087423324585,-0.11267232894897461,-0.12493860721588135,-0.10453605651855469,-0.17483025789260864,-0.05228996276855469,-0.1637578010559082,-0.09058517217636108,-0.1678563952445984,-0.09207212924957275,-0.11920177936553955,-0.08387148380279541,-0.09281444549560547,-0.026284992694854736,-0.1744476556777954,-0.07740139961242676,-0.17070841789245605,-0.0706670880317688,-0.11041659116744995,-0.05183476209640503,-0.0918915867805481,-0.0016147494316101074,-0.17400982975959778,-0.05712252855300903,-0.16153639554977417,-0.048581480979919434,-0.10210210084915161,-0.02989250421524048,-0.08818084001541138,0.0228041410446167,-0.16245689988136292,-0.03136509656906128,-0.1449650526046753,-0.02706235647201538,-0.10060113668441772,-0.008970975875854492,-0.08973503112792969
0,0.0,0.0,-0.05834066867828369,-0.01166921854019165,-0.10492420196533203,-0.06708145141601562,-0.11879658699035645,-0.12328290939331055,-0.11371564865112305,-0.1705460548400879,-0.05988520383834839,-0.16909369826316833,-0.10480672121047974,-0.17018312215805054,-0.09337681531906128,-0.11414074897766113,-0.07367980480194092,-0.09675508737564087,-0.03295105695724487,-0.1792525351047516,-0.08486950397491455,-0.1714732050895691,-0.07311141490936279,-0.10953480005264282,-0.05214500427246094,-0.09975826740264893,-0.006851613521575928,-0.17817962169647217,-0.06078583002090454,-0.16126352548599243,-0.04989969730377197,-0.09938317537307739,-0.030052542686462402,-0.09215128421783447,0.018853604793548584,-0.1659955382347107,-0.03430473804473877,-0.14466989040374756,-0.028289794921875,-0.09757184982299805,-0.00932765007019043,-0.08956760168075562
0,0.0,0.0,-0.05712765455245972,-0.013026654720306396,-0.10684442520141602,-0.06777966022491455,-0.12098488211631775,-0.12625420093536377,-0.11288648843765259,-0.17265638709068298,-0.06440317630767822,-0.1720893383026123,-0.11007189750671387,-0.17116999626159668,-0.10043543577194214,-0.11877137422561646,-0.08300328254699707,-0.09622752666473389,-0.03567397594451904,-0.18398571014404297,-0.08860582113265991,-0.17461654543876648,-0.07582414150238037,-0.11259537935256958,-0.055421531200408936,-0.09870964288711548,-0.007928133010864258,-0.18263936042785645,-0.063728928565979,-0.16516301035881042,-0.05087929964065552,-0.10458117723464966,-0.031874895095825195,-0.094998300075531,0.018940746784210205,-0.16932767629623413,-0.03518885374069214,-0.14536893367767334,-0.027634739875793457,-0.10093045234680176,-0.009319126605987549,-0.094149649143219
0,0.0,0.0,-0.05722332000732422,-0.0113411545753479,-0.1085590124130249,-0.06541043519973755,-0.12787160277366638,-0.12116467952728271,-0.1316920518875122,-0.1649763286113739,-0.06659841537475586,-0.17071214318275452,-0.1129499077796936,-0.1711846888065338,-0.10861742496490479,-0.12000352144241333,-0.09602582454681396,-0.09480410814285278,-0.03839844465255737,-0.18199104070663452,-0.09258198738098145,-0.17359688878059387,-0.079917311668396,-0.11051285266876221,-0.06083625555038452,-0.09319794178009033,-0.011942088603973389,-0.18119248747825623,-0.06937658786773682,-0.16732144355773926,-0.05605894327163696,-0.10531717538833618,-0.03768420219421387,-0.08968311548233032,0.012611925601959229,-0.16971778869628906,-0.04085087776184082,-0.15053507685661316,-0.03377348184585571,-0.10501277446746826,-0.016583621501922607,-0.094154953956604
0,0.0,0.0,-0.06043952703475952,-0.012844622135162354,-0.11540195345878601,-0.06587499380111694,-0.1317754089832306,-0.12397783994674683,-0.1238255500793457,-0.1709417700767517,-0.0736684799194336,-0.16643834114074707,-0.11809283494949341,-0.16835403442382812,-0.1195504367351532,-0.11789250373840332,-0.11163640022277832,-0.09279805421829224,-0.046335041522979736,-0.17856565117835999,-0.0958031415939331,-0.16984662413597107,-0.08269232511520386,-0.10573279857635498,-0.06306076049804688,-0.08639180660247803,-0.01907980442047119,-0.17993652820587158,-0.07225567102432251,-0.1615394651889801,-0.056428492069244385,-0.09943091869354248,-0.03636282682418823,-0.08444595336914062,0.00841754674911499,-0.17201918363571167,-0.04573291540145874,-0.1466553509235382,-0.033579111099243164,-0.10188251733779907,-0.013076603412628174,-0.09356439113616943
0,0.0,0.0,-0.06116127967834473,-0.015709877014160156,-0.1183769702911377,-0.06953233480453491,-0.13531148433685303,-0.12645477056503296,-0.120968759059906,-0.17127206921577454,-0.07139164209365845,-0.16415509581565857,-0.1145552396774292,-0.16671553254127502,-0.12518638372421265,-0.12936002016067505,-0.12771347165107727,-0.10805255174636841,-0.043620765209198,-0.17686307430267334,-0.09396117925643921,-0.16890421509742737,-0.08129501342773438,-0.10808342695236206,-0.06205189228057861,-0.08687931299209595,-0.016040146350860596,-0.17819783091545105,-0.07195287942886353,-0.16231217980384827,-0.05644899606704712,-0.10276550054550171,-0.036554813385009766,-0.08599460124969482,0.011528074741363525,-0.1686987578868866,-0.04273158311843872,-0.14595824480056763,-0.032180190086364746,-0.10274028778076172,-0.012640178203582764,-0.09285175800323486
0,0.0,0.0,-0.051371753215789795,-0.006540358066558838,-0.10933864116668701,-0.054307639598846436,-0.13364586234092712,-0.10907948017120361,-0.12873369455337524,-0.152772456407547,-0.07476896047592163,-0.15466150641441345,-0.11552935838699341,-0.165571928024292,-0.1280832290649414,-0.135724276304245,-0.13475143909454346,-0.11898201704025269,-0.044909775257110596,-0.17083516716957092,-0.0931578278541565,-0.1652405858039856,-0.08206599950790405,-0.10595178604125977,-0.0649450421333313,-0.09234780073165894,-0.015951871871948242,-0.17281502485275269,-0.06885820627212524,-0.15761756896972656,-0.055447161197662354,-0.0990447998046875,-0.036801040172576904,-0.08968263864517212,0.012658774852752686,-0.16454052925109863,-0.039695024490356445,-0.14299893379211426,-0.031195402145385742,-0.09637618064880371,-0.012589454650878906,-0.08732616901397705
0,0.0,0.0,-0.05395340919494629,-0.010562777519226074,-0.11482816934585571,-0.055996477603912354,-0.14193826913833618,-0.11062687635421753,-0.12836027145385742,-0.1542576253414154,-0.08168411254882812,-0.14968815445899963,-0.12019351124763489,-0.160160094499588,-0.11068639159202576,-0.10842370986938477,-0.09426331520080566,-0.08580213785171509,-0.054042816162109375,-0.1634974181652069,-0.0968366265296936,-0.1618976891040802,-0.08203125,-0.10317111015319824,-0.06258243322372437,-0.09023970365524292,-0.02533191442489624,-0.16781392693519592,-0.07200568914413452,-0.15908274054527283,-0.05602419376373291,-0.10025560855865479,-0.03640872240066528,-0.08830541372299194,0.005068659782409668,-0.16358321905136108,-0.043911516666412354,-0.1477341651916504,-0.033345818519592285,-0.10039478540420532,-0.014167070388793945,-0.08804726600646973
0,0.0,0.0,-0.05623209476470947,-0.017025291919708252,-0.11806493997573853,-0.06148850917816162,-0.14603960514068604,-0.11411595344543457,-0.12747541069984436,-0.15372157096862793,-0.08720201253890991,-0.15608060359954834,-0.1242179274559021,-0.1574247181415558,-0.11217880249023438,-0.10411578416824341,-0.09527534246444702,-0.0892946720123291,-0.058777451515197754,-0.16971313953399658,-0.0999518632888794,-0.1622595191001892,-0.0854232907295227,-0.10267812013626099,-0.06616085767745972,-0.09214317798614502,-0.02977043390274048,-0.17359068989753723,-0.07559341192245483,-0.1594831645488739,-0.05929332971572876,-0.10112863779067993,-0.039797067642211914,-0.09292280673980713,0.0008777379989624023,-0.16763484477996826,-0.048695921897888184,-0.14506441354751587,-0.03626328706741333,-0.09871983528137207,-0.015902221202850342,-0.0904584527015686
0,0.0,0.0,-0.06143331527709961,-0.005511939525604248,-0.12440618872642517,-0.04286855459213257,-0.14978769421577454,-0.0957384705543518,-0.13475149869918823,-0.14246225357055664,-0.09701353311538696,-0.14113491773605347,-0.1374359130859375,-0.142034113407135,-0.12102898955345154,-0.08891957998275757,-0.10043978691101074,-0.07362794876098633,-0.06974226236343384,-0.1582709550857544,-0.11238300800323486,-0.15233784914016724,-0.09368705749511719,-0.09039980173110962,-0.07188516855239868,-0.0819360613822937,-0.041090428829193115,-0.1671467423439026,-0.08566942811012268,-0.1515352427959442,-0.06702125072479248,-0.09153860807418823,-0.04550826549530029,-0.08568084239959717,-0.01004791259765625,-0.16833627223968506,-0.057344794273376465,-0.13886141777038574,-0.043302178382873535,-0.0942808985710144,-0.02209794521331787,-0.09115660190582275
0,0.0,0.0,-0.05810284614562988,-1.0132789611816406e-06,-0.12159636616706848,-0.03777778148651123,-0.14811822772026062,-0.09289497137069702,-0.13807666301727295,-0.14326462149620056,-0.10065704584121704,-0.1304062306880951,-0.1364118456840515,-0.1343541145324707,-0.11921486258506775,-0.08265584707260132,-0.0989338755607605,-0.06658709049224854,-0.0735863447189331,-0.15128487348556519,-0.11223754286766052,-0.14906707406044006,-0.09082883596420288,-0.09044408798217773,-0.06832027435302734,-0.07993042469024658,-0.044518351554870605,-0.16405415534973145,-0.08472919464111328,-0.15011543035507202,-0.06408637762069702,-0.09210622310638428,-0.04391127824783325,-0.08337664604187012,-0.012280106544494629,-0.16988003253936768,-0.0549166202545166,-0.14070025086402893,-0.04036366939544678,-0.09655410051345825,-0.021023869514465332,-0.09098970890045166
0,0.0,0.0,-0.05850625038146973,0.0023508071899414062,-0.12168002128601074,-0.03703242540359497,-0.14742672443389893,-0.08979678153991699,-0.1432880461215973,-0.13484793901443481,-0.09585028886795044,-0.13667148351669312,-0.1355128288269043,-0.13032755255699158,-0.11698004603385925,-0.0814465880393982,-0.09624934196472168,-0.06673324108123779,-0.07081705331802368,-0.15556278824806213,-0.11338156461715698,-0.1445063352584839,-0.09050914645195007,-0.08773136138916016,-0.06839662790298462,-0.07580423355102539,-0.043663978576660156,-0.1669939160346985,-0.08726754784584045,-0.14596164226531982,-0.06477242708206177,-0.09065765142440796,-0.04428279399871826,-0.08152627944946289,-0.01393502950668335,-0.170723557472229,-0.05567580461502075,-0.13986054062843323,-0.040236592292785645,-0.09789270162582397,-0.021145999431610107,-0.09338873624801636
0,0.0,0.0,-0.05913388729095459,0.003621339797973633,-0.12166720628738403,-0.03042834997177124,-0.1459561586380005,-0.08315938711166382,-0.13607370853424072,-0.12947088479995728,-0.09899160265922546,-0.12098351120948792,-0.13673913478851318,-0.12000423669815063,-0.11745262145996094,-0.07239431142807007,-0.09768030047416687,-0.06060260534286499,-0.07390803098678589,-0.14264211058616638,-0.11374351382255554,-0.13738572597503662,-0.09008315205574036,-0.08122307062149048,-0.06841588020324707,-0.07465523481369019,-0.04562985897064209,-0.15716129541397095,-0.08590501546859741,-0.1402168869972229,-0.0636337399482727,-0.0836058259010315,-0.04426383972167969,-0.07835900783538818,-0.012982368469238281,-0.16434374451637268,-0.05379360914230347,-0.1347554624080658,-0.03910261392593384,-0.09124761819839478,-0.02045619487762451,-0.08790171146392822
0,0.0,0.0,-0.054590463638305664,0.006046473979949951,-0.11585915088653564,-0.025209009647369385,-0.14213666319847107,-0.07743465900421143,-0.13046911358833313,-0.12803593277931213,-0.09949338436126709,-0.11710008978843689,-0.13482964038848877,-0.11597856879234314,-0.11527439951896667,-0.06752651929855347,-0.09673893451690674,-0.05875444412231445,-0.0738016664981842,-0.14003142714500427,-0.10993245244026184,-0.13512077927589417,-0.08712974190711975,-0.07659012079238892,-0.06750690937042236,-0.07290518283843994,-0.04452234506607056,-0.15500560402870178,-0.07990539073944092,-0.13778778910636902,-0.058392345905303955,-0.07908916473388672,-0.04052251577377319,-0.07709968090057373,-0.010137200355529785,-0.16355490684509277,-0.047970712184906006,-0.1345662772655487,-0.03402578830718994,-0.08989894390106201,-0.016439318656921387,-0.08828544616699219
0,0.0,0.0,-0.05338698625564575,0.008829295635223389,-0.11752745509147644,-0.02065300941467285,-0.14622312784194946,-0.07372188568115234,-0.13298842310905457,-0.1257290244102478,-0.10171633958816528,-0.11853379011154175,-0.13981497287750244,-0.1114577054977417,-0.11563360691070557,-0.062121808528900146,-0.09587714076042175,-0.05869603157043457,-0.07438459992408752,-0.1420433521270752,-0.11268529295921326,-0.1311379373073578,-0.0869450569152832,-0.07240676879882812,-0.06773996353149414,-0.07375919818878174,-0.04481297731399536,-0.15663281083106995,-0.08084464073181152,-0.13413390517234802,-0.058044493198394775,-0.07530218362808228,-0.040864408016204834,-0.07677823305130005,-0.010930895805358887,-0.16460633277893066,-0.048029184341430664,-0.13245877623558044,-0.03413110971450806,-0.08712601661682129,-0.01756364107131958,-0.08648872375488281
0,0.0,0.0,-0.05307048559188843,0.007834851741790771,-0.1171576976776123,-0.022120177745819092,-0.14621564745903015,-0.07434362173080444,-0.1322321593761444,-0.12596088647842407,-0.1007344126701355,-0.12223166227340698,-0.1392114758491516,-0.112794429063797,-0.11576727032661438,-0.06409680843353271,-0.09540241956710815,-0.060153186321258545,-0.07390281558036804,-0.14460337162017822,-0.1124427318572998,-0.13009995222091675,-0.08679106831550598,-0.07218098640441895,-0.0670531690120697,-0.07334250211715698,-0.04499131441116333,-0.15777212381362915,-0.08166658878326416,-0.13348206877708435,-0.059422850608825684,-0.07538330554962158,-0.041659653186798096,-0.0761534571647644,-0.01220768690109253,-0.16387376189231873,-0.050046682357788086,-0.13191956281661987,-0.03727221488952637,-0.08747333288192749,-0.020573079586029053,-0.08603298664093018
0,0.0,0.0,-0.050222575664520264,0.006320178508758545,-0.11296632885932922,-0.026346325874328613,-0.1410614550113678,-0.0784982442855835,-0.12716913223266602,-0.12818825244903564,-0.1003522276878357,-0.12476766109466553,-0.1342756450176239,-0.11580276489257812,-0.11318367719650269,-0.06497550010681152,-0.0964747965335846,-0.06266850233078003,-0.07321706414222717,-0.14748656749725342,-0.10844996571540833,-0.13361230492591858,-0.08452677726745605,-0.07166099548339844,-0.06707820296287537,-0.0752640962600708,-0.043157756328582764,-0.1605829894542694,-0.0760994553565979,-0.1353403925895691,-0.05495351552963257,-0.07402223348617554,-0.03917974233627319,-0.07869648933410645,-0.008487045764923096,-0.1673506796360016,-0.04466724395751953,-0.13499528169631958,-0.032060086727142334,-0.08847647905349731,-0.016347050666809082,-0.08977943658828735
0,0.0,0.0,-0.04931122064590454,0.00858306884765625,-0.11432334780693054,-0.022815346717834473,-0.1447972059249878,-0.07508963346481323,-0.12818673253059387,-0.12477844953536987,-0.10406973958015442,-0.12116238474845886,-0.13838398456573486,-0.11178547143936157,-0.11585468053817749,-0.0628473162651062,-0.09892702102661133,-0.062493085861206055,-0.07650429010391235,-0.14574655890464783,-0.11227309703826904,-0.13200974464416504,-0.08754348754882812,-0.07041996717453003,-0.07004478573799133,-0.07432836294174194,-0.04592573642730713,-0.15982317924499512,-0.07879748940467834,-0.13363566994667053,-0.057439982891082764,-0.07291650772094727,-0.04179251194000244,-0.07814323902130127,-0.010698437690734863,-0.16707965731620789,-0.045986294746398926,-0.13366791605949402,-0.03338879346847534,-0.08720070123672485,-0.01801520586013794,-0.08824747800827026
0,0.0,0.0,-0.050008177757263184,0.00933825969696045,-0.11546763777732849,-0.022548675537109375,-0.14624661207199097,-0.07373178005218506,-0.1328621804714203,-0.12475189566612244,-0.1092795729637146,-0.12362563610076904,-0.14229393005371094,-0.11213189363479614,-0.11915349960327148,-0.06200629472732544,-0.10326212644577026,-0.06438946723937988,-0.08151385188102722,-0.14872106909751892,-0.11552852392196655,-0.1316244900226593,-0.09031647443771362,-0.06925654411315918,-0.07351183891296387,-0.07696294784545898,-0.050453007221221924,-0.16227495670318604,-0.0811496376991272,-0.13327819108963013,-0.06002146005630493,-0.07181835174560547,-0.04568082094192505,-0.08062535524368286,-0.014880597591400146,-0.1692996621131897,-0.04789477586746216,-0.13228505849838257,-0.03612673282623291,-0.08545446395874023,-0.02229231595993042,-0.08923739194869995
0,0.0,0.0,-0.0521199107170105,0.005524992942810059,-0.11705026030540466,-0.02775561809539795,-0.14640653133392334,-0.07783985137939453,-0.13130611181259155,-0.12659037113189697,-0.10555672645568848,-0.12487241625785828,-0.1391015648841858,-0.11707454919815063,-0.11818557977676392,-0.06755459308624268,-0.10343071818351746,-0.06879299879074097,-0.07840988039970398,-0.14743077754974365,-0.11324805021286011,-0.13291919231414795,-0.08873635530471802,-0.07186508178710938,-0.07199722528457642,-0.07912981510162354,-0.048253417015075684,-0.16101086139678955,-0.08079615235328674,-0.1353013515472412,-0.059456050395965576,-0.07474982738494873,-0.04466468095779419,-0.08173167705535889,-0.013642668724060059,-0.1685045063495636,-0.048328518867492676,-0.13763898611068726,-0.036470770835876465,-0.09083956480026245,-0.02205747365951538,-0.09224879741668701
0,0.0,0.0,-0.050668954849243164,0.008501768112182617,-0.1166144609451294,-0.023490607738494873,-0.1484796106815338,-0.07510697841644287,-0.13393190503120422,-0.1261305809020996,-0.1066288948059082,-0.12396025657653809,-0.14088007807731628,-0.11446970701217651,-0.11888536810874939,-0.06551718711853027,-0.10296961665153503,-0.06661725044250488,-0.0796978771686554,-0.14822787046432495,-0.11608248949050903,-0.1321929693222046,-0.09019413590431213,-0.07150232791900635,-0.07220688462257385,-0.07973092794418335,-0.04973524808883667,-0.16228532791137695,-0.08310249447822571,-0.13387131690979004,-0.060990989208221436,-0.07375270128250122,-0.045378029346466064,-0.0827987790107727,-0.015282511711120605,-0.1696377992630005,-0.05047851800918579,-0.13415414094924927,-0.03804725408554077,-0.08868563175201416,-0.022945165634155273,-0.09269797801971436
0,0.0,0.0,-0.051680028438568115,0.010263621807098389,-0.11891210079193115,-0.021027088165283203,-0.15025833249092102,-0.07457077503204346,-0.1337214708328247,-0.1252266764640808,-0.1092880368232727,-0.12232208251953125,-0.1450110673904419,-0.11038371920585632,-0.12111544609069824,-0.06157326698303223,-0.10412982106208801,-0.06304985284805298,-0.08215907216072083,-0.14801675081253052,-0.11962160468101501,-0.12981167435646057,-0.09222817420959473,-0.06874901056289673,-0.07379457354545593,-0.07642924785614014,-0.05176651477813721,-0.16222888231277466,-0.08618196845054626,-0.1328735649585724,-0.06322145462036133,-0.07137644290924072,-0.047505736351013184,-0.07959228754043579,-0.016674458980560303,-0.16944164037704468,-0.05242955684661865,-0.1315383017063141,-0.03961259126663208,-0.08454960584640503,-0.02478724718093872,-0.08839625120162964
0,0.0,0.0,-0.052692413330078125,0.010897517204284668,-0.11854356527328491,-0.021127939224243164,-0.14858302474021912,-0.07480132579803467,-0.13482710719108582,-0.12694257497787476,-0.10813933610916138,-0.12411481142044067,-0.1426326334476471,-0.11121848225593567,-0.1190531849861145,-0.06117701530456543,-0.10225054621696472,-0.06278955936431885,-0.08161339163780212,-0.14835327863693237,-0.11845794320106506,-0.13102149963378906,-0.09183883666992188,-0.06837821006774902,-0.0735015869140625,-0.07597339153289795,-0.05177503824234009,-0.1621875762939453,-0.08513268828392029,-0.13187098503112793,-0.06244158744812012,-0.06964236497879028,-0.04729217290878296,-0.07815444469451904,-0.01723301410675049,-0.1691451072692871,-0.05257105827331543,-0.13231948018074036,-0.03960615396499634,-0.08472734689712524,-0.024862945079803467,-0.08846485614776611
0,0.0,0.0,-0.05228811502456665,0.010908544063568115,-0.11830711364746094,-0.020851314067840576,-0.1483120322227478,-0.07437372207641602,-0.13479512929916382,-0.1264822781085968,-0.10798043012619019,-0.12305700778961182,-0.14372721314430237,-0.11221086978912354,-0.12031662464141846,-0.06164592504501343,-0.10345956683158875,-0.06214696168899536,-0.08130601048469543,-0.14729541540145874,-0.1191607117652893,-0.13105306029319763,-0.09263154864311218,-0.06803405284881592,-0.07442522048950195,-0.07474100589752197,-0.051496028900146484,-0.16130304336547852,-0.08597907423973083,-0.13181692361831665,-0.06322294473648071,-0.06910765171051025,-0.04808366298675537,-0.07698297500610352,-0.01694267988204956,-0.1684604287147522,-0.05305522680282593,-0.13158419728279114,-0.04000610113143921,-0.08375376462936401,-0.02520573139190674,-0.08740007877349854
0,0.0,0.0,-0.05192798376083374,0.009706556797027588,-0.11727732419967651,-0.02244478464126587,-0.14643827080726624,-0.07495737075805664,-0.13269025087356567,-0.12630152702331543,-0.10832512378692627,-0.1244371235370636,-0.14254623651504517,-0.11305755376815796,-0.12035790085792542,-0.06287646293640137,-0.1046583354473114,-0.06348270177841187,-0.08127224445343018,-0.14758720993995667,-0.11718067526817322,-0.13068920373916626,-0.09134241938591003,-0.06902939081192017,-0.07374465465545654,-0.07730180025100708,-0.05083686113357544,-0.16074085235595703,-0.08390399813652039,-0.1328504979610443,-0.062224507331848145,-0.0714038610458374,-0.04734927415847778,-0.0800204873085022,-0.01592010259628296,-0.16750496625900269,-0.050685107707977295,-0.13303375244140625,-0.03883737325668335,-0.08607089519500732,-0.024635612964630127,-0.0897260308265686
0,0.0,0.0,-0.055040836334228516,0.008910596370697021,-0.11852684617042542,-0.025184690952301025,-0.14418470859527588,-0.07935041189193726,-0.13083016872406006,-0.1299305558204651,-0.10424482822418213,-0.12129753828048706,-0.13910174369812012,-0.11756545305252075,-0.11892101168632507,-0.06642979383468628,-0.10144132375717163,-0.06139373779296875,-0.07754194736480713,-0.14372992515563965,-0.11311230063438416,-0.13282719254493713,-0.08966696262359619,-0.07209444046020508,-0.07126760482788086,-0.07585567235946655,-0.04762101173400879,-0.15697693824768066,-0.08147239685058594,-0.13502317667007446,-0.060836851596832275,-0.07427042722702026,-0.0448649525642395,-0.07824182510375977,-0.013282179832458496,-0.16388362646102905,-0.049888670444488525,-0.13323497772216797,-0.03749054670333862,-0.08792638778686523,-0.021817684173583984,-0.08994472026824951
0,0.0,0.0,-0.05597108602523804,0.011065423488616943,-0.12030953168869019,-0.026341378688812256,-0.14334499835968018,-0.0832706093788147,-0.12903982400894165,-0.13303926587104797,-0.1043175756931305,-0.12114512920379639,-0.13772600889205933,-0.12199023365974426,-0.11865517497062683,-0.0696442723274231,-0.10301733016967773,-0.06388956308364868,-0.07783833146095276,-0.1428067684173584,-0.1119299829006195,-0.1368279755115509,-0.08954551815986633,-0.0752989649772644,-0.07268735766410828,-0.07800799608230591,-0.048066675662994385,-0.1561450958251953,-0.08098563551902771,-0.14023873209953308,-0.061085522174835205,-0.0789061188697815,-0.04638314247131348,-0.08160394430160522,-0.013908326625823975,-0.1639167070388794,-0.04939931631088257,-0.13558977842330933,-0.03667247295379639,-0.09023994207382202,-0.02191704511642456,-0.09342139959335327
0,0.0,0.0,-0.0542752742767334,0.009704887866973877,-0.12173295021057129,-0.026086866855621338,-0.14932265877723694,-0.08014655113220215,-0.13351142406463623,-0.13012248277664185,-0.10610035061836243,-0.12176737189292908,-0.14072471857070923,-0.12193730473518372,-0.11995431780815125,-0.06887125968933105,-0.10412600636482239,-0.06444084644317627,-0.07960352301597595,-0.14474689960479736,-0.11464038491249084,-0.13680505752563477,-0.09029427170753479,-0.07502585649490356,-0.07305780053138733,-0.07934188842773438,-0.049955785274505615,-0.15911340713500977,-0.08268263936042786,-0.13803929090499878,-0.06111276149749756,-0.07718473672866821,-0.04641991853713989,-0.08245646953582764,-0.016276419162750244,-0.1670510470867157,-0.05050230026245117,-0.1332293450832367,-0.03673750162124634,-0.08840250968933105,-0.022218167781829834,-0.09311455488204956
0,0.0,0.0,-0.051708102226257324,0.007707834243774414,-0.11831066012382507,-0.026623070240020752,-0.14694392681121826,-0.08135080337524414,-0.13051187992095947,-0.13336655497550964,-0.10391989350318909,-0.12240055203437805,-0.1387358009815216,-0.12056431174278259,-0.11840024590492249,-0.06595885753631592,-0.10279002785682678,-0.06033480167388916,-0.0773603618144989,-0.14695870876312256,-0.11342483758926392,-0.138658344745636,-0.08843523263931274,-0.07603192329406738,-0.07106465101242065,-0.08033609390258789,-0.04695218801498413,-0.16203853487968445,-0.0797109603881836,-0.13960978388786316,-0.05730414390563965,-0.07872897386550903,-0.04276323318481445,-0.08538657426834106,-0.011850893497467041,-0.17085671424865723,-0.04586005210876465,-0.13837328553199768,-0.03277111053466797,-0.0919121503829956,-0.01917111873626709,-0.09549099206924438
0,0.0,0.0,-0.05260622501373291,0.005667567253112793,-0.11745810508728027,-0.0288313627243042,-0.146413654088974,-0.08166283369064331,-0.1288774013519287,-0.1314271092414856,-0.10163626074790955,-0.13157176971435547,-0.13845503330230713,-0.12066245079040527,-0.11626866459846497,-0.06790798902511597,-0.09993359446525574,-0.0672374963760376,-0.07413944602012634,-0.15490233898162842,-0.11262774467468262,-0.13674169778823853,-0.08614805340766907,-0.07349187135696411,-0.06812536716461182,-0.08011317253112793,-0.044174790382385254,-0.16764691472053528,-0.08009201288223267,-0.13797590136528015,-0.057059526443481445,-0.07611316442489624,-0.04126691818237305,-0.08433926105499268,-0.010381042957305908,-0.1726837456226349,-0.0472792387008667,-0.13423287868499756,-0.03336155414581299,-0.08892351388931274,-0.018125057220458984,-0.09488904476165771
0,0.0,0.0,-0.05268454551696777,0.009204626083374023,-0.11874651908874512,-0.024577736854553223,-0.14765095710754395,-0.08054375648498535,-0.1324707269668579,-0.13266479969024658,-0.1068221926689148,-0.1265752613544464,-0.14254114031791687,-0.11603397130966187,-0.11890247464179993,-0.06454586982727051,-0.10117995738983154,-0.06593245267868042,-0.07906132936477661,-0.15168496966362,-0.11569708585739136,-0.1340492069721222,-0.08878016471862793,-0.07215529680252075,-0.07025319337844849,-0.0806800127029419,-0.04851251840591431,-0.16499114036560059,-0.08148819208145142,-0.13629773259162903,-0.058704376220703125,-0.07555854320526123,-0.0433921217918396,-0.08598053455352783,-0.013277113437652588,-0.17106586694717407,-0.04836243391036987,-0.13278406858444214,-0.03435814380645752,-0.08749479055404663,-0.019585490226745605,-0.09479016065597534
1,0.0,0.0,-0.06782138347625732,-0.042981505393981934,-0.11563572287559509,-0.11544251441955566,-0.14873579144477844,-0.1797197461128235,-0.18195125460624695,-0.22323882579803467,-0.04737502336502075,-0.23333334922790527,-0.0579838752746582,-0.3251355290412903,-0.06294751167297363,-0.38084274530410767,-0.06463867425918579,-0.4300663471221924,-0.0036394596099853516,-0.24000704288482666,-0.0005257129669189453,-0.3363457918167114,0.0024489760398864746,-0.3959003686904907,0.006698429584503174,-0.4463680386543274,0.03437328338623047,-0.22553938627243042,0.05483829975128174,-0.3078670799732208,0.0677836537361145,-0.36008989810943604,0.07820779085159302,-0.40648818016052246,0.06791865825653076,-0.1969301700592041,0.09268373250961304,-0.26059240102767944,0.10742330551147461,-0.30235573649406433,0.12027382850646973,-0.34397268295288086
1,0.0,0.0,-0.06717592477798462,-0.04212236404418945,-0.11577180027961731,-0.11477750539779663,-0.1493336260318756,-0.17910993099212646,-0.18210795521736145,-0.2229265570640564,-0.04845154285430908,-0.23318207263946533,-0.059331655502319336,-0.32579275965690613,-0.06411498785018921,-0.3821491301059723,-0.06540590524673462,-0.43187612295150757,-0.004824340343475342,-0.24070996046066284,-0.0027101635932922363,-0.3370640277862549,0.0003110170364379883,-0.3972768783569336,0.004849553108215332,-0.4483846426010132,0.03359699249267578,-0.22674888372421265,0.05396401882171631,-0.30941885709762573,0.06715303659439087,-0.3614635765552521,0.0777844786643982,-0.40753573179244995,0.06777298450469971,-0.19806373119354248,0.09258896112442017,-0.26149696111679077,0.10722970962524414,-0.303342342376709,0.11990523338317871,-0.34472793340682983
1,0.0,0.0,-0.06871336698532104,-0.04086923599243164,-0.11661559343338013,-0.11359268426895142,-0.147901713848114,-0.17775887250900269,-0.1805800199508667,-0.2204933762550354,-0.04713571071624756,-0.23488813638687134,-0.057713985443115234,-0.32607224583625793,-0.062465667724609375,-0.38145726919174194,-0.06411731243133545,-0.4303578734397888,-0.0023564696311950684,-0.24161642789840698,0.0009058117866516113,-0.3380504250526428,0.003796398639678955,-0.397796630859375,0.007641315460205078,-0.4480496644973755,0.03625130653381348,-0.2271854281425476,0.056900203227996826,-0.31055721640586853,0.06919264793395996,-0.3627365827560425,0.07862085103988647,-0.40937143564224243,0.06994879245758057,-0.19820576906204224,0.09512835741043091,-0.2618066072463989,0.10944181680679321,-0.30350083112716675,0.12129217386245728,-0.3451306223869324
1,0.0,0.0,-0.06883138418197632,-0.039297401905059814,-0.11706960201263428,-0.11240279674530029,-0.14750367403030396,-0.17727893590927124,-0.18003517389297485,-0.2197277545928955,-0.04689139127731323,-0.23297560214996338,-0.05799984931945801,-0.3249813914299011,-0.06375324726104736,-0.3812505006790161,-0.06622296571731567,-0.43091028928756714,-0.002388894557952881,-0.24074965715408325,0.0014367103576660156,-0.3377048969268799,0.0038186311721801758,-0.39844608306884766,0.006874144077301025,-0.44916707277297974,0.03626132011413574,-0.22754931449890137,0.05665791034698486,-0.31216707825660706,0.0688014030456543,-0.36525481939315796,0.07791751623153687,-0.41238003969192505,0.07021540403366089,-0.19962835311889648,0.09619796276092529,-0.2637098431587219,0.11098146438598633,-0.30585888028144836,0.12308168411254883,-0.34727272391319275
1,0.0,0.0,-0.06837242841720581,-0.03962123394012451,-0.11682900786399841,-0.11348682641983032,-0.14728647470474243,-0.17798978090286255,-0.1789616346359253,-0.21990782022476196,-0.046380043029785156,-0.23426997661590576,-0.05796968936920166,-0.32699573040008545,-0.0638127326965332,-0.3831528425216675,-0.0664638876914978,-0.4327072501182556,-0.0017485618591308594,-0.24147212505340576,0.0018514394760131836,-0.33873599767684937,0.003822803497314453,-0.40011394023895264,0.0061370134353637695,-0.45126503705978394,0.03664231300354004,-0.22781431674957275,0.05751317739486694,-0.31266823410987854,0.06950873136520386,-0.3659931421279907,0.0782131552696228,-0.4133240580558777,0.07012981176376343,-0.19995731115341187,0.09680616855621338,-0.26502251625061035,0.11211484670639038,-0.3074136972427368,0.12454444169998169,-0.34900951385498047
1,0.0,0.0,-0.06840363144874573,-0.039285242557525635,-0.11751651763916016,-0.11146461963653564,-0.14834439754486084,-0.1763271689414978,-0.18070706725120544,-0.2194187045097351,-0.04749995470046997,-0.23351532220840454,-0.05969268083572388,-0.3261938989162445,-0.06605446338653564,-0.38227200508117676,-0.06899413466453552,-0.4324827492237091,-0.0029062628746032715,-0.24132341146469116,-0.00012320280075073242,-0.3391457796096802,0.0016547441482543945,-0.40149348974227905,0.004093587398529053,-0.4538177251815796,0.03544491529464722,-0.22766834497451782,0.056445956230163574,-0.3133009672164917,0.06859177350997925,-0.3671606183052063,0.07737308740615845,-0.41495129466056824,0.06892180442810059,-0.1996605396270752,0.0956108570098877,-0.2655908167362213,0.1104421615600586,-0.30832692980766296,0.12224441766738892,-0.3501206338405609
1,0.0,0.0,-0.0689130425453186,-0.037975013256073,-0.11856427788734436,-0.10798901319503784,-0.1504269242286682,-0.1720598340034485,-0.1831074357032776,-0.21601903438568115,-0.050022244453430176,-0.23318755626678467,-0.06175750494003296,-0.3252704441547394,-0.06791239976882935,-0.38082650303840637,-0.07073283195495605,-0.4305936098098755,-0.004966676235198975,-0.24049925804138184,-0.0020998120307922363,-0.33837801218032837,-6.80685043334961e-05,-0.40052884817123413,0.0026955604553222656,-0.45293405652046204,0.033854663372039795,-0.22585666179656982,0.05468267202377319,-0.3113897442817688,0.06650316715240479,-0.36588266491889954,0.07509887218475342,-0.41481858491897583,0.06806647777557373,-0.19719254970550537,0.09403353929519653,-0.26396480202674866,0.10851454734802246,-0.3071862459182739,0.12016594409942627,-0.35010260343551636
1,0.0,0.0,-0.06816437840461731,-0.03800630569458008,-0.11867755651473999,-0.1068301796913147,-0.15178292989730835,-0.16988390684127808,-0.18382877111434937,-0.215961754322052,-0.05154240131378174,-0.23149508237838745,-0.06446093320846558,-0.3236108422279358,-0.07104390859603882,-0.3794676959514618,-0.07405123114585876,-0.42940908670425415,-0.006539821624755859,-0.2402443289756775,-0.005548655986785889,-0.33778348565101624,-0.0043329596519470215,-0.399736613035202,-0.0021643638610839844,-0.4514934718608856,0.03289353847503662,-0.22673261165618896,0.05262565612792969,-0.3110158145427704,0.06365698575973511,-0.3654329180717468,0.07156878709793091,-0.41425490379333496,0.06770175695419312,-0.1986989974975586,0.0926969051361084,-0.263759046792984,0.1063380241394043,-0.30641764402389526,0.11726123094558716,-0.3488672375679016
1,0.0,0.0,-0.06846284866333008,-0.03760719299316406,-0.11909812688827515,-0.10502743721008301,-0.15296494960784912,-0.16732168197631836,-0.18518972396850586,-0.21388345956802368,-0.05433225631713867,-0.2313758134841919,-0.06738173961639404,-0.3239639699459076,-0.07421830296516418,-0.37978827953338623,-0.07744216918945312,-0.43015235662460327,-0.009134769439697266,-0.23982423543930054,-0.008635461330413818,-0.33821719884872437,-0.007313907146453857,-0.4003373980522156,-0.0048146843910217285,-0.45231980085372925,0.030216455459594727,-0.22549891471862793,0.050142884254455566,-0.31077730655670166,0.06160074472427368,-0.36556506156921387,0.06988859176635742,-0.41442081332206726,0.06480664014816284,-0.19640105962753296,0.08901625871658325,-0.2636021077632904,0.10272663831710815,-0.306704580783844,0.1136699914932251,-0.34941697120666504
1,0.0,0.0,-0.06972000002861023,-0.03655052185058594,-0.12204304337501526,-0.10392957925796509,-0.15567690134048462,-0.16650688648223877,-0.1876894235610962,-0.21164655685424805,-0.0557132363319397,-0.23074007034301758,-0.06949126720428467,-0.3233335316181183,-0.07610493898391724,-0.3792530596256256,-0.0786912739276886,-0.42956459522247314,-0.010617077350616455,-0.24049657583236694,-0.01040804386138916,-0.33916598558425903,-0.0088692307472229,-0.4020005762577057,-0.0056160688400268555,-0.4546484053134918,0.02874743938446045,-0.22743242979049683,0.04863804578781128,-0.31358635425567627,0.06009572744369507,-0.3677058517932892,0.06866514682769775,-0.41523319482803345,0.06352776288986206,-0.19906514883041382,0.0881165862083435,-0.26580923795700073,0.10153591632843018,-0.3087528347969055,0.11220324039459229,-0.3510342538356781
1,0.0,0.0,-0.06827190518379211,-0.03616940975189209,-0.12107864022254944,-0.10181313753128052,-0.15578946471214294,-0.16327470541000366,-0.18773692846298218,-0.2074885368347168,-0.05558037757873535,-0.22872883081436157,-0.06955677270889282,-0.3211430311203003,-0.07600030303001404,-0.37674838304519653,-0.07855537533760071,-0.4265062212944031,-0.01078951358795166,-0.23828452825546265,-0.011130869388580322,-0.33765238523483276,-0.00969153642654419,-0.4000748097896576,-0.006548881530761719,-0.45212337374687195,0.02849888801574707,-0.2251759171485901,0.04879605770111084,-0.31223785877227783,0.06075328588485718,-0.36601799726486206,0.06952226161956787,-0.4131215214729309,0.06324344873428345,-0.19637542963027954,0.08797717094421387,-0.26332715153694153,0.10157400369644165,-0.3066205680370331,0.11214619874954224,-0.34924036264419556
1,0.0,0.0,-0.06809982657432556,-0.03646796941757202,-0.12104195356369019,-0.10222119092941284,-0.155813068151474,-0.1630612015724182,-0.18664097785949707,-0.20928680896759033,-0.05648493766784668,-0.22772639989852905,-0.07078960537910461,-0.3208868205547333,-0.07754898071289062,-0.37675076723098755,-0.08020710945129395,-0.42692795395851135,-0.011731743812561035,-0.23819619417190552,-0.012911498546600342,-0.3379438519477844,-0.011736094951629639,-0.40114879608154297,-0.008752882480621338,-0.45379167795181274,0.027574896812438965,-0.2259296178817749,0.04785478115081787,-0.31288236379623413,0.059766411781311035,-0.3672705292701721,0.06817626953125,-0.41504770517349243,0.062220215797424316,-0.19796627759933472,0.08744829893112183,-0.2645845115184784,0.1012951135635376,-0.3082929849624634,0.11185044050216675,-0.3513553738594055
1,0.0,0.0,-0.0693700909614563,-0.03620845079421997,-0.12324309349060059,-0.10247379541397095,-0.1576402187347412,-0.16492325067520142,-0.18806326389312744,-0.2125299572944641,-0.05598711967468262,-0.22997593879699707,-0.07085669040679932,-0.32354623079299927,-0.07824808359146118,-0.3792208433151245,-0.08120781183242798,-0.42963355779647827,-0.01137608289718628,-0.24034738540649414,-0.012983262538909912,-0.3401413857936859,-0.012065768241882324,-0.403874933719635,-0.009235501289367676,-0.4567629098892212,0.027905821800231934,-0.22805511951446533,0.04821789264678955,-0.3153711259365082,0.05969434976577759,-0.3703799843788147,0.06780797243118286,-0.4187476933002472,0.06268817186355591,-0.20041340589523315,0.087962806224823,-0.2676091194152832,0.10127460956573486,-0.31188952922821045,0.11158066987991333,-0.35541608929634094
1,0.0,0.0,-0.06925743818283081,-0.036647260189056396,-0.12246131896972656,-0.10146218538284302,-0.15779542922973633,-0.16193437576293945,-0.1873679757118225,-0.20833450555801392,-0.05596286058425903,-0.22949331998825073,-0.07119083404541016,-0.3222552537918091,-0.07928365468978882,-0.37794357538223267,-0.08306100964546204,-0.42786431312561035,-0.011426985263824463,-0.24044805765151978,-0.0120735764503479,-0.33854931592941284,-0.011574983596801758,-0.40171873569488525,-0.009894013404846191,-0.45415905117988586,0.0278090238571167,-0.22919875383377075,0.04746037721633911,-0.3160620331764221,0.058575451374053955,-0.37133169174194336,0.06638461351394653,-0.4204753041267395,0.0625428557395935,-0.20237845182418823,0.08795833587646484,-0.26951271295547485,0.1016467809677124,-0.3135488033294678,0.11242169141769409,-0.3567482829093933
1,0.0,0.0,-0.0699017345905304,-0.03553164005279541,-0.12462681531906128,-0.09993141889572144,-0.1588100790977478,-0.15970247983932495,-0.18891626596450806,-0.20416176319122314,-0.05632016062736511,-0.23121941089630127,-0.07441660761833191,-0.32330864667892456,-0.08399748802185059,-0.37775373458862305,-0.08969900012016296,-0.4259811043739319,-0.012233972549438477,-0.2422475814819336,-0.014496445655822754,-0.3409388065338135,-0.01554328203201294,-0.4034704267978668,-0.015028238296508789,-0.45509663224220276,0.027566075325012207,-0.23116439580917358,0.04455679655075073,-0.31879955530166626,0.05379754304885864,-0.37367457151412964,0.06050527095794678,-0.42229121923446655,0.0638437271118164,-0.2050437331199646,0.08735060691833496,-0.27480417490005493,0.1004096269607544,-0.3196989893913269,0.1107134222984314,-0.36318957805633545
1,0.0,0.0,-0.07085677981376648,-0.035219788551330566,-0.12749767303466797,-0.10007244348526001,-0.16310027241706848,-0.156566321849823,-0.1911001205444336,-0.19904464483261108,-0.05911567807197571,-0.2338525652885437,-0.07651516795158386,-0.32552337646484375,-0.0873083770275116,-0.3805712163448334,-0.09516531229019165,-0.4288898706436157,-0.01530301570892334,-0.24428540468215942,-0.017136752605438232,-0.3412156105041504,-0.019901514053344727,-0.4040486514568329,-0.022136270999908447,-0.45760494470596313,0.024522006511688232,-0.23334920406341553,0.040565550327301025,-0.32205823063850403,0.04907923936843872,-0.3790811598300934,0.05486798286437988,-0.42965203523635864,0.060605764389038086,-0.20666658878326416,0.08221060037612915,-0.27676820755004883,0.09533989429473877,-0.32315897941589355,0.10591256618499756,-0.36659806966781616
1,0.0,0.0,-0.07220762968063354,-0.026386380195617676,-0.13107624650001526,-0.09170931577682495,-0.16599351167678833,-0.14629554748535156,-0.19325631856918335,-0.18853139877319336,-0.06404128670692444,-0.23940259218215942,-0.08122360706329346,-0.3315631151199341,-0.09088015556335449,-0.3852822780609131,-0.09835663437843323,-0.4312424659729004,-0.019335031509399414,-0.24974656105041504,-0.022963643074035645,-0.3483787775039673,-0.025931239128112793,-0.4093473553657532,-0.027969956398010254,-0.45838797092437744,0.022398531436920166,-0.23877465724945068,0.0391884446144104,-0.33008086681365967,0.047229111194610596,-0.387014240026474,0.05317425727844238,-0.43701791763305664,0.06065797805786133,-0.21132248640060425,0.08269721269607544,-0.2823064923286438,0.09508335590362549,-0.32669878005981445,0.10465037822723389,-0.368694543838501
1,0.0,0.0,-0.0723714828491211,-0.026309549808502197,-0.12864577770233154,-0.09203660488128662,-0.16089019179344177,-0.15085959434509277,-0.1890988051891327,-0.19455993175506592,-0.06208455562591553,-0.23398369550704956,-0.08089974522590637,-0.325727641582489,-0.09273487329483032,-0.38192030787467957,-0.10159900784492493,-0.4304259121417999,-0.018755555152893066,-0.24588865041732788,-0.02426508069038391,-0.3460865616798401,-0.028102874755859375,-0.40968015789985657,-0.031227171421051025,-0.4609062373638153,0.02242177724838257,-0.23626810312271118,0.03935098648071289,-0.3288942575454712,0.04757910966873169,-0.3877737522125244,0.05247396230697632,-0.43679800629615784,0.06102794408798218,-0.20913970470428467,0.08331501483917236,-0.2828700542449951,0.09559285640716553,-0.3303341567516327,0.10406595468521118,-0.3731907606124878
1,0.0,0.0,-0.07396525144577026,-0.02509021759033203,-0.13069814443588257,-0.09403175115585327,-0.16373199224472046,-0.15300488471984863,-0.19417372345924377,-0.19321882724761963,-0.06765058636665344,-0.23464471101760864,-0.08894658088684082,-0.3245314359664917,-0.10072752833366394,-0.3786791265010834,-0.10919100046157837,-0.4256354570388794,-0.023766279220581055,-0.24737823009490967,-0.02852824330329895,-0.3477548360824585,-0.03240451216697693,-0.410930871963501,-0.035599589347839355,-0.46238550543785095,0.01735663414001465,-0.2381364107131958,0.03272944688796997,-0.32942697405815125,0.039815664291381836,-0.3883937895298004,0.04373741149902344,-0.4383919835090637,0.055479466915130615,-0.21244484186172485,0.07880228757858276,-0.28470706939697266,0.09174662828445435,-0.3311564326286316,0.10063230991363525,-0.3740922808647156
1,0.0,0.0,-0.08040797710418701,-0.02739548683166504,-0.13354253768920898,-0.09956139326095581,-0.16683954000473022,-0.157443106174469,-0.19891780614852905,-0.19217485189437866,-0.07314333319664001,-0.23843801021575928,-0.09427517652511597,-0.3291422724723816,-0.1054152250289917,-0.3830907940864563,-0.11414510011672974,-0.4296429753303528,-0.028923392295837402,-0.25400310754776,-0.03582191467285156,-0.35657528042793274,-0.040595024824142456,-0.4199933409690857,-0.04568853974342346,-0.4705201983451843,0.01096731424331665,-0.2452753782272339,0.026607930660247803,-0.3402347266674042,0.03330129384994507,-0.4002811312675476,0.03705906867980957,-0.4519420266151428,0.05069786310195923,-0.21910375356674194,0.07383459806442261,-0.29746872186660767,0.08595556020736694,-0.3453645706176758,0.09410500526428223,-0.3925538957118988
1,0.0,0.0,-0.07580313086509705,-0.03161877393722534,-0.1305525004863739,-0.09820014238357544,-0.16857993602752686,-0.14673256874084473,-0.20078766345977783,-0.18189281225204468,-0.07016453146934509,-0.23779511451721191,-0.09241241216659546,-0.3270091712474823,-0.10532629489898682,-0.38158464431762695,-0.11465573310852051,-0.4291294813156128,-0.027292579412460327,-0.2528902292251587,-0.0347137451171875,-0.35390669107437134,-0.04030922055244446,-0.417540967464447,-0.04382658004760742,-0.4712180495262146,0.014297187328338623,-0.24593901634216309,0.024876415729522705,-0.3412957787513733,0.030678093433380127,-0.4006747305393219,0.03422892093658447,-0.45270347595214844,0.05420154333114624,-0.22132623195648193,0.07593733072280884,-0.2966294288635254,0.08775079250335693,-0.34489113092422485,0.09560006856918335,-0.39104288816452026
1,0.0,0.0,-0.0779452919960022,-0.03148818016052246,-0.13454657793045044,-0.09820759296417236,-0.17451363801956177,-0.14507192373275757,-0.21066710352897644,-0.17367959022521973,-0.07613840699195862,-0.23661261796951294,-0.0970822274684906,-0.3256528973579407,-0.10942819714546204,-0.37940728664398193,-0.1179804801940918,-0.42711666226387024,-0.033053427934646606,-0.251960813999176,-0.04058414697647095,-0.35213422775268555,-0.045479804277420044,-0.4166216552257538,-0.04784274101257324,-0.47076278924942017,0.008167475461959839,-0.24481278657913208,0.01779615879058838,-0.33840644359588623,0.023687243461608887,-0.3978680372238159,0.027453720569610596,-0.4509759545326233,0.047777771949768066,-0.2217373251914978,0.0695725679397583,-0.29686033725738525,0.08208924531936646,-0.3448200821876526,0.09113746881484985,-0.3920561671257019
1,0.0,0.0,-0.07814592123031616,-0.02750873565673828,-0.1371467411518097,-0.09334218502044678,-0.17979863286018372,-0.14134520292282104,-0.2187490165233612,-0.16880297660827637,-0.07913807034492493,-0.23251277208328247,-0.10197296738624573,-0.32406187057495117,-0.11582234501838684,-0.3791080415248871,-0.12607333064079285,-0.4275405704975128,-0.0349959135055542,-0.24947303533554077,-0.04406535625457764,-0.3507208228111267,-0.05035892128944397,-0.41668176651000977,-0.054325103759765625,-0.4725613594055176,0.0065999627113342285,-0.2443036437034607,0.014313191175460815,-0.3384055495262146,0.01796606183052063,-0.39881783723831177,0.01960507035255432,-0.45222795009613037,0.046341270208358765,-0.22315287590026855,0.06639698147773743,-0.29785996675491333,0.0762006938457489,-0.34777766466140747,0.08224573731422424,-0.39659738540649414
1,0.0,0.0,-0.0789785087108612,-0.023708760738372803,-0.14159759879112244,-0.08677464723587036,-0.18725281953811646,-0.13325393199920654,-0.2273114025592804,-0.16056174039840698,-0.08582687377929688,-0.22971320152282715,-0.11116993427276611,-0.32141590118408203,-0.12548455595970154,-0.3766535818576813,-0.13514363765716553,-0.4262627363204956,-0.041169434785842896,-0.2494131326675415,-0.05217796564102173,-0.34905141592025757,-0.0594954788684845,-0.4143868088722229,-0.06409263610839844,-0.4699169397354126,0.001125037670135498,-0.24652689695358276,0.007588028907775879,-0.34086814522743225,0.010075658559799194,-0.40014320611953735,0.01120537519454956,-0.45125073194503784,0.04128450155258179,-0.22746974229812622,0.059589385986328125,-0.3025273084640503,0.06898617744445801,-0.3531372845172882,0.07518613338470459,-0.4011309742927551
1,0.0,0.0,-0.08357715606689453,-0.0222322940826416,-0.148764967918396,-0.08229708671569824,-0.1963517963886261,-0.12725532054901123,-0.23703870177268982,-0.15339666604995728,-0.09215620160102844,-0.22570312023162842,-0.11732462048530579,-0.3197954297065735,-0.13073647022247314,-0.3762863576412201,-0.14007145166397095,-0.42604154348373413,-0.046378523111343384,-0.24601435661315918,-0.057239413261413574,-0.34960609674453735,-0.06443557143211365,-0.4160573482513428,-0.06914809346199036,-0.46935442090034485,-0.004280567169189453,-0.2443116307258606,0.002172142267227173,-0.34031593799591064,0.003937274217605591,-0.39930832386016846,0.004647761583328247,-0.44948405027389526,0.03545951843261719,-0.22798269987106323,0.05271369218826294,-0.3039602041244507,0.06101435422897339,-0.35287606716156006,0.06676328182220459,-0.4002917408943176
1,0.0,0.0,-0.08440342545509338,-0.02280116081237793,-0.15028047561645508,-0.08213669061660767,-0.19929230213165283,-0.12715667486190796,-0.24203169345855713,-0.14985722303390503,-0.09462127089500427,-0.22766780853271484,-0.12069079279899597,-0.3197147250175476,-0.1333898901939392,-0.3757689297199249,-0.1415989100933075,-0.42556077241897583,-0.04935857653617859,-0.2496330738067627,-0.06217709183692932,-0.3515894412994385,-0.06928864121437073,-0.4171624481678009,-0.07318872213363647,-0.4712931513786316,-0.007639110088348389,-0.24840068817138672,-0.0018357634544372559,-0.34245824813842773,0.0008749067783355713,-0.40178996324539185,0.0026986896991729736,-0.4534648358821869,0.032297611236572266,-0.23135238885879517,0.04956716299057007,-0.30537140369415283,0.057996511459350586,-0.35443615913391113,0.06392121315002441,-0.4023780822753906
1,0.0,0.0,-0.08208778500556946,-0.02269071340560913,-0.14974644780158997,-0.08091849088668823,-0.2011343538761139,-0.12368375062942505,-0.24640533328056335,-0.14564985036849976,-0.09515509009361267,-0.22758185863494873,-0.122569739818573,-0.3192062973976135,-0.13552704453468323,-0.37537235021591187,-0.14368122816085815,-0.42502158880233765,-0.050485581159591675,-0.2489948868751526,-0.06388723850250244,-0.3516541123390198,-0.0708213746547699,-0.41718748211860657,-0.07454612851142883,-0.47072455286979675,-0.008999019861221313,-0.24706494808197021,-0.003260672092437744,-0.34114521741867065,-0.00025913119316101074,-0.40100234746932983,0.0015193819999694824,-0.45355021953582764,0.030273467302322388,-0.22900331020355225,0.047714442014694214,-0.3026424050331116,0.05662938952445984,-0.3520272374153137,0.06273552775382996,-0.4004969596862793
1,0.0,0.0,-0.0799674391746521,-0.020818233489990234,-0.1494668424129486,-0.07959204912185669,-0.20103564858436584,-0.1225084662437439,-0.24603280425071716,-0.14261394739151,-0.09453165531158447,-0.22898662090301514,-0.12055861949920654,-0.3203253149986267,-0.13317975401878357,-0.3758854269981384,-0.1417827606201172,-0.4243496060371399,-0.05014747381210327,-0.25052857398986816,-0.06213021278381348,-0.3527289032936096,-0.06840059161186218,-0.41743749380111694,-0.07167035341262817,-0.4710673391819,-0.008441537618637085,-0.24846875667572021,-0.0027894973754882812,-0.3427767753601074,2.5659799575805664e-05,-0.40229105949401855,0.0014964044094085693,-0.4546629786491394,0.031632035970687866,-0.2297191023826599,0.048999518156051636,-0.304004967212677,0.05763903260231018,-0.35398930311203003,0.06323263049125671,-0.40257981419563293
1,0.0,0.0,-0.08039975166320801,-0.02109140157699585,-0.1505538523197174,-0.0781603455543518,-0.20364463329315186,-0.11862152814865112,-0.2478591352701187,-0.13816827535629272,-0.09705787897109985,-0.22830694913864136,-0.12257108092308044,-0.31907814741134644,-0.13443392515182495,-0.37463510036468506,-0.1419416069984436,-0.42314404249191284,-0.05300465226173401,-0.2497767210006714,-0.06560370326042175,-0.3517061471939087,-0.07206329703330994,-0.4164707362651825,-0.07527688145637512,-0.4701180160045624,-0.01102188229560852,-0.24800211191177368,-0.0050002336502075195,-0.3419061601161957,-0.002572953701019287,-0.40193694829940796,-0.00147286057472229,-0.4542491137981415,0.029705822467803955,-0.22941851615905762,0.04763913154602051,-0.30407553911209106,0.05616271495819092,-0.3544310927391052,0.061624109745025635,-0.40285858511924744
1,0.0,0.0,-0.07879450917243958,-0.02215731143951416,-0.14808163046836853,-0.07939332723617554,-0.20072555541992188,-0.1194104552268982,-0.24475082755088806,-0.13927078247070312,-0.09470996260643005,-0.232110857963562,-0.11926645040512085,-0.3228638172149658,-0.13077059388160706,-0.3775199055671692,-0.1378735899925232,-0.4257819354534149,-0.04997149109840393,-0.2532151937484741,-0.06153750419616699,-0.3541882634162903,-0.06712964177131653,-0.41829314827919006,-0.06955239176750183,-0.47145798802375793,-0.007988899946212769,-0.2517070770263672,-0.0010078847408294678,-0.3445124626159668,0.0019536614418029785,-0.40386855602264404,0.0033052563667297363,-0.4556191563606262,0.03218168020248413,-0.23357272148132324,0.04985016584396362,-0.30707597732543945,0.058033645153045654,-0.35638540983200073,0.06308674812316895,-0.4037662148475647
1,0.0,0.0,-0.0800984799861908,-0.02296203374862671,-0.1480257511138916,-0.08072572946548462,-0.19928264617919922,-0.1212359070777893,-0.24130389094352722,-0.14135903120040894,-0.09461116790771484,-0.23247814178466797,-0.12016844749450684,-0.32501667737960815,-0.13226056098937988,-0.38026776909828186,-0.13961440324783325,-0.42814064025878906,-0.04895249009132385,-0.2546546459197998,-0.06169861555099487,-0.3577134311199188,-0.06773769855499268,-0.42232877016067505,-0.07037198543548584,-0.4744856357574463,-0.005452156066894531,-0.2536833882331848,-0.0012135207653045654,-0.3493714928627014,0.0015491843223571777,-0.4081012010574341,0.0031815767288208008,-0.45867976546287537,0.03623729944229126,-0.23559677600860596,0.05143195390701294,-0.3099309206008911,0.05823075771331787,-0.35908007621765137,0.06274253129959106,-0.40616101026535034
1,0.0,0.0,-0.077739417552948,-0.020926356315612793,-0.14640817046165466,-0.07791835069656372,-0.19712716341018677,-0.11865580081939697,-0.23943465948104858,-0.1391480565071106,-0.09291908144950867,-0.2296575903892517,-0.11828342080116272,-0.32249337434768677,-0.1302596926689148,-0.37823331356048584,-0.13766250014305115,-0.4269767105579376,-0.04753026366233826,-0.25157588720321655,-0.06041914224624634,-0.35426369309425354,-0.06575298309326172,-0.4181896448135376,-0.06759506464004517,-0.4710829555988312,-0.004150599241256714,-0.25082236528396606,-0.0001392960548400879,-0.34725284576416016,0.002834498882293701,-0.406207799911499,0.004592210054397583,-0.4576679468154907,0.03779706358909607,-0.2334214448928833,0.051634788513183594,-0.30951249599456787,0.058406174182891846,-0.3600628674030304,0.06261056661605835,-0.40794599056243896
1,0.0,0.0,-0.07780599594116211,-0.020698726177215576,-0.1453181505203247,-0.07589906454086304,-0.1953907310962677,-0.11706888675689697,-0.23765264451503754,-0.13741004467010498,-0.0923287570476532,-0.22778987884521484,-0.1182451844215393,-0.3205321431159973,-0.1309463381767273,-0.37528595328330994,-0.13911521434783936,-0.423266738653183,-0.04669472575187683,-0.24937373399734497,-0.05981642007827759,-0.35275357961654663,-0.0656343400478363,-0.4164636731147766,-0.06774401664733887,-0.469051331281662,-0.003144562244415283,-0.24831414222717285,0.0003624558448791504,-0.3452703356742859,0.0031440258026123047,-0.40344369411468506,0.004982858896255493,-0.45428285002708435,0.03870028257369995,-0.2315537929534912,0.05179256200790405,-0.31031811237335205,0.05891352891921997,-0.36145853996276855,0.06382864713668823,-0.4099990427494049
1,0.0,0.0,-0.07967188954353333,-0.01906609535217285,-0.1484375,-0.07215923070907593,-0.20045697689056396,-0.11317908763885498,-0.2436164766550064,-0.13341349363327026,-0.09656000137329102,-0.22397691011428833,-0.12295940518379211,-0.31670814752578735,-0.1361161768436432,-0.3714596629142761,-0.14452743530273438,-0.42000457644462585,-0.05123072862625122,-0.24620163440704346,-0.0659630298614502,-0.35049426555633545,-0.0719774067401886,-0.41519320011138916,-0.07368561625480652,-0.4684221148490906,-0.007724285125732422,-0.2450186014175415,-0.005676299333572388,-0.3427046537399292,-0.0031657516956329346,-0.4017438590526581,-0.0012375116348266602,-0.4537618160247803,0.03476634621620178,-0.2283250093460083,0.046429455280303955,-0.30781638622283936,0.052377283573150635,-0.3590816557407379,0.05646604299545288,-0.4085782468318939
1,0.0,0.0,-0.0799407958984375,-0.018171191215515137,-0.1505768895149231,-0.07150685787200928,-0.20318663120269775,-0.11149400472640991,-0.24605458974838257,-0.13224536180496216,-0.10028105974197388,-0.22766292095184326,-0.12779659032821655,-0.3210904002189636,-0.14050576090812683,-0.37549808621406555,-0.14886724948883057,-0.4237689971923828,-0.054618120193481445,-0.2496311068534851,-0.07026457786560059,-0.3535866439342499,-0.07607200741767883,-0.4175368547439575,-0.07761597633361816,-0.4693277180194855,-0.010820060968399048,-0.2481616735458374,-0.00882577896118164,-0.345450758934021,-0.006349414587020874,-0.404368132352829,-0.004651397466659546,-0.4558263421058655,0.031964123249053955,-0.23102694749832153,0.04324972629547119,-0.3107340931892395,0.04896140098571777,-0.36237436532974243,0.05290341377258301,-0.4118475317955017
1,0.0,0.0,-0.0776156485080719,-0.01831918954849243,-0.14740362763404846,-0.07280641794204712,-0.19963303208351135,-0.11370569467544556,-0.24265332520008087,-0.13330990076065063,-0.09703105688095093,-0.22781729698181152,-0.12453711032867432,-0.32108235359191895,-0.1372155249118805,-0.3755747377872467,-0.145607590675354,-0.42414385080337524,-0.05159938335418701,-0.25022774934768677,-0.06718111038208008,-0.35465943813323975,-0.07332101464271545,-0.41871190071105957,-0.07554158568382263,-0.4710494875907898,-0.008233219385147095,-0.24892622232437134,-0.005841732025146484,-0.34682154655456543,-0.0023983418941497803,-0.4062168598175049,-0.00018331408500671387,-0.45871949195861816,0.03387990593910217,-0.23102128505706787,0.045613378286361694,-0.30925798416137695,0.05168375372886658,-0.3611755073070526,0.05579724907875061,-0.41151905059814453
1,0.0,0.0,-0.07767337560653687,-0.01784878969192505,-0.14641520380973816,-0.06905621290206909,-0.1991194784641266,-0.1080593466758728,-0.24206088483333588,-0.13029581308364868,-0.09555593132972717,-0.22328782081604004,-0.12455454468727112,-0.31730514764785767,-0.1377752125263214,-0.3720175623893738,-0.14654365181922913,-0.4216231405735016,-0.050323277711868286,-0.24654489755630493,-0.06676089763641357,-0.3511993885040283,-0.0730261504650116,-0.4154660701751709,-0.07537031173706055,-0.46866726875305176,-0.00710102915763855,-0.24555706977844238,-0.00564923882484436,-0.3431011438369751,-0.0029732882976531982,-0.40289396047592163,-0.0010734498500823975,-0.45584893226623535,0.03488132357597351,-0.22808623313903809,0.04546990990638733,-0.3070850372314453,0.051571398973464966,-0.3592962622642517,0.05596885085105896,-0.40984368324279785
1,0.0,0.0,-0.07702186703681946,-0.01827913522720337,-0.14465034008026123,-0.07012534141540527,-0.19712260365486145,-0.1089324951171875,-0.2401396930217743,-0.13053691387176514,-0.09453961253166199,-0.22448843717575073,-0.12371319532394409,-0.318271279335022,-0.13705122470855713,-0.37295305728912354,-0.14586612582206726,-0.4227299690246582,-0.048978567123413086,-0.2472251057624817,-0.06478771567344666,-0.3517077565193176,-0.07108014822006226,-0.41593098640441895,-0.07365500926971436,-0.4689118564128876,-0.005683869123458862,-0.24614936113357544,-0.0038170814514160156,-0.34398984909057617,-0.0010724067687988281,-0.403839111328125,0.0008935630321502686,-0.4566445052623749,0.03599920868873596,-0.22873789072036743,0.047086119651794434,-0.3078765869140625,0.0533161461353302,-0.36002010107040405,0.05774393677711487,-0.410465270280838
1,0.0,0.0,-0.07616913318634033,-0.016161441802978516,-0.14482441544532776,-0.06680846214294434,-0.1973089575767517,-0.10662472248077393,-0.2403680682182312,-0.12984806299209595,-0.09500283002853394,-0.22184288501739502,-0.12447372078895569,-0.3156089782714844,-0.13766518235206604,-0.3703639507293701,-0.14608809351921082,-0.4194285273551941,-0.049667567014694214,-0.24595248699188232,-0.06605985760688782,-0.3512457609176636,-0.07273983955383301,-0.41546934843063354,-0.07562416791915894,-0.46771904826164246,-0.006062358617782593,-0.24572187662124634,-0.004909127950668335,-0.343664288520813,-0.0025543272495269775,-0.4031856060028076,-0.0010825395584106445,-0.4548822343349457,0.03637656569480896,-0.2286716103553772,0.04775083065032959,-0.30788326263427734,0.053516268730163574,-0.3598237633705139,0.05708438158035278,-0.4090811312198639
1,0.0,0.0,-0.07680723071098328,-0.01698058843612671,-0.14487800002098083,-0.0682837963104248,-0.1971130669116974,-0.10803180932998657,-0.23982438445091248,-0.1297065019607544,-0.09346875548362732,-0.22340482473373413,-0.1239578127861023,-0.31523025035858154,-0.13792887330055237,-0.37004226446151733,-0.14642256498336792,-0.4190279543399811,-0.049679726362228394,-0.24791181087493896,-0.06628459692001343,-0.3518650531768799,-0.07345852255821228,-0.41530099511146545,-0.0760144293308258,-0.4669014811515808,-0.006837904453277588,-0.24845415353775024,-0.006502032279968262,-0.3463883399963379,-0.0039370059967041016,-0.40483614802360535,-0.0016925930976867676,-0.45520418882369995,0.03539535403251648,-0.23136627674102783,0.04698258638381958,-0.30940771102905273,0.05314373970031738,-0.36052435636520386,0.057202160358428955,-0.4085538983345032
1,0.0,0.0,-0.07692843675613403,-0.0198594331741333,-0.1425747275352478,-0.07191389799118042,-0.1932910680770874,-0.11125451326370239,-0.23578792810440063,-0.1334524154663086,-0.0904974639415741,-0.22441965341567993,-0.12019923329353333,-0.3164553642272949,-0.13370460271835327,-0.37165629863739014,-0.14204058051109314,-0.4208110570907593,-0.04658964276313782,-0.24827533960342407,-0.06271743774414062,-0.3524740934371948,-0.07061225175857544,-0.416797935962677,-0.07454156875610352,-0.4692150056362152,-0.004029661417007446,-0.24863827228546143,-0.002886176109313965,-0.3465178310871124,-0.0004546642303466797,-0.4058384299278259,0.0008198916912078857,-0.45635947585105896,0.03762322664260864,-0.2315455675125122,0.05016160011291504,-0.31015825271606445,0.05652427673339844,-0.361453652381897,0.059793055057525635,-0.40916019678115845
1,0.0,0.0,-0.07615643739700317,-0.02372509241104126,-0.13949692249298096,-0.0785796046257019,-0.18932673335075378,-0.11702513694763184,-0.23188570141792297,-0.13608837127685547,-0.08659127354621887,-0.22793728113174438,-0.11586830019950867,-0.3186820149421692,-0.1295011043548584,-0.37374579906463623,-0.13903909921646118,-0.42114412784576416,-0.04324990510940552,-0.2523101568222046,-0.057400286197662354,-0.35470348596572876,-0.06653720140457153,-0.41776978969573975,-0.07376262545585632,-0.46936318278312683,-0.0008543133735656738,-0.2532433867454529,0.0032203495502471924,-0.3502500653266907,0.004065513610839844,-0.409285306930542,0.003000497817993164,-0.45855990052223206,0.03950929641723633,-0.2354593276977539,0.055876195430755615,-0.3117959499359131,0.06360679864883423,-0.36212286353111267,0.06764310598373413,-0.40726202726364136
1,0.0,0.0,-0.07691013813018799,-0.02646714448928833,-0.13904356956481934,-0.08203941583633423,-0.18847832083702087,-0.11868315935134888,-0.23204755783081055,-0.1382034420967102,-0.08831655979156494,-0.2281685471534729,-0.11734744906425476,-0.3190755248069763,-0.13143768906593323,-0.3734365701675415,-0.14207550883293152,-0.42122185230255127,-0.04369246959686279,-0.2509573698043823,-0.057443708181381226,-0.3528293967247009,-0.06619852781295776,-0.41581669449806213,-0.07338204979896545,-0.4687480628490448,-0.00013488531112670898,-0.25044959783554077,0.0030342936515808105,-0.3457401990890503,0.004136502742767334,-0.4048437476158142,0.0034992992877960205,-0.4558194577693939,0.04115721583366394,-0.2324051856994629,0.055457502603530884,-0.30903542041778564,0.06243148446083069,-0.3599541187286377,0.06598731875419617,-0.4071357250213623
1,0.0,0.0,-0.07455864548683167,-0.021518826484680176,-0.13877218961715698,-0.07761037349700928,-0.18807625770568848,-0.11535060405731201,-0.23089510202407837,-0.13423794507980347,-0.0870392918586731,-0.22706633806228638,-0.11676281690597534,-0.31658637523651123,-0.13086313009262085,-0.3710322678089142,-0.1415753960609436,-0.41814592480659485,-0.043616533279418945,-0.2493874430656433,-0.0567459762096405,-0.3522970378398895,-0.06552323698997498,-0.41493356227874756,-0.07299509644508362,-0.46593672037124634,-0.001268237829208374,-0.2472439408302307,0.003237813711166382,-0.342641681432724,0.0051302313804626465,-0.40143606066703796,0.004985719919204712,-0.45090794563293457,0.03901869058609009,-0.2263815999031067,0.05446517467498779,-0.303291916847229,0.062078118324279785,-0.35326170921325684,0.06590116024017334,-0.3983973264694214
1,0.0,0.0,-0.07432323694229126,-0.023386359214782715,-0.13847649097442627,-0.07810348272323608,-0.18695500493049622,-0.11552631855010986,-0.2298419177532196,-0.13374698162078857,-0.08671852946281433,-0.22708427906036377,-0.11508062481880188,-0.3169528543949127,-0.1296672224998474,-0.3706974387168884,-0.140584796667099,-0.4176572561264038,-0.04262456297874451,-0.24787437915802002,-0.05549079179763794,-0.35017672181129456,-0.06399482488632202,-0.4131152629852295,-0.07038339972496033,-0.46659716963768005,0.000513911247253418,-0.24516373872756958,0.004581481218338013,-0.3405541777610779,0.005807787179946899,-0.3989463150501251,0.005673855543136597,-0.4485008120536804,0.042186886072158813,-0.2241497039794922,0.0567115843296051,-0.30202168226242065,0.06352576613426208,-0.35148388147354126,0.06691005825996399,-0.3966178894042969
1,0.0,0.0,-0.07510566711425781,-0.022272586822509766,-0.14044466614723206,-0.07625418901443481,-0.1910352110862732,-0.11343932151794434,-0.23539948463439941,-0.132928729057312,-0.08893588185310364,-0.22446107864379883,-0.11769545078277588,-0.31310054659843445,-0.13204675912857056,-0.36826786398887634,-0.14286664128303528,-0.4164411425590515,-0.04592818021774292,-0.2468152642250061,-0.05916687846183777,-0.3492732048034668,-0.06729727983474731,-0.41333693265914917,-0.07348048686981201,-0.46668434143066406,-0.0034361183643341064,-0.244432270526886,0.0010767877101898193,-0.33831650018692017,0.004311889410018921,-0.3987917900085449,0.005618184804916382,-0.45008376240730286,0.03745350241661072,-0.22252130508422852,0.05387941002845764,-0.2977638244628906,0.06315681338310242,-0.34733715653419495,0.06833317875862122,-0.3922044634819031
1,0.0,0.0,-0.07699170708656311,-0.020181238651275635,-0.14231199026107788,-0.07195281982421875,-0.19076618552207947,-0.11365997791290283,-0.2350284457206726,-0.13612502813339233,-0.0918130874633789,-0.22268807888031006,-0.12034183740615845,-0.3120768070220947,-0.13408291339874268,-0.36784887313842773,-0.14355289936065674,-0.4164910912513733,-0.04718971252441406,-0.2449135184288025,-0.05946043133735657,-0.34902793169021606,-0.0665520429611206,-0.4129685163497925,-0.07128983736038208,-0.4660094380378723,-0.0031278133392333984,-0.24336928129196167,0.0015996098518371582,-0.33944809436798096,0.0051964521408081055,-0.39975666999816895,0.007043004035949707,-0.45093145966529846,0.040035128593444824,-0.22242110967636108,0.05723816156387329,-0.29957759380340576,0.06694203615188599,-0.34809789061546326,0.0721469521522522,-0.3916674852371216
1,0.0,0.0,-0.07556867599487305,-0.019859135150909424,-0.14293557405471802,-0.07091230154037476,-0.19199451804161072,-0.11061030626296997,-0.2363256812095642,-0.13565278053283691,-0.09128519892692566,-0.22625094652175903,-0.1193811297416687,-0.3159780502319336,-0.13464754819869995,-0.37071728706359863,-0.1468818485736847,-0.41908392310142517,-0.049137264490127563,-0.24763834476470947,-0.06235814094543457,-0.349609911441803,-0.07112252712249756,-0.4129272699356079,-0.07868054509162903,-0.4648211896419525,-0.006927132606506348,-0.2447935938835144,-0.0010867118835449219,-0.34025850892066956,0.0022353529930114746,-0.3992077708244324,0.0017887353897094727,-0.4496915340423584,0.03396505117416382,-0.22265899181365967,0.04971504211425781,-0.2993693947792053,0.05717271566390991,-0.34890806674957275,0.0595584511756897,-0.39433491230010986
1,0.0,0.0,-0.0723097026348114,-0.01982426643371582,-0.13940447568893433,-0.07034307718276978,-0.189071923494339,-0.10954231023788452,-0.23328912258148193,-0.13286089897155762,-0.08686968684196472,-0.22349154949188232,-0.11539673805236816,-0.31474295258522034,-0.1317008137702942,-0.369146466255188,-0.14472666382789612,-0.4168570637702942,-0.046084076166152954,-0.24286675453186035,-0.06025040149688721,-0.3455353379249573,-0.06805312633514404,-0.4087361991405487,-0.07428133487701416,-0.4615996778011322,-0.00541454553604126,-0.23862439393997192,-0.0017669200897216797,-0.33372458815574646,0.0026645660400390625,-0.3932226300239563,0.003762662410736084,-0.4450351893901825,0.03466629981994629,-0.21616804599761963,0.04910224676132202,-0.29230165481567383,0.05768519639968872,-0.34085986018180847,0.062113165855407715,-0.3858221173286438
1,0.0,0.0,-0.07305878400802612,-0.01792013645172119,-0.138994038105011,-0.06724119186401367,-0.1890799105167389,-0.10872113704681396,-0.2326580286026001,-0.13517022132873535,-0.08614662289619446,-0.22467809915542603,-0.11441221833229065,-0.31317174434661865,-0.13080963492393494,-0.3659924864768982,-0.14456170797348022,-0.41326653957366943,-0.04546147584915161,-0.2436545491218567,-0.057633429765701294,-0.3450426459312439,-0.06577536463737488,-0.40764519572257996,-0.07308498024940491,-0.46066662669181824,-0.005275547504425049,-0.2386845350265503,0.0008528232574462891,-0.3316699266433716,0.004762172698974609,-0.38969582319259644,0.0048438310623168945,-0.4410225749015808,0.03385967016220093,-0.21577805280685425,0.04890948534011841,-0.2910778522491455,0.057023704051971436,-0.3388981223106384,0.06107550859451294,-0.3837907314300537
1,0.0,0.0,-0.07192027568817139,-0.016310274600982666,-0.13650444149971008,-0.0626797080039978,-0.1862984299659729,-0.10518032312393188,-0.23002612590789795,-0.13650226593017578,-0.08304241299629211,-0.22329604625701904,-0.11105015873908997,-0.31145521998405457,-0.12683984637260437,-0.3635857105255127,-0.14037001132965088,-0.41121113300323486,-0.04148787260055542,-0.24226200580596924,-0.05379432439804077,-0.34137362241744995,-0.06260207295417786,-0.4038991928100586,-0.070161372423172,-0.458059698343277,-0.0011518001556396484,-0.2371232509613037,0.0061681270599365234,-0.3263367712497711,0.008663654327392578,-0.3851098418235779,0.0076757073402404785,-0.437519371509552,0.037710487842559814,-0.21506184339523315,0.05273270606994629,-0.28934216499328613,0.0600590705871582,-0.3374236226081848,0.06382912397384644,-0.3827303349971771
1,0.0,0.0,-0.07306072115898132,-0.018390953540802002,-0.1389256715774536,-0.06396305561065674,-0.18899399042129517,-0.10659569501876831,-0.23119032382965088,-0.13845616579055786,-0.08221328258514404,-0.22039270401000977,-0.11108183860778809,-0.31159764528274536,-0.12668991088867188,-0.3646056056022644,-0.1390082836151123,-0.4132840037345886,-0.03953582048416138,-0.23997235298156738,-0.0537569522857666,-0.340398371219635,-0.0627967119216919,-0.40334558486938477,-0.06983369588851929,-0.4571415185928345,0.002087831497192383,-0.23632991313934326,0.006824016571044922,-0.3256635367870331,0.008702397346496582,-0.38270291686058044,0.008022308349609375,-0.4331199526786804,0.042334914207458496,-0.2156381607055664,0.05391108989715576,-0.2896382212638855,0.05955183506011963,-0.33839669823646545,0.06280481815338135,-0.38378480076789856
1,0.0,0.0,-0.0721222460269928,-0.021273493766784668,-0.13743364810943604,-0.06597107648849487,-0.18758052587509155,-0.1074630618095398,-0.22760173678398132,-0.14108330011367798,-0.08200514316558838,-0.22360944747924805,-0.10987791419029236,-0.3141199052333832,-0.12525039911270142,-0.36767488718032837,-0.1374877393245697,-0.415278822183609,-0.039956092834472656,-0.24267315864562988,-0.05238354206085205,-0.3443514406681061,-0.060846149921417236,-0.4065815508365631,-0.06766748428344727,-0.45802316069602966,0.000980377197265625,-0.2385627031326294,0.006308317184448242,-0.3298885226249695,0.007257282733917236,-0.3883560597896576,0.006074666976928711,-0.4389066994190216,0.040428996086120605,-0.21673238277435303,0.05434441566467285,-0.2892862558364868,0.06100046634674072,-0.33814510703086853,0.06524354219436646,-0.3831719756126404
1,0.0,0.0,-0.07151609659194946,-0.02157759666442871,-0.1364351511001587,-0.06665629148483276,-0.18763884902000427,-0.10860538482666016,-0.228407621383667,-0.14604151248931885,-0.08239108324050903,-0.22232019901275635,-0.11083579063415527,-0.31523942947387695,-0.12664088606834412,-0.3706161379814148,-0.13921388983726501,-0.41959041357040405,-0.04040396213531494,-0.2407219409942627,-0.05191248655319214,-0.3427685499191284,-0.05954378843307495,-0.4055890440940857,-0.0656401515007019,-0.4585988223552704,0.0002707242965698242,-0.2362648844718933,0.005342721939086914,-0.3272337317466736,0.006561338901519775,-0.3853169083595276,0.0050508975982666016,-0.43632060289382935,0.03939563035964966,-0.2152513861656189,0.05389881134033203,-0.2877933979034424,0.060346245765686035,-0.33676832914352417,0.0639541745185852,-0.3827904462814331
1,0.0,0.0,-0.07150453329086304,-0.022704482078552246,-0.13609284162521362,-0.06899881362915039,-0.1878879964351654,-0.10876423120498657,-0.2276652455329895,-0.14297330379486084,-0.08583047986030579,-0.22127413749694824,-0.11410799622535706,-0.3149509131908417,-0.1292170286178589,-0.37058788537979126,-0.1405559778213501,-0.41952306032180786,-0.043699562549591064,-0.24070441722869873,-0.05618351697921753,-0.3427172303199768,-0.0638498067855835,-0.40648776292800903,-0.06973129510879517,-0.46080657839775085,-0.002613067626953125,-0.23685985803604126,0.0020784735679626465,-0.328963965177536,0.0030060410499572754,-0.3873228430747986,0.0015376806259155273,-0.4384118914604187,0.03719818592071533,-0.2161039113998413,0.05218231678009033,-0.28915637731552124,0.059118032455444336,-0.33797475695610046,0.06339770555496216,-0.383953332901001
1,0.0,0.0,-0.07210838794708252,-0.026639997959136963,-0.1354757845401764,-0.07518446445465088,-0.18513312935829163,-0.11552107334136963,-0.22583746910095215,-0.1473313570022583,-0.08056747913360596,-0.2244701385498047,-0.10700497031211853,-0.31791460514068604,-0.12224063277244568,-0.37450528144836426,-0.1348845362663269,-0.4239808917045593,-0.03823810815811157,-0.24160701036453247,-0.04730355739593506,-0.34467577934265137,-0.05365818738937378,-0.4073413610458374,-0.059601783752441406,-0.4605696499347687,0.002176940441131592,-0.2364320158958435,0.008218586444854736,-0.3285742998123169,0.01084834337234497,-0.38695186376571655,0.009862244129180908,-0.4379846751689911,0.04056429862976074,-0.21470856666564941,0.056227803230285645,-0.2873513698577881,0.06399065256118774,-0.33628571033477783,0.06864684820175171,-0.38182657957077026
1,0.0,0.0,-0.07150775194168091,-0.027483999729156494,-0.1347275972366333,-0.07671302556991577,-0.18486067652702332,-0.11886715888977051,-0.22745740413665771,-0.14789623022079468,-0.08210921287536621,-0.2225756049156189,-0.10719570517539978,-0.3151382803916931,-0.12075245380401611,-0.37168413400650024,-0.1310010850429535,-0.4214649796485901,-0.03921854496002197,-0.24022150039672852,-0.04791975021362305,-0.3430497646331787,-0.053077876567840576,-0.4063061773777008,-0.057436585426330566,-0.46008366346359253,0.0019901394844055176,-0.23527276515960693,0.008307576179504395,-0.32707637548446655,0.011716783046722412,-0.3853899836540222,0.01179051399230957,-0.43629008531570435,0.040955185890197754,-0.21421557664871216,0.05682265758514404,-0.2875438928604126,0.06570261716842651,-0.33712178468704224,0.07155954837799072,-0.3828772306442261
1,0.0,0.0,-0.07120674848556519,-0.025607407093048096,-0.1326865255832672,-0.07871639728546143,-0.1819145679473877,-0.1241561770439148,-0.22656625509262085,-0.15207791328430176,-0.07848477363586426,-0.2259708046913147,-0.10415834188461304,-0.317592978477478,-0.11781573295593262,-0.37527310848236084,-0.1277991235256195,-0.4258929491043091,-0.03562331199645996,-0.2437809705734253,-0.04421132802963257,-0.34643757343292236,-0.050430476665496826,-0.4109064042568207,-0.05540025234222412,-0.4656117558479309,0.005026042461395264,-0.23847180604934692,0.011371314525604248,-0.3314516842365265,0.015186071395874023,-0.3909793496131897,0.016033947467803955,-0.4429277777671814,0.04308199882507324,-0.2164384126663208,0.05846381187438965,-0.2890295386314392,0.06690049171447754,-0.33822429180145264,0.0725412368774414,-0.3838998079299927
1,0.0,0.0,-0.070492684841156,-0.028099775314331055,-0.13174396753311157,-0.08253192901611328,-0.18004918098449707,-0.12751924991607666,-0.222983717918396,-0.1542317271232605,-0.07759511470794678,-0.22806668281555176,-0.10152614116668701,-0.3207727074623108,-0.11398571729660034,-0.37838542461395264,-0.12289908528327942,-0.4280671775341034,-0.03459501266479492,-0.24474620819091797,-0.042175233364105225,-0.34810274839401245,-0.04830056428909302,-0.41226255893707275,-0.053511619567871094,-0.46537208557128906,0.006270885467529297,-0.23850113153457642,0.013976514339447021,-0.3319454789161682,0.01755303144454956,-0.3897606134414673,0.017961442470550537,-0.43859949707984924,0.04429268836975098,-0.21533739566802979,0.06156045198440552,-0.28880757093429565,0.07075071334838867,-0.3377644121646881,0.076698899269104,-0.38180962204933167
1,0.0,0.0,-0.07143163681030273,-0.028319358825683594,-0.13276612758636475,-0.08326101303100586,-0.17955350875854492,-0.12967932224273682,-0.22161605954170227,-0.15961229801177979,-0.0774279236793518,-0.23045498132705688,-0.09853655099868774,-0.3240787982940674,-0.11083006858825684,-0.38051551580429077,-0.12105399370193481,-0.4298917055130005,-0.03405487537384033,-0.24492841958999634,-0.04098111391067505,-0.3476754128932953,-0.045494794845581055,-0.4112870693206787,-0.049592435359954834,-0.46485403180122375,0.0063422322273254395,-0.2374688982963562,0.01327061653137207,-0.3311230540275574,0.019101858139038086,-0.3893740177154541,0.02133166790008545,-0.43983930349349976,0.04419422149658203,-0.2142273187637329,0.06125766038894653,-0.2882029414176941,0.07085496187210083,-0.3371139168739319,0.07694590091705322,-0.3823973834514618
1,0.0,0.0,-0.07053405046463013,-0.030180037021636963,-0.13164448738098145,-0.08529555797576904,-0.1806185245513916,-0.13209426403045654,-0.22367441654205322,-0.15833473205566406,-0.07313823699951172,-0.23111289739608765,-0.09656548500061035,-0.32447201013565063,-0.10912537574768066,-0.38294708728790283,-0.11839693784713745,-0.43323075771331787,-0.030762970447540283,-0.24609196186065674,-0.038542747497558594,-0.3497081398963928,-0.04326450824737549,-0.413228303194046,-0.04662430286407471,-0.46660134196281433,0.009258151054382324,-0.2386571168899536,0.016899704933166504,-0.3326369524002075,0.02238231897354126,-0.39085617661476135,0.025366485118865967,-0.4408327639102936,0.04675513505935669,-0.21474909782409668,0.0639110803604126,-0.2877330780029297,0.07387256622314453,-0.33618485927581787,0.08121353387832642,-0.3812103569507599
1,0.0,0.0,-0.07067364454269409,-0.031007111072540283,-0.13089698553085327,-0.08901512622833252,-0.17954707145690918,-0.1374140977859497,-0.22449788451194763,-0.16370683908462524,-0.07365411520004272,-0.2362176775932312,-0.0965116024017334,-0.3296181261539459,-0.1081882119178772,-0.38786381483078003,-0.11707615852355957,-0.43827879428863525,-0.03072059154510498,-0.2513411045074463,-0.03862994909286499,-0.3531033992767334,-0.042735397815704346,-0.41460686922073364,-0.045822739601135254,-0.46619728207588196,0.009913861751556396,-0.243461012840271,0.01764768362045288,-0.33708518743515015,0.0230371356010437,-0.39496320486068726,0.02564758062362671,-0.4444751739501953,0.04769712686538696,-0.21883559226989746,0.06413775682449341,-0.292458176612854,0.07332640886306763,-0.34093379974365234,0.07973533868789673,-0.38549190759658813
1,0.0,0.0,-0.07129591703414917,-0.031174063682556152,-0.13276565074920654,-0.08881235122680664,-0.18065980076789856,-0.13763904571533203,-0.22399550676345825,-0.16673541069030762,-0.07263410091400146,-0.2335810661315918,-0.09557962417602539,-0.3301463723182678,-0.10715627670288086,-0.38977575302124023,-0.11554092168807983,-0.44186896085739136,-0.029846608638763428,-0.2494308352470398,-0.038867950439453125,-0.35351550579071045,-0.04360252618789673,-0.41719186305999756,-0.04653376340866089,-0.4710237681865692,0.010390162467956543,-0.24203705787658691,0.018566787242889404,-0.33613911271095276,0.02385014295578003,-0.3959529399871826,0.02691471576690674,-0.44697993993759155,0.048205018043518066,-0.21805483102798462,0.06468826532363892,-0.2913607954978943,0.07351672649383545,-0.340254545211792,0.07995545864105225,-0.38503140211105347
1,0.0,0.0,-0.07114565372467041,-0.03179806470870972,-0.1336238980293274,-0.08996409177780151,-0.18256282806396484,-0.13886874914169312,-0.22588717937469482,-0.1664627194404602,-0.07633388042449951,-0.23431426286697388,-0.09887951612472534,-0.33188456296920776,-0.10948359966278076,-0.39080148935317993,-0.11694598197937012,-0.4425622522830963,-0.03359133005142212,-0.25020211935043335,-0.04314064979553223,-0.3543459177017212,-0.04804229736328125,-0.4178372621536255,-0.051241517066955566,-0.47078758478164673,0.007296502590179443,-0.24318498373031616,0.014877736568450928,-0.33754658699035645,0.019369065761566162,-0.39657849073410034,0.022056102752685547,-0.44655317068099976,0.046169817447662354,-0.21953517198562622,0.06304627656936646,-0.2931363582611084,0.07173073291778564,-0.34133976697921753,0.07822155952453613,-0.3854703903198242
1,0.0,0.0,-0.07252293825149536,-0.03040069341659546,-0.13411802053451538,-0.08815622329711914,-0.18278348445892334,-0.13765978813171387,-0.22621548175811768,-0.16655129194259644,-0.07718086242675781,-0.23404115438461304,-0.09861695766448975,-0.33087241649627686,-0.10861235857009888,-0.3900928795337677,-0.11590290069580078,-0.44241607189178467,-0.03369051218032837,-0.2495552897453308,-0.04225277900695801,-0.35312169790267944,-0.046180903911590576,-0.4169574975967407,-0.048842012882232666,-0.4714528024196625,0.00764155387878418,-0.24201089143753052,0.0174751877784729,-0.33593401312828064,0.024200797080993652,-0.3944622278213501,0.02771073579788208,-0.4447447657585144,0.04659140110015869,-0.21757465600967407,0.06354331970214844,-0.2909035086631775,0.07272601127624512,-0.33846598863601685,0.07920652627944946,-0.38217049837112427
1,0.0,0.0,-0.07074201107025146,-0.03144568204879761,-0.13064295053482056,-0.0896415114402771,-0.17803817987442017,-0.14015132188796997,-0.22105753421783447,-0.17079293727874756,-0.0742608904838562,-0.23805731534957886,-0.09672987461090088,-0.33389031887054443,-0.10699856281280518,-0.3922443091869354,-0.11399000883102417,-0.44410473108291626,-0.030127406120300293,-0.25279438495635986,-0.03898888826370239,-0.3567013740539551,-0.04245394468307495,-0.4206535816192627,-0.04416811466217041,-0.47455894947052,0.011489808559417725,-0.2435705065727234,0.02122730016708374,-0.3370513319969177,0.027984797954559326,-0.39547091722488403,0.03164374828338623,-0.4462504982948303,0.05071544647216797,-0.21752983331680298,0.06748735904693604,-0.29095911979675293,0.07579028606414795,-0.33887290954589844,0.08135020732879639,-0.3842430114746094
1,0.0,0.0,-0.07182520627975464,-0.031299710273742676,-0.13454550504684448,-0.09210902452468872,-0.18210631608963013,-0.14212000370025635,-0.2228480577468872,-0.17232078313827515,-0.07747364044189453,-0.23586177825927734,-0.09907704591751099,-0.33352166414260864,-0.10913223028182983,-0.392055481672287,-0.11647933721542358,-0.4436914324760437,-0.03272813558578491,-0.25149810314178467,-0.03902536630630493,-0.3567630648612976,-0.041127920150756836,-0.4213322103023529,-0.041681647300720215,-0.47435495257377625,0.0087968111038208,-0.24292194843292236,0.02021324634552002,-0.3355392813682556,0.0268213152885437,-0.3943549394607544,0.03110271692276001,-0.44499528408050537,0.047304511070251465,-0.21753448247909546,0.06458860635757446,-0.2891196012496948,0.07261002063751221,-0.3365628123283386,0.07861882448196411,-0.38183900713920593
1,0.0,0.0,-0.07163745164871216,-0.030539631843566895,-0.133497953414917,-0.08959650993347168,-0.18118008971214294,-0.1403055191040039,-0.2229411005973816,-0.1723254919052124,-0.07637029886245728,-0.2360813021659851,-0.0979357361793518,-0.33287304639816284,-0.10779935121536255,-0.3914332687854767,-0.11435693502426147,-0.443605899810791,-0.031669795513153076,-0.25165289640426636,-0.038428664207458496,-0.3570597767829895,-0.040864646434783936,-0.42207008600234985,-0.041915297508239746,-0.4763738214969635,0.009524106979370117,-0.24296081066131592,0.021622300148010254,-0.33710977435112,0.028429746627807617,-0.395565390586853,0.03207129240036011,-0.4461429715156555,0.04746818542480469,-0.21703952550888062,0.06490975618362427,-0.2897869348526001,0.07361042499542236,-0.33762091398239136,0.07967692613601685,-0.38299834728240967
1,0.0,0.0,-0.0709119439125061,-0.02911245822906494,-0.1316092610359192,-0.08870702981948853,-0.17912235856056213,-0.14183813333511353,-0.22288274765014648,-0.17270970344543457,-0.07551831007003784,-0.23600876331329346,-0.09661030769348145,-0.33336079120635986,-0.10669934749603271,-0.39258599281311035,-0.11355710029602051,-0.4452345073223114,-0.030850648880004883,-0.25168949365615845,-0.03820246458053589,-0.35745829343795776,-0.040982842445373535,-0.42285263538360596,-0.04213815927505493,-0.47835636138916016,0.010393798351287842,-0.24292868375778198,0.021823108196258545,-0.3372749090194702,0.02858656644821167,-0.39603787660598755,0.03256940841674805,-0.4471583664417267,0.048539817333221436,-0.21703863143920898,0.06533914804458618,-0.2902870774269104,0.07392364740371704,-0.33801716566085815,0.08021634817123413,-0.3833887577056885
1,0.0,0.0,-0.06999987363815308,-0.029683291912078857,-0.13115930557250977,-0.08906501531600952,-0.17917665839195251,-0.14066392183303833,-0.2219635248184204,-0.17199987173080444,-0.0753939151763916,-0.23627042770385742,-0.09716516733169556,-0.33286309242248535,-0.10748028755187988,-0.39178478717803955,-0.11435097455978394,-0.4440608024597168,-0.030693411827087402,-0.2519192099571228,-0.037948548793792725,-0.356994092464447,-0.04017364978790283,-0.42151427268981934,-0.040716350078582764,-0.4762915372848511,0.010647296905517578,-0.24294310808181763,0.021828949451446533,-0.33651280403137207,0.028489112854003906,-0.394808828830719,0.03263741731643677,-0.4458855986595154,0.048794448375701904,-0.21685409545898438,0.06502348184585571,-0.28987616300582886,0.07348746061325073,-0.33710241317749023,0.0799897313117981,-0.3823850750923157
1,0.0,0.0,-0.0708722472190857,-0.029502153396606445,-0.13261163234710693,-0.08892512321472168,-0.18144428730010986,-0.13950872421264648,-0.22444361448287964,-0.16998302936553955,-0.07492154836654663,-0.23741590976715088,-0.09605568647384644,-0.3332098722457886,-0.10647839307785034,-0.3915681838989258,-0.1136312484741211,-0.4434138536453247,-0.03050452470779419,-0.2525179982185364,-0.03755843639373779,-0.35746175050735474,-0.03997993469238281,-0.4222836196422577,-0.040623366832733154,-0.4776604175567627,0.01051938533782959,-0.24343711137771606,0.021160423755645752,-0.3368089199066162,0.027749478816986084,-0.3947562873363495,0.031888365745544434,-0.4456513524055481,0.04844611883163452,-0.217556893825531,0.0649908185005188,-0.28962182998657227,0.0738566517829895,-0.3362424373626709,0.08084160089492798,-0.3810851573944092
1,0.0,0.0,-0.07209044694900513,-0.029408633708953857,-0.13523036241531372,-0.08570128679275513,-0.18496006727218628,-0.13484138250350952,-0.2299816608428955,-0.1653575301170349,-0.07580399513244629,-0.23625463247299194,-0.09694480895996094,-0.33253154158592224,-0.10828453302383423,-0.3910401165485382,-0.11605429649353027,-0.442844420671463,-0.032482802867889404,-0.25145775079727173,-0.03914910554885864,-0.35656434297561646,-0.04161936044692993,-0.4209178686141968,-0.041765809059143066,-0.4750269651412964,0.008073985576629639,-0.2430064082145691,0.017982304096221924,-0.33642396330833435,0.02350229024887085,-0.3956139087677002,0.02749037742614746,-0.446966290473938,0.04612988233566284,-0.2180730104446411,0.06383955478668213,-0.2912355661392212,0.0730634331703186,-0.33880478143692017,0.08056288957595825,-0.38371676206588745
1,0.0,0.0,-0.07151460647583008,-0.028912663459777832,-0.13421863317489624,-0.08449596166610718,-0.18543559312820435,-0.13321161270141602,-0.23249661922454834,-0.16049408912658691,-0.07686221599578857,-0.23342812061309814,-0.09845906496047974,-0.3295215964317322,-0.10916119813919067,-0.3889082074165344,-0.11565208435058594,-0.44124215841293335,-0.03412151336669922,-0.24992519617080688,-0.04150187969207764,-0.3539065718650818,-0.04409509897232056,-0.4177783131599426,-0.04406696557998657,-0.4726451635360718,0.006182670593261719,-0.24345773458480835,0.01568305492401123,-0.3371809720993042,0.021716415882110596,-0.3964763283729553,0.026160061359405518,-0.4471057951450348,0.04437166452407837,-0.2200995683670044,0.06240427494049072,-0.29256176948547363,0.07185697555541992,-0.340085506439209,0.07926380634307861,-0.3839695453643799
1,0.0,0.0,-0.07101374864578247,-0.03148120641708374,-0.13331812620162964,-0.08662420511245728,-0.18510740995407104,-0.13415545225143433,-0.2328397035598755,-0.15995025634765625,-0.07501685619354248,-0.2346058487892151,-0.09653276205062866,-0.3309386968612671,-0.10750120878219604,-0.39036625623703003,-0.11484748125076294,-0.4428103566169739,-0.03244298696517944,-0.2506011724472046,-0.04090362787246704,-0.3548198342323303,-0.0434688925743103,-0.41850632429122925,-0.04378026723861694,-0.4742077589035034,0.007522761821746826,-0.24338430166244507,0.016434013843536377,-0.3371463716030121,0.02360600233078003,-0.39639461040496826,0.028329312801361084,-0.447201132774353,0.04498183727264404,-0.21932661533355713,0.06243675947189331,-0.29128968715667725,0.07213073968887329,-0.3385232388973236,0.079376220703125,-0.38179945945739746
1,0.0,0.0,-0.06988286972045898,-0.029649674892425537,-0.13184702396392822,-0.08297175168991089,-0.18329650163650513,-0.12880754470825195,-0.22910428047180176,-0.1572638750076294,-0.07546985149383545,-0.2337443232536316,-0.09725821018218994,-0.3303426504135132,-0.10824936628341675,-0.38921424746513367,-0.11567056179046631,-0.4411953091621399,-0.03280186653137207,-0.24935173988342285,-0.03862851858139038,-0.35409602522850037,-0.04194140434265137,-0.41736093163490295,-0.044164955615997314,-0.47118520736694336,0.007170259952545166,-0.24198418855667114,0.017843306064605713,-0.3362692892551422,0.02317720651626587,-0.39628297090530396,0.025929510593414307,-0.4474928081035614,0.04500317573547363,-0.21825790405273438,0.06465166807174683,-0.2925680875778198,0.07477235794067383,-0.34119391441345215,0.08165699243545532,-0.38613998889923096
1,0.0,0.0,-0.06910014152526855,-0.02996039390563965,-0.13178741931915283,-0.08332324028015137,-0.18276548385620117,-0.12832355499267578,-0.22645795345306396,-0.15748554468154907,-0.0769120454788208,-0.23258626461029053,-0.09788459539413452,-0.3283415138721466,-0.10886240005493164,-0.3863981366157532,-0.11653780937194824,-0.4377441704273224,-0.03307688236236572,-0.24787402153015137,-0.038410723209381104,-0.35322606563568115,-0.04155677556991577,-0.4173179864883423,-0.043976426124572754,-0.4719931483268738,0.007720649242401123,-0.2402362823486328,0.018968641757965088,-0.3347312808036804,0.024577558040618896,-0.39469730854034424,0.02726370096206665,-0.44575151801109314,0.04609274864196777,-0.21638798713684082,0.06502890586853027,-0.2909986972808838,0.07511770725250244,-0.3393127918243408,0.08183372020721436,-0.38376152515411377
1,0.0,0.0,-0.07035797834396362,-0.029054343700408936,-0.1326029896736145,-0.08322852849960327,-0.18270409107208252,-0.1287548542022705,-0.225691556930542,-0.1571163535118103,-0.07505923509597778,-0.23354709148406982,-0.0956621766090393,-0.3285197615623474,-0.10696911811828613,-0.38603878021240234,-0.11481368541717529,-0.43702271580696106,-0.030656158924102783,-0.24973440170288086,-0.03608185052871704,-0.35399129986763,-0.03976196050643921,-0.4188484847545624,-0.042209506034851074,-0.4733350872993469,0.010222017765045166,-0.24253171682357788,0.02113419771194458,-0.3358900845050812,0.02721303701400757,-0.3944626450538635,0.03038930892944336,-0.4444039463996887,0.04827678203582764,-0.21861374378204346,0.06742358207702637,-0.29269760847091675,0.07783132791519165,-0.3406756818294525,0.08515316247940063,-0.3848607540130615
1,0.0,0.0,-0.06993460655212402,-0.029047131538391113,-0.1312786340713501,-0.08254849910736084,-0.1810801923274994,-0.12867015600204468,-0.22593247890472412,-0.15861088037490845,-0.07522410154342651,-0.2328646183013916,-0.09870392084121704,-0.3266037404537201,-0.11076080799102783,-0.38439780473709106,-0.11823555827140808,-0.4352511465549469,-0.0313071608543396,-0.24958860874176025,-0.037797391414642334,-0.3537774682044983,-0.04156416654586792,-0.4181634485721588,-0.043469011783599854,-0.4729313552379608,0.009763956069946289,-0.24227523803710938,0.02027231454849243,-0.33580178022384644,0.026005208492279053,-0.3950195014476776,0.02952718734741211,-0.4461427628993988,0.04850208759307861,-0.2183576226234436,0.06696462631225586,-0.29279059171676636,0.07726699113845825,-0.34143370389938354,0.08466869592666626,-0.3867475390434265
1,0.0,0.0,-0.07097339630126953,-0.025785624980926514,-0.13460153341293335,-0.07610273361206055,-0.18419665098190308,-0.12174010276794434,-0.22786402702331543,-0.1542203426361084,-0.07744210958480835,-0.23125362396240234,-0.10215717554092407,-0.3253782391548157,-0.11570662260055542,-0.3837960958480835,-0.12498247623443604,-0.4347967207431793,-0.03367316722869873,-0.24833416938781738,-0.03899878263473511,-0.3530615568161011,-0.04324638843536377,-0.4168970584869385,-0.04614013433456421,-0.47101062536239624,0.0069501399993896484,-0.2415671944618225,0.016720473766326904,-0.33610236644744873,0.021414518356323242,-0.3955150842666626,0.02373480796813965,-0.4472619891166687,0.04534202814102173,-0.21796250343322754,0.06423693895339966,-0.29219603538513184,0.07417625188827515,-0.34089237451553345,0.08117878437042236,-0.3862462639808655
1,0.0,0.0,-0.07189184427261353,-0.02525162696838379,-0.1361020803451538,-0.07281386852264404,-0.18618255853652954,-0.11582690477371216,-0.22897648811340332,-0.1485397219657898,-0.07834464311599731,-0.22782307863235474,-0.1013440489768982,-0.3222116529941559,-0.11450448632240295,-0.38058459758758545,-0.12372934818267822,-0.4321301579475403,-0.034239351749420166,-0.24523067474365234,-0.04020392894744873,-0.34962883591651917,-0.045425236225128174,-0.4145887494087219,-0.049378812313079834,-0.46972033381462097,0.007126569747924805,-0.2392553687095642,0.0169144868850708,-0.3336297869682312,0.021090209484100342,-0.39279335737228394,0.022691845893859863,-0.4444153904914856,0.04607635736465454,-0.21604818105697632,0.0647626519203186,-0.290477454662323,0.07425928115844727,-0.3394184410572052,0.0808904767036438,-0.3849589228630066
1,0.0,0.0,-0.07178497314453125,-0.026475250720977783,-0.1348068118095398,-0.07342684268951416,-0.18510717153549194,-0.11677038669586182,-0.22799262404441833,-0.1502942442893982,-0.07800167798995972,-0.22869127988815308,-0.1022595763206482,-0.32402417063713074,-0.11700880527496338,-0.381815642118454,-0.12775105237960815,-0.433139443397522,-0.03413301706314087,-0.2475520372390747,-0.04133039712905884,-0.3515892028808594,-0.04667407274246216,-0.41630956530570984,-0.05062878131866455,-0.47169438004493713,0.006695747375488281,-0.24285799264907837,0.017460346221923828,-0.3351823687553406,0.02267467975616455,-0.3948195278644562,0.025157451629638672,-0.44697287678718567,0.04514777660369873,-0.22142279148101807,0.0638321042060852,-0.29343903064727783,0.07354557514190674,-0.34220394492149353,0.08062517642974854,-0.38767656683921814
1,0.0,0.0,-0.0713810920715332,-0.023766756057739258,-0.136593759059906,-0.06820428371429443,-0.1885145902633667,-0.11055010557174683,-0.23009204864501953,-0.1481257677078247,-0.08109980821609497,-0.22548294067382812,-0.1052657961845398,-0.3210993707180023,-0.11942422389984131,-0.37798750400543213,-0.1294310986995697,-0.4295122027397156,-0.037415146827697754,-0.24330085515975952,-0.04606145620346069,-0.34702354669570923,-0.05055159330368042,-0.41169291734695435,-0.052922725677490234,-0.46752500534057617,0.0037900805473327637,-0.23755645751953125,0.013840854167938232,-0.3298342823982239,0.019317924976348877,-0.3877665400505066,0.022128939628601074,-0.4392702281475067,0.04310518503189087,-0.2162843942642212,0.06116276979446411,-0.29079705476760864,0.07135844230651855,-0.3395479917526245,0.07903289794921875,-0.3859748840332031
1,0.0,0.0,-0.07246917486190796,-0.022552669048309326,-0.1384982168674469,-0.06582355499267578,-0.1903214156627655,-0.10778099298477173,-0.2300543189048767,-0.14869141578674316,-0.07855075597763062,-0.2227427363395691,-0.10458606481552124,-0.319441020488739,-0.11832499504089355,-0.37669914960861206,-0.1275867521762848,-0.42811790108680725,-0.03429853916168213,-0.2410380244255066,-0.04418289661407471,-0.3472667634487152,-0.048915326595306396,-0.41182300448417664,-0.05122727155685425,-0.4676090180873871,0.006979763507843018,-0.23564165830612183,0.01638704538345337,-0.3305676579475403,0.02271038293838501,-0.3897954821586609,0.02667015790939331,-0.4425528049468994,0.045772433280944824,-0.2140445113182068,0.0622410774230957,-0.28959041833877563,0.07248151302337646,-0.33764368295669556,0.08057165145874023,-0.3831917643547058
1,0.0,0.0,-0.07461506128311157,-0.020007431507110596,-0.14088433980941772,-0.06273782253265381,-0.19151678681373596,-0.10562443733215332,-0.2307313084602356,-0.14652562141418457,-0.07904395461082458,-0.22568225860595703,-0.10498595237731934,-0.32017308473587036,-0.11939120292663574,-0.37680089473724365,-0.12946301698684692,-0.4266929030418396,-0.03486901521682739,-0.2442808747291565,-0.04477971792221069,-0.3490813970565796,-0.051091134548187256,-0.4126015305519104,-0.05494719743728638,-0.467833936214447,0.005910396575927734,-0.23925554752349854,0.014571070671081543,-0.33262741565704346,0.018837451934814453,-0.39054417610168457,0.021102309226989746,-0.4423459768295288,0.04450035095214844,-0.21787762641906738,0.06193286180496216,-0.29120397567749023,0.0718725323677063,-0.3383628726005554,0.07983279228210449,-0.38323652744293213
1,0.0,0.0,-0.07704770565032959,-0.018374204635620117,-0.14292025566101074,-0.06385087966918945,-0.1919947862625122,-0.10996490716934204,-0.2341563105583191,-0.14743685722351074,-0.08014288544654846,-0.2247275710105896,-0.10549989342689514,-0.3192892074584961,-0.1194649338722229,-0.3758057653903961,-0.12890908122062683,-0.42668670415878296,-0.0357515811920166,-0.24394965171813965,-0.04502016305923462,-0.3487555980682373,-0.05141794681549072,-0.4128097891807556,-0.05516982078552246,-0.46727147698402405,0.005784809589385986,-0.2394772171974182,0.01484137773513794,-0.3339890241622925,0.01887291669845581,-0.3927147388458252,0.021307051181793213,-0.4446585774421692,0.04566758871078491,-0.21813428401947021,0.06253045797348022,-0.2930543124675751,0.07187992334365845,-0.3408316671848297,0.07925266027450562,-0.38613319396972656
1,0.0,0.0,-0.07711213827133179,-0.01979374885559082,-0.14358216524124146,-0.06746083498001099,-0.19190570712089539,-0.11583137512207031,-0.2359275221824646,-0.14942079782485962,-0.08105912804603577,-0.2259145975112915,-0.10649511218070984,-0.3207871913909912,-0.12069231271743774,-0.3771567642688751,-0.13074642419815063,-0.4282364249229431,-0.03699547052383423,-0.2441624402999878,-0.04716777801513672,-0.3496987223625183,-0.053034067153930664,-0.4138030409812927,-0.05626934766769409,-0.4683224856853485,0.005139827728271484,-0.23908662796020508,0.015181422233581543,-0.3331749141216278,0.020640671253204346,-0.39210444688796997,0.024356365203857422,-0.4441315829753876,0.046001970767974854,-0.21699774265289307,0.0620538592338562,-0.2920788824558258,0.07079207897186279,-0.33969229459762573,0.07756352424621582,-0.3844960033893585
1,0.0,0.0,-0.07816338539123535,-0.019806504249572754,-0.14415055513381958,-0.07225441932678223,-0.19014179706573486,-0.12194961309432983,-0.23472145199775696,-0.15218883752822876,-0.07981786131858826,-0.232383131980896,-0.10439890623092651,-0.32695692777633667,-0.11927348375320435,-0.3825075626373291,-0.13068366050720215,-0.4330880641937256,-0.03592020273208618,-0.24918097257614136,-0.04611772298812866,-0.35250124335289,-0.052107781171798706,-0.4165511727333069,-0.05598828196525574,-0.47168391942977905,0.005693376064300537,-0.24259257316589355,0.017363548278808594,-0.3359578847885132,0.022251427173614502,-0.39386987686157227,0.02382880449295044,-0.4457434117794037,0.04594087600708008,-0.21904951333999634,0.0652499794960022,-0.29459160566329956,0.07384747266769409,-0.3435855805873871,0.0789945125579834,-0.3908720314502716
1,0.0,0.0,-0.07665511965751648,-0.02344822883605957,-0.1420651078224182,-0.08189898729324341,-0.18880927562713623,-0.12909436225891113,-0.23365354537963867,-0.15359807014465332,-0.07924628257751465,-0.2393816113471985,-0.10678145289421082,-0.3305596113204956,-0.12261593341827393,-0.385344922542572,-0.1347528100013733,-0.43521055579185486,-0.03656923770904541,-0.2570453882217407,-0.04720109701156616,-0.3593122959136963,-0.05411598086357117,-0.4224523603916168,-0.059361010789871216,-0.47682952880859375,0.004982113838195801,-0.2509961724281311,0.016858339309692383,-0.34534353017807007,0.021071195602416992,-0.404073566198349,0.02191758155822754,-0.4567433297634125,0.04520142078399658,-0.22774803638458252,0.06392490863800049,-0.3049693703651428,0.07320809364318848,-0.3544502854347229,0.07860952615737915,-0.4020153880119324
1,0.0,0.0,-0.07735273241996765,-0.022031426429748535,-0.14360886812210083,-0.07758951187133789,-0.19164645671844482,-0.12078851461410522,-0.23414111137390137,-0.14760273694992065,-0.08028611540794373,-0.23474490642547607,-0.1081857681274414,-0.3245311677455902,-0.12373650074005127,-0.3779079020023346,-0.1358441710472107,-0.42636221647262573,-0.037800222635269165,-0.2531772255897522,-0.05033877491950989,-0.35553330183029175,-0.05770811438560486,-0.41919565200805664,-0.06283611059188843,-0.4729071259498596,0.0033401846885681152,-0.24784255027770996,0.013151228427886963,-0.341799259185791,0.01649320125579834,-0.4021914303302765,0.01692068576812744,-0.4559873342514038,0.04355591535568237,-0.22543948888778687,0.06185448169708252,-0.3018542528152466,0.06975233554840088,-0.3514522314071655,0.07287001609802246,-0.3994082808494568
1,0.0,0.0,-0.07789111137390137,-0.021568596363067627,-0.1457064151763916,-0.07640248537063599,-0.19354036450386047,-0.12040883302688599,-0.23642301559448242,-0.1443750262260437,-0.08625465631484985,-0.2317313551902771,-0.11469659209251404,-0.32235652208328247,-0.1303379237651825,-0.3759516477584839,-0.14182835817337036,-0.42455217242240906,-0.04419595003128052,-0.2514283061027527,-0.05778893828392029,-0.35495197772979736,-0.0655893087387085,-0.4190220832824707,-0.07059371471405029,-0.47255802154541016,-0.0026267170906066895,-0.24767273664474487,0.0068032145500183105,-0.3416895866394043,0.010526478290557861,-0.40241390466690063,0.011662483215332031,-0.45506227016448975,0.03891783952713013,-0.22685277462005615,0.05849117040634155,-0.3032627999782562,0.06692588329315186,-0.3526225984096527,0.07067161798477173,-0.3999314606189728
1,0.0,0.0,-0.08354717493057251,-0.022962331771850586,-0.14969533681869507,-0.08009612560272217,-0.19868555665016174,-0.12352204322814941,-0.24223852157592773,-0.14491480588912964,-0.09319806098937988,-0.2317448854446411,-0.1203005313873291,-0.3251441717147827,-0.13491475582122803,-0.3797619938850403,-0.1458204984664917,-0.4280465245246887,-0.04900622367858887,-0.2515590190887451,-0.060886770486831665,-0.35713034868240356,-0.06834492087364197,-0.4220917522907257,-0.07400098443031311,-0.4749677777290344,-0.007144629955291748,-0.24783414602279663,0.0011487007141113281,-0.3438958525657654,0.004284679889678955,-0.4044996500015259,0.005595088005065918,-0.4561229348182678,0.034998178482055664,-0.2280399203300476,0.0522158145904541,-0.3048878610134125,0.0587007999420166,-0.35377365350723267,0.061663925647735596,-0.4010885953903198
1,0.0,0.0,-0.08403712511062622,-0.023909270763397217,-0.14840692281723022,-0.07964420318603516,-0.19856536388397217,-0.12245994806289673,-0.24281886219978333,-0.14288932085037231,-0.09251397848129272,-0.23032468557357788,-0.1195899248123169,-0.32300934195518494,-0.13358762860298157,-0.377666711807251,-0.14372462034225464,-0.42749783396720886,-0.04820030927658081,-0.2511807680130005,-0.05912485718727112,-0.3560636341571808,-0.06579482555389404,-0.4212310314178467,-0.07063281536102295,-0.47517621517181396,-0.007132053375244141,-0.24745851755142212,0.0020470023155212402,-0.34526604413986206,0.005208015441894531,-0.4056001603603363,0.0064307451248168945,-0.4564405381679535,0.03451895713806152,-0.22701901197433472,0.054022908210754395,-0.3040003180503845,0.061458051204681396,-0.35313230752944946,0.06517910957336426,-0.4005786180496216
1,0.0,0.0,-0.08199998736381531,-0.02230745553970337,-0.1510986089706421,-0.07795888185501099,-0.20283597707748413,-0.11731624603271484,-0.24722862243652344,-0.1342008113861084,-0.09602352976799011,-0.23093104362487793,-0.12305131554603577,-0.32246893644332886,-0.13607388734817505,-0.3758501410484314,-0.14532509446144104,-0.4233308732509613,-0.05184638500213623,-0.2510850429534912,-0.06386864185333252,-0.3550313115119934,-0.07032537460327148,-0.41841837763786316,-0.07452866435050964,-0.4705899953842163,-0.009524941444396973,-0.24848443269729614,-0.0018762648105621338,-0.34410423040390015,0.0016498565673828125,-0.4031370282173157,0.003115415573120117,-0.4533683955669403,0.03224337100982666,-0.22918784618377686,0.049036622047424316,-0.30691561102867126,0.05616050958633423,-0.3558935821056366,0.059618473052978516,-0.4031129479408264
1,0.0,0.0,-0.07963591814041138,-0.020108461380004883,-0.14842593669891357,-0.07434046268463135,-0.2004258632659912,-0.1117774248123169,-0.2434079945087433,-0.1307084560394287,-0.09760844707489014,-0.22703689336776733,-0.12324616312980652,-0.31737270951271057,-0.13685598969459534,-0.37234464287757874,-0.14634811878204346,-0.4212000370025635,-0.053610652685165405,-0.2485329508781433,-0.06553322076797485,-0.3504154086112976,-0.07188805937767029,-0.41527795791625977,-0.07547295093536377,-0.47057947516441345,-0.011148035526275635,-0.24714910984039307,-0.005168706178665161,-0.34105151891708374,-0.0026715099811553955,-0.40067827701568604,-0.0015416741371154785,-0.4526675045490265,0.030132591724395752,-0.22923797369003296,0.045335233211517334,-0.305625319480896,0.052658259868621826,-0.35564693808555603,0.05714327096939087,-0.4037654399871826
1,0.0,0.0,-0.07932037115097046,-0.020581960678100586,-0.14803743362426758,-0.07365882396697998,-0.19994446635246277,-0.11030292510986328,-0.24407075345516205,-0.12647801637649536,-0.09363305568695068,-0.22490769624710083,-0.1211332380771637,-0.3135373890399933,-0.13588112592697144,-0.3672453761100769,-0.1465669572353363,-0.41514045000076294,-0.05028381943702698,-0.24685752391815186,-0.06285315752029419,-0.3484840393066406,-0.07014089822769165,-0.41242682933807373,-0.07468965649604797,-0.4671059846878052,-0.008717566728591919,-0.2463499903678894,-0.004364520311355591,-0.3403301239013672,-0.002724379301071167,-0.40005946159362793,-0.002616584300994873,-0.45231568813323975,0.031734973192214966,-0.22922199964523315,0.04794326424598694,-0.30477720499038696,0.05598822236061096,-0.3550858497619629,0.060548752546310425,-0.40300512313842773
1,0.0,0.0,-0.08107465505599976,-0.021225690841674805,-0.1496453583240509,-0.07391554117202759,-0.20253565907478333,-0.10976672172546387,-0.24690687656402588,-0.1260836124420166,-0.09896016120910645,-0.22447997331619263,-0.12839528918266296,-0.31511974334716797,-0.14332059025764465,-0.36919674277305603,-0.1535395085811615,-0.41781944036483765,-0.05481800436973572,-0.24763083457946777,-0.06933009624481201,-0.3489539623260498,-0.07700255513191223,-0.4134141802787781,-0.08111801743507385,-0.467620313167572,-0.012508392333984375,-0.24761128425598145,-0.008357346057891846,-0.3428811728954315,-0.006594300270080566,-0.40282243490219116,-0.006050676107406616,-0.4550650119781494,0.02872335910797119,-0.23139816522598267,0.044199585914611816,-0.308821439743042,0.0512700080871582,-0.35937148332595825,0.05515158176422119,-0.4079509675502777
1,0.0,0.0,-0.08260253071784973,-0.018476426601409912,-0.15187597274780273,-0.06804049015045166,-0.20539209246635437,-0.10238093137741089,-0.24993520975112915,-0.11952370405197144,-0.10314217209815979,-0.2209520936012268,-0.13137546181678772,-0.3108658492565155,-0.1465800702571869,-0.36467283964157104,-0.1571347713470459,-0.4126276671886444,-0.05828067660331726,-0.24419009685516357,-0.07297345995903015,-0.34626641869544983,-0.08090007305145264,-0.4112127423286438,-0.0857180655002594,-0.46481752395629883,-0.015752792358398438,-0.24415385723114014,-0.011227935552597046,-0.339394211769104,-0.009667754173278809,-0.39926764369010925,-0.010102957487106323,-0.4514312148094177,0.025284916162490845,-0.22831487655639648,0.04108211398124695,-0.305372416973114,0.04803839325904846,-0.3552408218383789,0.05156901478767395,-0.40385985374450684
1,0.0,0.0,-0.08279415965080261,-0.020027101039886475,-0.15258488059043884,-0.06769657135009766,-0.20691171288490295,-0.10096019506454468,-0.2525344491004944,-0.11804091930389404,-0.10413184762001038,-0.22339153289794922,-0.13442018628120422,-0.31257838010787964,-0.15033653378486633,-0.3662726879119873,-0.16054174304008484,-0.4134597182273865,-0.06013116240501404,-0.2462363839149475,-0.07674404978752136,-0.3472658395767212,-0.08531245589256287,-0.41117042303085327,-0.09003359079360962,-0.4644901752471924,-0.01826915144920349,-0.24704891443252563,-0.014602571725845337,-0.3419787585735321,-0.014090657234191895,-0.40106385946273804,-0.015252858400344849,-0.4524913728237152,0.02179846167564392,-0.23238176107406616,0.03665831685066223,-0.3073592782020569,0.04207596182823181,-0.35675859451293945,0.044585198163986206,-0.40559184551239014
1,0.0,0.0,-0.08229225873947144,-0.0185849666595459,-0.15160933136940002,-0.06869357824325562,-0.206508606672287,-0.10253781080245972,-0.2510208934545517,-0.11831212043762207,-0.10290858149528503,-0.22298020124435425,-0.13334685564041138,-0.3122546672821045,-0.14919736981391907,-0.3656708300113678,-0.15913528203964233,-0.4129818081855774,-0.059200793504714966,-0.24667805433273315,-0.07619494199752808,-0.34832239151000977,-0.08474859595298767,-0.41258782148361206,-0.0896715521812439,-0.46564728021621704,-0.017028599977493286,-0.2477441430091858,-0.014291226863861084,-0.34255221486091614,-0.013090640306472778,-0.4020944833755493,-0.013836324214935303,-0.4540552794933319,0.023170500993728638,-0.2326759696006775,0.03679153323173523,-0.30755409598350525,0.04222407937049866,-0.3568522334098816,0.04520466923713684,-0.4054177403450012
1,0.0,0.0,-0.08082309365272522,-0.016053974628448486,-0.15192744135856628,-0.06494879722595215,-0.20822244882583618,-0.09829175472259521,-0.2538525015115738,-0.1142113208770752,-0.10651826858520508,-0.22199976444244385,-0.1373937427997589,-0.31013473868370056,-0.1530313491821289,-0.3643866181373596,-0.1630677580833435,-0.41173988580703735,-0.06345775723457336,-0.2461654543876648,-0.08124962449073792,-0.34739887714385986,-0.08951961994171143,-0.41107821464538574,-0.09410861134529114,-0.4634370505809784,-0.020844995975494385,-0.24739927053451538,-0.019611477851867676,-0.3430289924144745,-0.017892390489578247,-0.4018511474132538,-0.01808527112007141,-0.4527510702610016,0.020628809928894043,-0.23195421695709229,0.03352248668670654,-0.30853599309921265,0.03899270296096802,-0.35828468203544617,0.04177999496459961,-0.4067027270793915
1,0.0,0.0,-0.08153757452964783,-0.01674807071685791,-0.15178871154785156,-0.06605994701385498,-0.2072632908821106,-0.100960373878479,-0.2533614784479141,-0.11604452133178711,-0.10686546564102173,-0.2200990915298462,-0.13782739639282227,-0.3103923499584198,-0.1538260281085968,-0.36502015590667725,-0.16453483700752258,-0.4131181836128235,-0.06310054659843445,-0.24467647075653076,-0.08095958828926086,-0.34749406576156616,-0.08930271863937378,-0.4119224548339844,-0.09367966651916504,-0.4654374420642853,-0.02054077386856079,-0.24643802642822266,-0.01970943808555603,-0.34358376264572144,-0.017812997102737427,-0.40284526348114014,-0.01778203248977661,-0.45441409945487976,0.02078130841255188,-0.231503427028656,0.033448368310928345,-0.3077838718891144,0.038464635610580444,-0.35749924182891846,0.04071637988090515,-0.406316876411438
1,0.0,0.0,-0.08067908883094788,-0.01586318016052246,-0.15126162767410278,-0.06350034475326538,-0.20802205801010132,-0.09605836868286133,-0.2537478059530258,-0.11250710487365723,-0.10753008723258972,-0.2186567783355713,-0.13936135172843933,-0.30837690830230713,-0.15598037838935852,-0.3624736964702606,-0.1668950319290161,-0.4101110100746155,-0.06427356600761414,-0.2438969612121582,-0.08344092965126038,-0.34637147188186646,-0.09265926480293274,-0.4108457565307617,-0.09754127264022827,-0.4638853073120117,-0.021636903285980225,-0.24598020315170288,-0.021222621202468872,-0.3435595631599426,-0.020019978284835815,-0.4032232165336609,-0.02028334140777588,-0.4546482264995575,0.019790351390838623,-0.23084670305252075,0.03220927715301514,-0.30786362290382385,0.03721064329147339,-0.35817351937294006,0.03953343629837036,-0.4069361090660095
1,0.0,0.0,-0.07921925187110901,-0.012869715690612793,-0.15145084261894226,-0.060021817684173584,-0.2085646390914917,-0.09403377771377563,-0.25452224910259247,-0.10949361324310303,-0.1087927520275116,-0.21505075693130493,-0.14162534475326538,-0.30527597665786743,-0.1585400402545929,-0.3595549166202545,-0.17030075192451477,-0.4083643853664398,-0.06541699171066284,-0.24182111024856567,-0.08524632453918457,-0.344455361366272,-0.09485065937042236,-0.4091638922691345,-0.10020911693572998,-0.4628280997276306,-0.02282664179801941,-0.24489206075668335,-0.022835135459899902,-0.3431248962879181,-0.022209763526916504,-0.40327322483062744,-0.022900491952896118,-0.45468246936798096,0.018837183713912964,-0.2303379774093628,0.03070068359375,-0.3080138564109802,0.03528141975402832,-0.35864901542663574,0.036810219287872314,-0.40691110491752625
1,0.0,0.0,-0.07718157768249512,-0.012037813663482666,-0.14979985356330872,-0.05851811170578003,-0.2079155445098877,-0.09235572814941406,-0.2547116279602051,-0.10879510641098022,-0.10759788751602173,-0.21624106168746948,-0.14253053069114685,-0.30617189407348633,-0.16020995378494263,-0.36027175188064575,-0.1725025475025177,-0.40895524621009827,-0.06502151489257812,-0.24340397119522095,-0.08626031875610352,-0.3452259302139282,-0.09675440192222595,-0.4093477129936218,-0.10308793187141418,-0.46259137988090515,-0.02285182476043701,-0.24634653329849243,-0.02255508303642273,-0.3440341353416443,-0.022774457931518555,-0.40438002347946167,-0.02446359395980835,-0.4562763273715973,0.018503785133361816,-0.2314605712890625,0.029882371425628662,-0.30847376585006714,0.03367972373962402,-0.3592830300331116,0.03450649976730347,-0.40794920921325684
1,0.0,0.0,-0.07699331641197205,-0.011798202991485596,-0.14962676167488098,-0.05698424577713013,-0.20745757222175598,-0.08953094482421875,-0.25410638749599457,-0.10644799470901489,-0.1073000431060791,-0.21498137712478638,-0.1425584852695465,-0.3036500811576843,-0.16043496131896973,-0.35734593868255615,-0.17272397875785828,-0.40569373965263367,-0.0650283694267273,-0.24160802364349365,-0.08648732304573059,-0.3431943655014038,-0.09696808457374573,-0.4072272777557373,-0.10320255160331726,-0.4604772925376892,-0.023174166679382324,-0.24416786432266235,-0.023170500993728638,-0.34156090021133423,-0.023131847381591797,-0.40227288007736206,-0.024444609880447388,-0.45485877990722656,0.01786363124847412,-0.22909563779830933,0.02893105149269104,-0.3058904707431793,0.03286018967628479,-0.3567003011703491,0.03392818570137024,-0.40573441982269287
1,0.0,0.0,-0.07799369096755981,-0.013270378112792969,-0.14916878938674927,-0.05874347686767578,-0.2055782675743103,-0.09084218740463257,-0.25163014233112335,-0.10710561275482178,-0.1076444685459137,-0.21302223205566406,-0.14148235321044922,-0.30184242129325867,-0.15821963548660278,-0.3559030294418335,-0.1702093482017517,-0.4050428569316864,-0.06454893946647644,-0.2404516339302063,-0.08519819378852844,-0.3420593738555908,-0.09551817178726196,-0.4066593647003174,-0.1019338071346283,-0.4609457552433014,-0.022349447011947632,-0.24305427074432373,-0.02216440439224243,-0.33989179134368896,-0.02189314365386963,-0.4002552032470703,-0.023378074169158936,-0.4526541531085968,0.018871724605560303,-0.22744882106781006,0.03033691644668579,-0.3037436008453369,0.034622907638549805,-0.3540540337562561,0.03558129072189331,-0.4025568962097168
1,0.0,0.0,-0.07669243216514587,-0.012910604476928711,-0.1470031440258026,-0.05935472249984741,-0.20248347520828247,-0.09221917390823364,-0.2475704401731491,-0.10674983263015747,-0.10295364260673523,-0.21366608142852783,-0.13637614250183105,-0.3018569052219391,-0.15350490808486938,-0.3547893166542053,-0.16571813821792603,-0.40253889560699463,-0.06045141816139221,-0.24037426710128784,-0.08003488183021545,-0.3416392505168915,-0.0905914306640625,-0.4048689007759094,-0.09719392657279968,-0.45795977115631104,-0.018749266862869263,-0.24251991510391235,-0.01737317442893982,-0.33878499269485474,-0.017143994569778442,-0.39846721291542053,-0.01908087730407715,-0.4496382176876068,0.022207796573638916,-0.2262789011001587,0.03487476706504822,-0.30181601643562317,0.03975597023963928,-0.35165780782699585,0.04100808501243591,-0.3988332152366638
1,0.0,0.0,-0.07571151852607727,-0.015397906303405762,-0.14405298233032227,-0.06204819679260254,-0.1976386308670044,-0.09479999542236328,-0.2418113350868225,-0.11111420392990112,-0.09950593113899231,-0.21409624814987183,-0.13228917121887207,-0.30201593041419983,-0.14904701709747314,-0.35563695430755615,-0.1608065962791443,-0.403852641582489,-0.057421594858169556,-0.24036306142807007,-0.07700419425964355,-0.34120869636535645,-0.0876116156578064,-0.40443408489227295,-0.09434479475021362,-0.45841607451438904,-0.015446275472640991,-0.24246299266815186,-0.014235079288482666,-0.33914732933044434,-0.013870298862457275,-0.39958685636520386,-0.015486031770706177,-0.4521227478981018,0.02628183364868164,-0.22586357593536377,0.03923642635345459,-0.30265694856643677,0.04463303089141846,-0.35349270701408386,0.04626351594924927,-0.40172484517097473
1,0.0,0.0,-0.07540801167488098,-0.01702284812927246,-0.1418202519416809,-0.0645795464515686,-0.19409504532814026,-0.09639257192611694,-0.2381158173084259,-0.11211198568344116,-0.09697017073631287,-0.21369391679763794,-0.1298328936100006,-0.30077221989631653,-0.14673182368278503,-0.3550081253051758,-0.15852013230323792,-0.4032984972000122,-0.055492937564849854,-0.23987525701522827,-0.07424846291542053,-0.34103766083717346,-0.08508384227752686,-0.4051969051361084,-0.09246805310249329,-0.45963290333747864,-0.01371493935585022,-0.24174940586090088,-0.011423975229263306,-0.3387894630432129,-0.011558860540390015,-0.3992818593978882,-0.013648778200149536,-0.4512827694416046,0.027490586042404175,-0.2244080901145935,0.042267411947250366,-0.30232444405555725,0.048342734575271606,-0.3543112874031067,0.05011305212974548,-0.4029277563095093
1,0.0,0.0,-0.07673463225364685,-0.0173986554145813,-0.14468279480934143,-0.0655258297920227,-0.1959042251110077,-0.09853291511535645,-0.2397174835205078,-0.11397480964660645,-0.09728005528450012,-0.21579217910766602,-0.12911683320999146,-0.30294057726860046,-0.1457436978816986,-0.3566388487815857,-0.15859556198120117,-0.4039396643638611,-0.05524367094039917,-0.2405359148979187,-0.07232943177223206,-0.34129655361175537,-0.08370751142501831,-0.4048424959182739,-0.0925326943397522,-0.458767831325531,-0.013278961181640625,-0.24215805530548096,-0.011539429426193237,-0.3381398916244507,-0.012293040752410889,-0.39827972650527954,-0.014676958322525024,-0.44962576031684875,0.027848035097122192,-0.22560375928878784,0.04177317023277283,-0.30417105555534363,0.04841390252113342,-0.3562065660953522,0.05145886540412903,-0.40399169921875
1,0.0,0.0,-0.0755344033241272,-0.017499268054962158,-0.1430301070213318,-0.06697964668273926,-0.19387564063072205,-0.10113978385925293,-0.23847144842147827,-0.11515671014785767,-0.096294105052948,-0.21861392259597778,-0.12817803025245667,-0.3064352571964264,-0.14482811093330383,-0.3601943254470825,-0.15792199969291687,-0.4070710837841034,-0.053625673055648804,-0.24169230461120605,-0.06985372304916382,-0.34368836879730225,-0.08014610409736633,-0.4071471691131592,-0.08846282958984375,-0.46144193410873413,-0.01087111234664917,-0.24142003059387207,-0.009273320436477661,-0.3383059501647949,-0.008557647466659546,-0.39877307415008545,-0.009774565696716309,-0.45165154337882996,0.03061443567276001,-0.2227787971496582,0.04384922981262207,-0.301131933927536,0.050150275230407715,-0.35274600982666016,0.052681803703308105,-0.4014055132865906
1,0.0,0.0,-0.07833793759346008,-0.0133017897605896,-0.14742663502693176,-0.06678527593612671,-0.1993669867515564,-0.10324347019195557,-0.2444339096546173,-0.11856257915496826,-0.10228857398033142,-0.220614492893219,-0.13464808464050293,-0.30835869908332825,-0.1513056457042694,-0.3626245856285095,-0.16457104682922363,-0.40946364402770996,-0.05957356095314026,-0.2439783811569214,-0.07610264420509338,-0.34666162729263306,-0.08654531836509705,-0.4104927182197571,-0.09531509876251221,-0.4634626805782318,-0.01667901873588562,-0.24298733472824097,-0.014799445867538452,-0.3391231894493103,-0.013766109943389893,-0.40029412508010864,-0.015312135219573975,-0.45286884903907776,0.02511197328567505,-0.22288966178894043,0.038957059383392334,-0.2987508475780487,0.04502362012863159,-0.3481292128562927,0.04639619588851929,-0.3943822383880615
1,0.0,0.0,-0.07794255018234253,-0.016199350357055664,-0.14634233713150024,-0.06671887636184692,-0.196635901927948,-0.10302305221557617,-0.2416914701461792,-0.1222962737083435,-0.09863197803497314,-0.22357600927352905,-0.13093087077140808,-0.30960869789123535,-0.1488056182861328,-0.36330556869506836,-0.16330468654632568,-0.41023215651512146,-0.05629092454910278,-0.24558186531066895,-0.07202029228210449,-0.346597820520401,-0.08272677659988403,-0.40943974256515503,-0.09221038222312927,-0.46306443214416504,-0.014169454574584961,-0.24386060237884521,-0.012475788593292236,-0.33925092220306396,-0.011453688144683838,-0.40042346715927124,-0.013445675373077393,-0.45347437262535095,0.026773035526275635,-0.22367560863494873,0.040190160274505615,-0.30055612325668335,0.04759812355041504,-0.3502691090106964,0.050392985343933105,-0.39642488956451416
1,0.0,0.0,-0.07730332016944885,-0.012883365154266357,-0.14565464854240417,-0.06397265195846558,-0.19418811798095703,-0.10516899824142456,-0.23936212062835693,-0.12486231327056885,-0.09851285815238953,-0.22171252965927124,-0.1295403242111206,-0.31055450439453125,-0.14641201496124268,-0.36527326703071594,-0.15945765376091003,-0.41246503591537476,-0.054911643266677856,-0.2436811327934265,-0.07034298777580261,-0.3473033905029297,-0.07942318916320801,-0.41145408153533936,-0.08644112944602966,-0.46521633863449097,-0.011807739734649658,-0.24172908067703247,-0.007796645164489746,-0.3377905488014221,-0.005756735801696777,-0.39787739515304565,-0.006933152675628662,-0.4490760862827301,0.03014892339706421,-0.22154736518859863,0.043862104415893555,-0.29800885915756226,0.05042630434036255,-0.34666258096694946,0.051890790462493896,-0.39166897535324097
1,0.0,0.0,-0.07488757371902466,-0.012868046760559082,-0.1434524953365326,-0.06126314401626587,-0.19302251935005188,-0.10144472122192383,-0.23752045631408691,-0.12143313884735107,-0.09279268980026245,-0.22023934125900269,-0.12439829111099243,-0.30909037590026855,-0.14187639951705933,-0.36385560035705566,-0.1561366319656372,-0.4116440415382385,-0.05105277895927429,-0.24268579483032227,-0.06705254316329956,-0.34463104605674744,-0.07744660973548889,-0.4081282913684845,-0.08644348382949829,-0.4614368677139282,-0.009912371635437012,-0.24060559272766113,-0.004718959331512451,-0.33517712354660034,-0.0031388401985168457,-0.3961181342601776,-0.005295217037200928,-0.4485832750797272,0.030120432376861572,-0.21927469968795776,0.04442787170410156,-0.29444897174835205,0.05043637752532959,-0.3432944416999817,0.05158078670501709,-0.3888983130455017
1,0.0,0.0,-0.0724957287311554,-0.015014946460723877,-0.1390964686870575,-0.061859190464019775,-0.18918436765670776,-0.10155880451202393,-0.23423242568969727,-0.1249387264251709,-0.08965510129928589,-0.22237074375152588,-0.12315765023231506,-0.311354398727417,-0.1418982446193695,-0.36576753854751587,-0.156855970621109,-0.41264808177948,-0.04809287190437317,-0.2440701127052307,-0.0647878646850586,-0.3454802930355072,-0.0747256875038147,-0.4078902006149292,-0.08234834671020508,-0.45874136686325073,-0.006296634674072266,-0.24175149202346802,-0.004263699054718018,-0.3362925946712494,-0.0028298497200012207,-0.39513444900512695,-0.0037227272987365723,-0.44516679644584656,0.034539639949798584,-0.22060555219650269,0.045122385025024414,-0.2948717474937439,0.049849510192871094,-0.3435286283493042,0.05136364698410034,-0.3880619704723358
1,0.0,0.0,-0.07251349091529846,-0.015490829944610596,-0.1388475000858307,-0.0581783652305603,-0.18877795338630676,-0.09691911935806274,-0.2328568696975708,-0.12032032012939453,-0.08925363421440125,-0.2174743413925171,-0.1226324737071991,-0.3069065809249878,-0.14031222462654114,-0.3608494997024536,-0.1536095142364502,-0.4073529839515686,-0.04811221361160278,-0.23886847496032715,-0.06372255086898804,-0.3414556384086609,-0.07374811172485352,-0.40375709533691406,-0.08143505454063416,-0.45387473702430725,-0.007121443748474121,-0.23629021644592285,-0.001400589942932129,-0.33132404088974,-0.0004968047142028809,-0.3896421194076538,-0.001750946044921875,-0.4381360709667206,0.032674312591552734,-0.21491611003875732,0.04808998107910156,-0.28978443145751953,0.05494922399520874,-0.338428258895874,0.05831873416900635,-0.3823077082633972
1,0.0,0.0,-0.0738355815410614,-0.015847980976104736,-0.13993269205093384,-0.060132384300231934,-0.1902802586555481,-0.09952813386917114,-0.23473623394966125,-0.12353116273880005,-0.08547097444534302,-0.21998172998428345,-0.11857402324676514,-0.3084459602832794,-0.13742932677268982,-0.36256903409957886,-0.15194302797317505,-0.41054362058639526,-0.04366958141326904,-0.24045127630233765,-0.061388254165649414,-0.3407147526741028,-0.07323405146598816,-0.40361732244491577,-0.08210712671279907,-0.45588573813438416,-0.0021802783012390137,-0.23723548650741577,0.0025313496589660645,-0.3299010694026947,0.0023009181022644043,-0.39001867175102234,-0.00023853778839111328,-0.4417487382888794,0.03799217939376831,-0.21608221530914307,0.0514790415763855,-0.2900303304195404,0.05703747272491455,-0.3397432565689087,0.059513986110687256,-0.38615691661834717
1,0.0,0.0,-0.07352286577224731,-0.016594111919403076,-0.13738316297531128,-0.057512640953063965,-0.18859422206878662,-0.09651422500610352,-0.23349541425704956,-0.1281510591506958,-0.08595594763755798,-0.22062426805496216,-0.11761578917503357,-0.3098652958869934,-0.13606882095336914,-0.3639187216758728,-0.1499527096748352,-0.41112786531448364,-0.04407799243927002,-0.24271780252456665,-0.06135326623916626,-0.3433157205581665,-0.0720752477645874,-0.4052926301956177,-0.07982590794563293,-0.45786944031715393,-0.0028624534606933594,-0.24134457111358643,0.00047284364700317383,-0.33328527212142944,0.001240372657775879,-0.3909386396408081,-0.00022423267364501953,-0.44016456604003906,0.03721427917480469,-0.22287678718566895,0.049615442752838135,-0.29539090394973755,0.056073784828186035,-0.34374916553497314,0.06007027626037598,-0.3871508538722992
1,0.0,0.0,-0.07464820146560669,-0.01861739158630371,-0.1408090591430664,-0.06157475709915161,-0.19155389070510864,-0.10113215446472168,-0.23366481065750122,-0.1345207691192627,-0.08603611588478088,-0.2193387746810913,-0.11884123086929321,-0.31176406145095825,-0.13633057475090027,-0.3677007853984833,-0.14967209100723267,-0.41631829738616943,-0.043755948543548584,-0.24051707983016968,-0.0605277419090271,-0.3435192108154297,-0.07116144895553589,-0.4067794680595398,-0.07932400703430176,-0.45968538522720337,-0.0031293630599975586,-0.2378116250038147,0.0010030269622802734,-0.3326396942138672,0.0019097328186035156,-0.39353540539741516,0.0007112026214599609,-0.4452733099460602,0.03573501110076904,-0.21735185384750366,0.0493583083152771,-0.2909059226512909,0.05558210611343384,-0.3411237597465515,0.059491097927093506,-0.3868696093559265
1,0.0,0.0,-0.07364153861999512,-0.02257782220840454,-0.13889536261558533,-0.06934285163879395,-0.19112995266914368,-0.11006981134414673,-0.2350095510482788,-0.139476478099823,-0.08508819341659546,-0.21987348794937134,-0.11516663432121277,-0.31117385625839233,-0.1326439082622528,-0.3675766587257385,-0.14651265740394592,-0.4175065755844116,-0.043310344219207764,-0.241269052028656,-0.057517409324645996,-0.3444567918777466,-0.06753796339035034,-0.4083555340766907,-0.07554495334625244,-0.46297577023506165,-0.0024794936180114746,-0.23879116773605347,0.0014588236808776855,-0.33211541175842285,0.0033265352249145508,-0.3919152319431305,0.002944648265838623,-0.44350603222846985,0.03661227226257324,-0.2189807891845703,0.05090111494064331,-0.2930529713630676,0.058618247509002686,-0.34314727783203125,0.06406545639038086,-0.3894498348236084
1,0.0,0.0,-0.07285881042480469,-0.0237576961517334,-0.1357470154762268,-0.07102137804031372,-0.1889238953590393,-0.11343342065811157,-0.2357674241065979,-0.14139288663864136,-0.08475059270858765,-0.21953290700912476,-0.11400780081748962,-0.3119620680809021,-0.13064831495285034,-0.3698312044143677,-0.14302346110343933,-0.420661598443985,-0.04261660575866699,-0.24028295278549194,-0.05612325668334961,-0.3448886573314667,-0.06472402811050415,-0.40886205434799194,-0.07148593664169312,-0.4657546281814575,-0.0016645193099975586,-0.2376558780670166,0.0019646286964416504,-0.3316459059715271,0.003825664520263672,-0.3908764719963074,0.0032524466514587402,-0.4427664279937744,0.0372544527053833,-0.21877169609069824,0.05204349756240845,-0.2932933270931244,0.06089365482330322,-0.34365710616111755,0.06752663850784302,-0.39033812284469604
1,0.0,0.0,-0.07317829132080078,-0.025664985179901123,-0.13582134246826172,-0.07590967416763306,-0.18801116943359375,-0.1187097430229187,-0.23334500193595886,-0.14547115564346313,-0.08414435386657715,-0.2228882908821106,-0.11220413446426392,-0.3151155710220337,-0.12810605764389038,-0.37285101413726807,-0.13998261094093323,-0.42324531078338623,-0.04078418016433716,-0.24301189184188843,-0.05193185806274414,-0.3469398319721222,-0.060446858406066895,-0.4118378162384033,-0.06735974550247192,-0.4676467776298523,0.0010106563568115234,-0.2395871877670288,0.00647050142288208,-0.3343466520309448,0.0086708664894104,-0.3936660587787628,0.00831902027130127,-0.4444121718406677,0.04016518592834473,-0.21925699710845947,0.05634760856628418,-0.2940225601196289,0.06524568796157837,-0.34447574615478516,0.07179385423660278,-0.39038145542144775
1,0.0,0.0,-0.07066470384597778,-0.026735961437225342,-0.1318032443523407,-0.07416599988937378,-0.18412429094314575,-0.11614227294921875,-0.2297087013721466,-0.14617770910263062,-0.07994568347930908,-0.22512829303741455,-0.10767382383346558,-0.3175073266029358,-0.12369158864021301,-0.3749876618385315,-0.13539409637451172,-0.4260798692703247,-0.03765249252319336,-0.24254459142684937,-0.04940110445022583,-0.34662917256355286,-0.05756962299346924,-0.4109073281288147,-0.06375062465667725,-0.46673882007598877,0.00398707389831543,-0.23602992296218872,0.009158968925476074,-0.3317393660545349,0.012311995029449463,-0.391939640045166,0.012909948825836182,-0.44458943605422974,0.043681979179382324,-0.21264266967773438,0.06046319007873535,-0.28914719820022583,0.07033145427703857,-0.340353786945343,0.07766157388687134,-0.3880525827407837
1,0.0,0.0,-0.07050842046737671,-0.02973794937133789,-0.13228526711463928,-0.08156132698059082,-0.1842326521873474,-0.12501925230026245,-0.22980111837387085,-0.1524207592010498,-0.08011895418167114,-0.226610004901886,-0.1066431999206543,-0.3211861252784729,-0.12150406837463379,-0.3795088529586792,-0.13231658935546875,-0.43089133501052856,-0.03744262456893921,-0.2441985011100769,-0.048522353172302246,-0.34870773553848267,-0.05564093589782715,-0.4135103225708008,-0.061183929443359375,-0.46907249093055725,0.004221022129058838,-0.23879551887512207,0.009428083896636963,-0.334908664226532,0.012818574905395508,-0.3950819969177246,0.013466119766235352,-0.44680947065353394,0.04415923357009888,-0.21694916486740112,0.06152600049972534,-0.29394787549972534,0.07156950235366821,-0.34524422883987427,0.0787426233291626,-0.3922423720359802
1,0.0,0.0,-0.07007277011871338,-0.029937028884887695,-0.13138985633850098,-0.07869410514831543,-0.18323230743408203,-0.12099683284759521,-0.22794127464294434,-0.1513890027999878,-0.07760089635848999,-0.22482889890670776,-0.10359865427017212,-0.3199295103549957,-0.117667555809021,-0.37832486629486084,-0.12743350863456726,-0.4295508563518524,-0.03480398654937744,-0.24215352535247803,-0.045730650424957275,-0.3473450541496277,-0.05322563648223877,-0.4125223159790039,-0.0591924786567688,-0.4691237509250641,0.006670176982879639,-0.23702526092529297,0.013275563716888428,-0.3323764503002167,0.0174863338470459,-0.3919696807861328,0.018621206283569336,-0.443070650100708,0.0460699200630188,-0.21568703651428223,0.06456559896469116,-0.2921603322029114,0.07526743412017822,-0.3428398370742798,0.08286184072494507,-0.38895493745803833
1,0.0,0.0,-0.07017028331756592,-0.029608070850372314,-0.1310715675354004,-0.08144915103912354,-0.1830708384513855,-0.12667429447174072,-0.22831299901008606,-0.15730106830596924,-0.07727527618408203,-0.22845834493637085,-0.10330849885940552,-0.32304927706718445,-0.11729663610458374,-0.38117408752441406,-0.12658479809761047,-0.4319523274898529,-0.034912288188934326,-0.24501347541809082,-0.0464056134223938,-0.3498060703277588,-0.05362808704376221,-0.4141392707824707,-0.058469533920288086,-0.469370573759079,0.006395399570465088,-0.23851782083511353,0.012328088283538818,-0.3347094655036926,0.016216695308685303,-0.393404483795166,0.01778554916381836,-0.4439188838005066,0.046066880226135254,-0.21570688486099243,0.06401324272155762,-0.2920639216899872,0.07450169324874878,-0.34288153052330017,0.08254671096801758,-0.38995054364204407
1,0.0,0.0,-0.070140540599823,-0.03024059534072876,-0.13191795349121094,-0.08261644840240479,-0.18291354179382324,-0.12955570220947266,-0.22647011280059814,-0.1609368920326233,-0.07606613636016846,-0.23047494888305664,-0.10218608379364014,-0.3258868157863617,-0.11607986688613892,-0.38339072465896606,-0.1256919503211975,-0.43413782119750977,-0.033465683460235596,-0.2473086714744568,-0.044515907764434814,-0.3518272340297699,-0.051949918270111084,-0.41636717319488525,-0.0574570894241333,-0.47091877460479736,0.007319509983062744,-0.24082309007644653,0.0145186185836792,-0.3372142016887665,0.018822133541107178,-0.3965238034725189,0.020511329174041748,-0.44743263721466064,0.045870423316955566,-0.21708136796951294,0.0647590160369873,-0.2925044894218445,0.07521271705627441,-0.3427281975746155,0.08300715684890747,-0.38928288221359253
1,0.0,0.0,-0.07113784551620483,-0.03090035915374756,-0.13305455446243286,-0.08408325910568237,-0.1835768222808838,-0.13233083486557007,-0.2251303791999817,-0.16539400815963745,-0.07736223936080933,-0.23305654525756836,-0.1012488603591919,-0.3283122777938843,-0.11329901218414307,-0.3863193690776825,-0.12136185169219971,-0.4375188946723938,-0.033544063568115234,-0.24896439909934998,-0.04318499565124512,-0.3537282943725586,-0.04807084798812866,-0.4178905487060547,-0.05117487907409668,-0.4722442626953125,0.007986009120941162,-0.2409014105796814,0.0177462100982666,-0.33602574467658997,0.024383544921875,-0.39527297019958496,0.027781367301940918,-0.4465257227420807,0.04747503995895386,-0.21532702445983887,0.06894081830978394,-0.2888783812522888,0.08138364553451538,-0.3378669023513794,0.09084576368331909,-0.38407427072525024
1,0.0,0.0,-0.07094895839691162,-0.03039991855621338,-0.13385534286499023,-0.08756881952285767,-0.18354138731956482,-0.13805973529815674,-0.22573959827423096,-0.168592631816864,-0.07722032070159912,-0.23461908102035522,-0.10074836015701294,-0.33077472448349,-0.1125795841217041,-0.3894605040550232,-0.12063521146774292,-0.44103771448135376,-0.03300541639328003,-0.24966630339622498,-0.04170280694961548,-0.35597580671310425,-0.04566723108291626,-0.421006977558136,-0.04811835289001465,-0.475276917219162,0.008987724781036377,-0.24080109596252441,0.020529091358184814,-0.3361455202102661,0.02748805284500122,-0.396304190158844,0.03113454580307007,-0.44786226749420166,0.048619091510772705,-0.21479499340057373,0.07208961248397827,-0.2879432141780853,0.08574813604354858,-0.33682942390441895,0.09618210792541504,-0.38272982835769653
1,0.0,0.0,-0.07187527418136597,-0.031168460845947266,-0.1345517635345459,-0.0881999135017395,-0.184603750705719,-0.13876312971115112,-0.2261258065700531,-0.17151415348052979,-0.07768887281417847,-0.2344987988471985,-0.09912323951721191,-0.3312571346759796,-0.10960549116134644,-0.3903643786907196,-0.11628139019012451,-0.44153672456741333,-0.03301805257797241,-0.24894362688064575,-0.040354907512664795,-0.35595887899398804,-0.043301403522491455,-0.4210548400878906,-0.04440397024154663,-0.4752446115016937,0.009605109691619873,-0.23991507291793823,0.02254265546798706,-0.3367873430252075,0.030582010746002197,-0.39628058671951294,0.03535938262939453,-0.4475501775741577,0.04982626438140869,-0.21356987953186035,0.07645189762115479,-0.2861880958080292,0.09358644485473633,-0.33352985978126526,0.10726851224899292,-0.3781876266002655
1,0.0,0.0,-0.07118147611618042,-0.03147768974304199,-0.13326185941696167,-0.0892379879951477,-0.18313810229301453,-0.14011156558990479,-0.2248445749282837,-0.173883855342865,-0.07576340436935425,-0.23427951335906982,-0.09661096334457397,-0.3319433331489563,-0.10658657550811768,-0.3919098675251007,-0.11249148845672607,-0.4442341923713684,-0.03070974349975586,-0.24855554103851318,-0.036497652530670166,-0.35501664876937866,-0.03892064094543457,-0.4204331040382385,-0.03935384750366211,-0.4762352406978607,0.011760950088500977,-0.2397351861000061,0.026392221450805664,-0.3359234929084778,0.03497660160064697,-0.3964621424674988,0.04043889045715332,-0.44944703578948975,0.051609933376312256,-0.21353411674499512,0.08102411031723022,-0.28570008277893066,0.10035234689712524,-0.3337457776069641,0.11609494686126709,-0.3795267343521118
1,0.0,0.0,-0.07084816694259644,-0.03233259916305542,-0.13355910778045654,-0.09040027856826782,-0.18368470668792725,-0.1419108510017395,-0.2241131067276001,-0.17795270681381226,-0.07335865497589111,-0.23841392993927002,-0.09316027164459229,-0.33569586277008057,-0.10254073143005371,-0.39488714933395386,-0.10771137475967407,-0.4467926621437073,-0.028152406215667725,-0.25127601623535156,-0.033548951148986816,-0.35819363594055176,-0.03565776348114014,-0.4233818054199219,-0.03549152612686157,-0.47883814573287964,0.014091134071350098,-0.2404150366783142,0.029905855655670166,-0.3369126319885254,0.039585649967193604,-0.3973367214202881,0.04644662141799927,-0.4507073163986206,0.053709983825683594,-0.21203374862670898,0.08552807569503784,-0.28277504444122314,0.10620218515396118,-0.3308294713497162,0.12353092432022095,-0.3777393102645874
1,0.0,0.0,-0.07007181644439697,-0.03372722864151001,-0.13075387477874756,-0.09221577644348145,-0.1804109811782837,-0.145724356174469,-0.22024253010749817,-0.1858762502670288,-0.06724274158477783,-0.2396520972251892,-0.08593326807022095,-0.33689427375793457,-0.09559577703475952,-0.39714762568473816,-0.10085868835449219,-0.45010799169540405,-0.021939754486083984,-0.25215429067611694,-0.025030851364135742,-0.35873889923095703,-0.026815593242645264,-0.4243777394294739,-0.0264432430267334,-0.4811415374279022,0.020086824893951416,-0.24065643548965454,0.03829437494277954,-0.3375728726387024,0.04862028360366821,-0.39845138788223267,0.05623471736907959,-0.4529920816421509,0.058801889419555664,-0.21057838201522827,0.09424757957458496,-0.2783122658729553,0.11734932661056519,-0.3256998360157013,0.1370367407798767,-0.3724587559700012
1,0.0,0.0,-0.06900966167449951,-0.03620791435241699,-0.12989801168441772,-0.09718012809753418,-0.17815187573432922,-0.15129613876342773,-0.216673344373703,-0.19162970781326294,-0.06242704391479492,-0.24160492420196533,-0.08018767833709717,-0.33989953994750977,-0.08996820449829102,-0.39998647570610046,-0.09531557559967041,-0.452856183052063,-0.016791701316833496,-0.25236910581588745,-0.01753777265548706,-0.35956549644470215,-0.017897605895996094,-0.42541438341140747,-0.016133368015289307,-0.4813441336154938,0.025195837020874023,-0.2393641471862793,0.044755756855010986,-0.3378027677536011,0.057494401931762695,-0.39892515540122986,0.0675356388092041,-0.4531637132167816,0.06388479471206665,-0.20771825313568115,0.10036897659301758,-0.27569565176963806,0.12452512979507446,-0.32259565591812134,0.1451546549797058,-0.36811375617980957
1,0.0,0.0,-0.06828278303146362,-0.0373079776763916,-0.12762269377708435,-0.0988001823425293,-0.17570924758911133,-0.15375834703445435,-0.21394780278205872,-0.19678258895874023,-0.058780550956726074,-0.24434435367584229,-0.07611989974975586,-0.34269005060195923,-0.08533376455307007,-0.4032670259475708,-0.08972209692001343,-0.45606887340545654,-0.012508809566497803,-0.25494951009750366,-0.011429965496063232,-0.3622066080570221,-0.010819733142852783,-0.4283837080001831,-0.007994234561920166,-0.48593103885650635,0.02922576665878296,-0.24097567796707153,0.052149951457977295,-0.33831822872161865,0.0665479302406311,-0.3995250463485718,0.07795655727386475,-0.45442628860473633,0.06678915023803711,-0.2077333927154541,0.10526382923126221,-0.2724456191062927,0.13090336322784424,-0.3179033398628235,0.15307742357254028,-0.3627811074256897
1,0.0,0.0,-0.06789302825927734,-0.038528501987457275,-0.12522780895233154,-0.10121655464172363,-0.17200613021850586,-0.15842032432556152,-0.21095401048660278,-0.2028600573539734,-0.05507463216781616,-0.24349337816238403,-0.07153743505477905,-0.34196317195892334,-0.08103442192077637,-0.40362709760665894,-0.0855453610420227,-0.45749202370643616,-0.00909513235092163,-0.25275444984436035,-0.006112992763519287,-0.3605676293373108,-0.004325270652770996,-0.42768219113349915,-0.0003350377082824707,-0.4871445298194885,0.031768620014190674,-0.23773664236068726,0.05621081590652466,-0.33478835225105286,0.07196873426437378,-0.3967939615249634,0.08428966999053955,-0.4526057243347168,0.06841647624969482,-0.2041040062904358,0.10763543844223022,-0.26908183097839355,0.1339392066001892,-0.31475919485092163,0.15664595365524292,-0.3593660593032837
1,0.0,0.0,-0.06774663925170898,-0.03815937042236328,-0.12379109859466553,-0.09776711463928223,-0.16709882020950317,-0.15402859449386597,-0.20364999771118164,-0.20051079988479614,-0.052351176738739014,-0.23712921142578125,-0.06681573390960693,-0.336810827255249,-0.07461303472518921,-0.39830636978149414,-0.07733982801437378,-0.4533041715621948,-0.00482630729675293,-0.24634438753128052,0.0005477666854858398,-0.35451847314834595,0.004296541213989258,-0.42252740263938904,0.009789109230041504,-0.48217424750328064,0.0365755558013916,-0.2304360270500183,0.06275641918182373,-0.3273199796676636,0.08013200759887695,-0.389252245426178,0.09418225288391113,-0.44544732570648193,0.07352352142333984,-0.1957067847251892,0.11408853530883789,-0.2598457336425781,0.1413077712059021,-0.3046325445175171,0.16443610191345215,-0.3483388125896454
1,0.0,0.0,-0.06778252124786377,-0.03967565298080444,-0.12421098351478577,-0.09984290599822998,-0.16818499565124512,-0.15675711631774902,-0.2069396674633026,-0.20138907432556152,-0.052925050258636475,-0.23818814754486084,-0.06806796789169312,-0.3380565643310547,-0.07575708627700806,-0.3998897671699524,-0.07832396030426025,-0.45498764514923096,-0.006050407886505127,-0.24780195951461792,-0.0002980232238769531,-0.35668104887008667,0.00389254093170166,-0.4245504140853882,0.009405195713043213,-0.48385289311408997,0.0351603627204895,-0.2318297028541565,0.06176251173019409,-0.32784560322761536,0.07932358980178833,-0.3901055157184601,0.09326756000518799,-0.44614696502685547,0.07193374633789062,-0.19665604829788208,0.11252039670944214,-0.26171696186065674,0.13909214735031128,-0.30743607878685,0.16150695085525513,-0.35166800022125244
1,0.0,0.0,-0.06850850582122803,-0.04179346561431885,-0.12300777435302734,-0.1050567626953125,-0.16444116830825806,-0.16111379861831665,-0.20338207483291626,-0.20293539762496948,-0.0499991774559021,-0.24040371179580688,-0.06512236595153809,-0.33889830112457275,-0.07258099317550659,-0.4003302752971649,-0.07408475875854492,-0.45489591360092163,-0.0022155046463012695,-0.24840080738067627,0.0028037428855895996,-0.355771005153656,0.0072956085205078125,-0.4239772856235504,0.014268815517425537,-0.48307570815086365,0.03902393579483032,-0.23176908493041992,0.0653185248374939,-0.3269933760166168,0.08348214626312256,-0.3878796696662903,0.0985642671585083,-0.4430004358291626,0.07538056373596191,-0.19630491733551025,0.1156378984451294,-0.2603510618209839,0.1432356834411621,-0.30395764112472534,0.16670262813568115,-0.34624844789505005
1,0.0,0.0,-0.07067352533340454,-0.03735882043838501,-0.12285995483398438,-0.1008598804473877,-0.16153407096862793,-0.1553802490234375,-0.20121696591377258,-0.19363445043563843,-0.04621404409408569,-0.23388582468032837,-0.05904906988143921,-0.3296099901199341,-0.06525099277496338,-0.39215773344039917,-0.06736165285110474,-0.44600751996040344,0.0017504096031188965,-0.2405722737312317,0.010042905807495117,-0.34875667095184326,0.014441072940826416,-0.417910099029541,0.019521594047546387,-0.4767613112926483,0.0427398681640625,-0.22346997261047363,0.0685577392578125,-0.3183337450027466,0.08548921346664429,-0.3804980516433716,0.09873795509338379,-0.436437726020813,0.07810717821121216,-0.1875259280204773,0.11849218606948853,-0.250210702419281,0.1458902359008789,-0.29377347230911255,0.16855394840240479,-0.33556029200553894
1,0.0,0.0,-0.07258152961730957,-0.034018099308013916,-0.12786433100700378,-0.09415328502655029,-0.16545942425727844,-0.14810186624526978,-0.2015407681465149,-0.19087320566177368,-0.05158132314682007,-0.23594236373901367,-0.06704378128051758,-0.3332368731498718,-0.07755875587463379,-0.3947739601135254,-0.08462435007095337,-0.44846758246421814,-0.005376636981964111,-0.24212396144866943,0.0016228556632995605,-0.34968283772468567,0.005018889904022217,-0.4186328947544098,0.008253872394561768,-0.479399710893631,0.03428196907043457,-0.22558432817459106,0.05835926532745361,-0.32188475131988525,0.07559454441070557,-0.3848702013492584,0.08818358182907104,-0.4428417682647705,0.06899517774581909,-0.19158875942230225,0.10747146606445312,-0.256628155708313,0.13434886932373047,-0.29927247762680054,0.15636152029037476,-0.339755117893219
1,0.0,0.0,-0.07322368025779724,-0.03188282251358032,-0.1290093958377838,-0.09279811382293701,-0.1673077940940857,-0.14886265993118286,-0.20183607935905457,-0.19630390405654907,-0.0534893274307251,-0.2390211820602417,-0.06717073917388916,-0.3352759778499603,-0.07773223519325256,-0.39517706632614136,-0.08546575903892517,-0.447539746761322,-0.008025407791137695,-0.2449047565460205,-0.0018375515937805176,-0.3526107668876648,0.0002339482307434082,-0.42078375816345215,0.00265580415725708,-0.4808835983276367,0.03181999921798706,-0.2278711199760437,0.05368727445602417,-0.32392582297325134,0.06945180892944336,-0.3855944871902466,0.08123612403869629,-0.44226041436195374,0.06765437126159668,-0.19316798448562622,0.1043122410774231,-0.25892919301986694,0.13012659549713135,-0.3016415238380432,0.15155047178268433,-0.34228819608688354
1,0.0,0.0,-0.07062003016471863,-0.03464043140411377,-0.1247209906578064,-0.09895694255828857,-0.15960973501205444,-0.15671277046203613,-0.19241884350776672,-0.2064218521118164,-0.04911211133003235,-0.24298596382141113,-0.06609010696411133,-0.3386997580528259,-0.07799938321113586,-0.3969588279724121,-0.08644759654998779,-0.44889208674430847,-0.0035920143127441406,-0.24940836429595947,-0.0003681778907775879,-0.3582686185836792,0.0013280510902404785,-0.4275432229042053,0.0034027099609375,-0.4875710904598236,0.03682899475097656,-0.231836199760437,0.05835247039794922,-0.32783111929893494,0.07456117868423462,-0.38853663206100464,0.08634775876998901,-0.44357216358184814,0.0737227201461792,-0.19605952501296997,0.1079290509223938,-0.26380133628845215,0.13196468353271484,-0.3070303797721863,0.15141266584396362,-0.3477330803871155
1,0.0,0.0,-0.07515054941177368,-0.02945840358734131,-0.12845838069915771,-0.0986177921295166,-0.1608378291130066,-0.16231906414031982,-0.19472086429595947,-0.2100917100906372,-0.05643388628959656,-0.2419854998588562,-0.07343682646751404,-0.34074845910072327,-0.0838937759399414,-0.4009689390659332,-0.09092393517494202,-0.4544914960861206,-0.009508669376373291,-0.2515372037887573,-0.008005142211914062,-0.3612092137336731,-0.007844984531402588,-0.4312673807144165,-0.006881058216094971,-0.49254685640335083,0.032282233238220215,-0.23609775304794312,0.05342888832092285,-0.33426210284233093,0.0665387511253357,-0.3976115584373474,0.0759764313697815,-0.45429593324661255,0.06962645053863525,-0.20221418142318726,0.10302799940109253,-0.27246707677841187,0.12512683868408203,-0.31614816188812256,0.14301156997680664,-0.35801583528518677
1,0.0,0.0,-0.07418963313102722,-0.032540857791900635,-0.12645316123962402,-0.10706251859664917,-0.15870004892349243,-0.1699833869934082,-0.1940494179725647,-0.21107202768325806,-0.05769002437591553,-0.2413184642791748,-0.07414215803146362,-0.33793556690216064,-0.08490556478500366,-0.39819833636283875,-0.09273090958595276,-0.45140984654426575,-0.010408878326416016,-0.2521211504936218,-0.007738709449768066,-0.3631735146045685,-0.0072394609451293945,-0.4341760277748108,-0.006385505199432373,-0.4965125620365143,0.03182518482208252,-0.23778820037841797,0.051224589347839355,-0.33955565094947815,0.06212747097015381,-0.4051285982131958,0.06957501173019409,-0.46425312757492065,0.06983190774917603,-0.20472806692123413,0.10078555345535278,-0.2765200734138489,0.1217125654220581,-0.3228163719177246,0.13884472846984863,-0.3667925000190735
1,0.0,0.0,-0.0713483989238739,-0.03195768594741821,-0.12470835447311401,-0.10072207450866699,-0.16258609294891357,-0.15567505359649658,-0.19975996017456055,-0.19556647539138794,-0.062439680099487305,-0.2380887269973755,-0.08370950818061829,-0.3317927122116089,-0.09594994783401489,-0.38994818925857544,-0.10509493947029114,-0.44132548570632935,-0.017116159200668335,-0.25131362676620483,-0.019276469945907593,-0.3615044355392456,-0.021022766828536987,-0.43064600229263306,-0.02238750457763672,-0.4913017153739929,0.02433675527572632,-0.23798269033432007,0.04148554801940918,-0.33759087324142456,0.05144613981246948,-0.40286362171173096,0.05765336751937866,-0.4620105028152466,0.062350332736968994,-0.20479434728622437,0.09226995706558228,-0.2763326168060303,0.11253678798675537,-0.32194745540618896,0.1279042363166809,-0.36496078968048096
1,0.0,0.0,-0.07262706756591797,-0.02745288610458374,-0.12797832489013672,-0.09272181987762451,-0.1680164933204651,-0.14708149433135986,-0.20892038941383362,-0.1846383810043335,-0.07217621803283691,-0.2382712960243225,-0.09544101357460022,-0.33177268505096436,-0.11035048961639404,-0.3915337324142456,-0.12136206030845642,-0.44353562593460083,-0.027455925941467285,-0.2554228901863098,-0.03218132257461548,-0.3660242259502411,-0.036159634590148926,-0.43688738346099854,-0.039474427700042725,-0.4980882704257965,0.015005707740783691,-0.24625420570373535,0.029093623161315918,-0.3475625514984131,0.03700423240661621,-0.4132919907569885,0.04137587547302246,-0.4704407751560211,0.05472993850708008,-0.21696245670318604,0.08408975601196289,-0.29127228260040283,0.1039155125617981,-0.3399854302406311,0.11872583627700806,-0.3848801851272583
1,0.0,0.0,-0.07357561588287354,-0.031309664249420166,-0.12904012203216553,-0.09608882665634155,-0.16687363386154175,-0.1493569016456604,-0.2036617398262024,-0.1862594485282898,-0.07476115226745605,-0.24107593297958374,-0.09623980522155762,-0.3372936248779297,-0.10857585072517395,-0.3959886431694031,-0.11700281500816345,-0.44782277941703796,-0.028682827949523926,-0.2551286816596985,-0.031873881816864014,-0.3669814467430115,-0.035486847162246704,-0.4367552697658539,-0.038879215717315674,-0.49735841155052185,0.014944076538085938,-0.2453984022140503,0.030706465244293213,-0.3472098708152771,0.03817397356033325,-0.4141539931297302,0.04191333055496216,-0.4721105396747589,0.055235445499420166,-0.21651995182037354,0.08394134044647217,-0.29157090187072754,0.10202568769454956,-0.340157151222229,0.11491584777832031,-0.3844752609729767
1,0.0,0.0,-0.07837429642677307,-0.022807836532592773,-0.1364789605140686,-0.08667081594467163,-0.1776200532913208,-0.13952434062957764,-0.21830695867538452,-0.17170393466949463,-0.0831683874130249,-0.23475199937820435,-0.10896050930023193,-0.3268308639526367,-0.12521696090698242,-0.38540226221084595,-0.13787418603897095,-0.43706339597702026,-0.03873208165168762,-0.2551536560058594,-0.04515349864959717,-0.3658817708492279,-0.050970882177352905,-0.4344422221183777,-0.055583655834198,-0.4925896227359772,0.004073023796081543,-0.24951237440109253,0.013224363327026367,-0.35227078199386597,0.0185355544090271,-0.4181976914405823,0.02121502161026001,-0.4754961133003235,0.04528021812438965,-0.22250312566757202,0.07067263126373291,-0.29742854833602905,0.08645296096801758,-0.34785938262939453,0.09802854061126709,-0.3950468599796295
1,0.0,0.0,-0.07942920923233032,-0.015475630760192871,-0.14449533820152283,-0.07700437307357788,-0.19112402200698853,-0.12185478210449219,-0.2322511076927185,-0.14764541387557983,-0.09910887479782104,-0.2319151759147644,-0.12599772214889526,-0.32436394691467285,-0.1414504051208496,-0.38272249698638916,-0.1532553732395172,-0.4329192042350769,-0.05319005250930786,-0.25582176446914673,-0.06494072079658508,-0.3630222678184509,-0.07214352488517761,-0.42930617928504944,-0.0771467387676239,-0.48570528626441956,-0.007703065872192383,-0.2544475793838501,-0.004088789224624634,-0.35570454597473145,-0.0032719671726226807,-0.4193870425224304,-0.003983616828918457,-0.4753921329975128,0.03684729337692261,-0.23223674297332764,0.05821198225021362,-0.3082011938095093,0.07111018896102905,-0.3597356081008911,0.08044332265853882,-0.40871042013168335
1,0.0,0.0,-0.077618807554245,-0.006961226463317871,-0.14840292930603027,-0.05897033214569092,-0.19699376821517944,-0.10100787878036499,-0.2386322319507599,-0.1260954737663269,-0.11171185970306396,-0.22058171033859253,-0.14324092864990234,-0.3117150664329529,-0.1606341302394867,-0.3687412142753601,-0.1730206310749054,-0.41744178533554077,-0.06645011901855469,-0.24809855222702026,-0.08265867829322815,-0.35519784688949585,-0.09217599034309387,-0.42227840423583984,-0.09887838363647461,-0.47775891423225403,-0.020869672298431396,-0.2519475817680359,-0.021105080842971802,-0.35395121574401855,-0.02226877212524414,-0.41613271832466125,-0.02464541792869568,-0.4702744483947754,0.024798274040222168,-0.23597514629364014,0.042654991149902344,-0.31408149003982544,0.05391424894332886,-0.36609578132629395,0.06176578998565674,-0.4143030047416687
1,0.0,0.0,-0.07989835739135742,0.005876600742340088,-0.15409478545188904,-0.034752070903778076,-0.21178612112998962,-0.06908237934112549,-0.2607326805591583,-0.08205443620681763,-0.13095885515213013,-0.20668965578079224,-0.17297232151031494,-0.29308927059173584,-0.19712334871292114,-0.3454707860946655,-0.2155095934867859,-0.3922620117664337,-0.08801519870758057,-0.24112015962600708,-0.11622154712677002,-0.34570449590682983,-0.1325605809688568,-0.40956610441207886,-0.1438423991203308,-0.46196961402893066,-0.04298850893974304,-0.24961596727371216,-0.05269041657447815,-0.3506885766983032,-0.060398101806640625,-0.41419804096221924,-0.06795582175254822,-0.4688439965248108,0.0025371313095092773,-0.23856031894683838,0.010885059833526611,-0.319904088973999,0.015732526779174805,-0.3750709295272827,0.01734870672225952,-0.42713165283203125
1,0.0,0.0,-0.08351078629493713,0.007303714752197266,-0.15961423516273499,-0.0270577073097229,-0.21683546900749207,-0.05809897184371948,-0.26357853412628174,-0.07138693332672119,-0.13909882307052612,-0.19911128282546997,-0.18578436970710754,-0.2815152406692505,-0.21314698457717896,-0.33085376024246216,-0.23559296131134033,-0.37566789984703064,-0.09698095917701721,-0.23536598682403564,-0.1303020417690277,-0.3398910164833069,-0.15008607506752014,-0.40447670221328735,-0.16455906629562378,-0.4566507637500763,-0.05284243822097778,-0.24517983198165894,-0.06566035747528076,-0.3492128849029541,-0.07539519667625427,-0.41398751735687256,-0.08538031578063965,-0.47039616107940674,-0.008130013942718506,-0.23529231548309326,-0.0012459158897399902,-0.3178642988204956,0.001517653465270996,-0.370599627494812,0.0012407898902893066,-0.42191314697265625
1,0.0,0.0,-0.08420923352241516,0.013850808143615723,-0.16155272722244263,-0.0162198543548584,-0.22136980295181274,-0.04248684644699097,-0.26920127868652344,-0.05267131328582764,-0.14641478657722473,-0.18929576873779297,-0.19602423906326294,-0.2688835859298706,-0.2252349555492401,-0.3168962001800537,-0.24919050931930542,-0.360445499420166,-0.10601642727851868,-0.2273913025856018,-0.14196130633354187,-0.33057332038879395,-0.16372057795524597,-0.39461737871170044,-0.1796581745147705,-0.4452228546142578,-0.061982423067092896,-0.23942971229553223,-0.08158046007156372,-0.3439292311668396,-0.09517061710357666,-0.40758615732192993,-0.10854923725128174,-0.46309176087379456,-0.015112340450286865,-0.23253148794174194,-0.009759664535522461,-0.3164299726486206,-0.008708178997039795,-0.370333731174469,-0.010832130908966064,-0.42321664094924927
1,0.0,0.0,-0.08924990892410278,0.018670201301574707,-0.1673256754875183,-0.008549869060516357,-0.2303047776222229,-0.03503262996673584,-0.28211088478565216,-0.044061481952667236,-0.15622574090957642,-0.18226629495620728,-0.20985499024391174,-0.25732672214508057,-0.24175134301185608,-0.3042406439781189,-0.26761725544929504,-0.3469507098197937,-0.11657819151878357,-0.22284191846847534,-0.1582958698272705,-0.3238324522972107,-0.18386369943618774,-0.38702163100242615,-0.20257973670959473,-0.4370346963405609,-0.07335519790649414,-0.23724180459976196,-0.09996595978736877,-0.3410800099372864,-0.117942214012146,-0.4018542766571045,-0.13518637418746948,-0.4550896883010864,-0.026795029640197754,-0.23504900932312012,-0.0236627459526062,-0.32186490297317505,-0.02456223964691162,-0.375718891620636,-0.02905935049057007,-0.4304090440273285
1,0.0,0.0,-0.08715346455574036,0.023724079132080078,-0.16705229878425598,-0.0012547969818115234,-0.22913458943367004,-0.028219103813171387,-0.2796577513217926,-0.04157823324203491,-0.16242489218711853,-0.1763319969177246,-0.2190750241279602,-0.24872010946273804,-0.2528817057609558,-0.2917270064353943,-0.28114622831344604,-0.33196771144866943,-0.12420704960823059,-0.21879005432128906,-0.16962537169456482,-0.31620872020721436,-0.1976158618927002,-0.37674736976623535,-0.21838295459747314,-0.4255788028240204,-0.0807652473449707,-0.2351222038269043,-0.11137241125106812,-0.3365996479988098,-0.12991628050804138,-0.39506104588508606,-0.14817702770233154,-0.4466554820537567,-0.033434510231018066,-0.2338029146194458,-0.03453785181045532,-0.31980955600738525,-0.03774029016494751,-0.373815655708313,-0.044109046459198,-0.4287492036819458
1,0.0,0.0,-0.08764892816543579,0.02549201250076294,-0.16669559478759766,0.0033428072929382324,-0.22764915227890015,-0.021266698837280273,-0.2801740765571594,-0.035217881202697754,-0.16245776414871216,-0.17301028966903687,-0.2186402678489685,-0.2432847023010254,-0.25396960973739624,-0.28769147396087646,-0.2818986177444458,-0.327875018119812,-0.1234520971775055,-0.213312029838562,-0.1704132854938507,-0.309373140335083,-0.19891837239265442,-0.37070709466934204,-0.21895387768745422,-0.4200791120529175,-0.08016175031661987,-0.22908753156661987,-0.11064350605010986,-0.32865726947784424,-0.12979656457901,-0.38698312640190125,-0.14895829558372498,-0.43884310126304626,-0.03387331962585449,-0.23042970895767212,-0.03459841012954712,-0.3158227801322937,-0.03725913166999817,-0.3682616353034973,-0.0441623330116272,-0.42328667640686035
1,0.0,0.0,-0.08771494030952454,0.027465224266052246,-0.16563010215759277,0.004849255084991455,-0.22117620706558228,-0.023478448390960693,-0.26522886753082275,-0.04763960838317871,-0.1671406626701355,-0.16538602113723755,-0.22451961040496826,-0.23408359289169312,-0.26052314043045044,-0.27699220180511475,-0.28987035155296326,-0.3157660961151123,-0.12896627187728882,-0.20837146043777466,-0.17644327878952026,-0.30276328325271606,-0.20580127835273743,-0.3631441593170166,-0.2275492548942566,-0.41163480281829834,-0.08590951561927795,-0.2266141176223755,-0.11783385276794434,-0.3239167332649231,-0.13835912942886353,-0.3814806640148163,-0.1587747037410736,-0.4319636821746826,-0.03941220045089722,-0.22896802425384521,-0.04465407133102417,-0.31418150663375854,-0.050049781799316406,-0.3667248487472534,-0.05914032459259033,-0.42122435569763184
1,0.0,0.0,-0.08421638607978821,0.028693556785583496,-0.16341030597686768,0.0078277587890625,-0.2126898467540741,-0.02984917163848877,-0.24141234159469604,-0.07124114036560059,-0.1710926592350006,-0.1579098105430603,-0.229152649641037,-0.22431409358978271,-0.2653900384902954,-0.2632823586463928,-0.2964544892311096,-0.30007362365722656,-0.13383522629737854,-0.20277154445648193,-0.18163001537322998,-0.2932634949684143,-0.21101278066635132,-0.35056835412979126,-0.23348784446716309,-0.39868757128715515,-0.09160235524177551,-0.22230827808380127,-0.1256164312362671,-0.31599748134613037,-0.14796975255012512,-0.369928240776062,-0.16884833574295044,-0.41726502776145935,-0.04489779472351074,-0.2255573272705078,-0.059184253215789795,-0.3076822757720947,-0.06886351108551025,-0.35856693983078003,-0.08066308498382568,-0.4100901782512665
1,0.0,0.0,-0.07492843270301819,0.0179482102394104,-0.14700505137443542,-0.006363213062286377,-0.18519854545593262,-0.058234214782714844,-0.19732874631881714,-0.11515778303146362,-0.15988785028457642,-0.15137135982513428,-0.21374070644378662,-0.2156183123588562,-0.2492154836654663,-0.25385338068008423,-0.2797667682170868,-0.28890055418014526,-0.12603607773780823,-0.19109076261520386,-0.17032155394554138,-0.27712762355804443,-0.19846707582473755,-0.3321794867515564,-0.2222048044204712,-0.38095080852508545,-0.08601617813110352,-0.2089795470237732,-0.11898073554039001,-0.29780566692352295,-0.13976046442985535,-0.3520500361919403,-0.16073673963546753,-0.39968985319137573,-0.0412214994430542,-0.21002382040023804,-0.057394444942474365,-0.2849327325820923,-0.06662330031394958,-0.33369016647338867,-0.07786110043525696,-0.3786395788192749
1,0.0,0.0,-0.07366281747817993,0.019996583461761475,-0.1443747878074646,-0.0031000375747680664,-0.1854393184185028,-0.04822361469268799,-0.20998349785804749,-0.1029810905456543,-0.1569925844669342,-0.14451885223388672,-0.20988920331001282,-0.21220988035202026,-0.24353405833244324,-0.2537684440612793,-0.2716696262359619,-0.29173383116722107,-0.1235027015209198,-0.18594861030578613,-0.16737303137779236,-0.2715570330619812,-0.19508549571037292,-0.32797569036483765,-0.2181621491909027,-0.3772249221801758,-0.08426249027252197,-0.2047557830810547,-0.11451944708824158,-0.2905460298061371,-0.13467445969581604,-0.3458954691886902,-0.15537670254707336,-0.39467424154281616,-0.04024869203567505,-0.20661300420761108,-0.052363842725753784,-0.2773803472518921,-0.059809476137161255,-0.32391250133514404,-0.06973534822463989,-0.36622822284698486
1,0.0,0.0,-0.07618117332458496,0.010868370532989502,-0.14387398958206177,-0.016321420669555664,-0.18705499172210693,-0.05828982591629028,-0.2159825563430786,-0.10826867818832397,-0.14659526944160461,-0.16434979438781738,-0.19760429859161377,-0.23393213748931885,-0.22912371158599854,-0.275834858417511,-0.2551490366458893,-0.31428319215774536,-0.11267411708831787,-0.198205828666687,-0.15408587455749512,-0.28424179553985596,-0.17904481291770935,-0.3387974798679352,-0.1992456018924713,-0.38878899812698364,-0.07360607385635376,-0.20899063348770142,-0.09961593151092529,-0.29867538809776306,-0.11503016948699951,-0.3566972017288208,-0.1308618187904358,-0.40945911407470703,-0.030762076377868652,-0.20279675722122192,-0.03931790590286255,-0.2751652002334595,-0.04404044151306152,-0.3237622380256653,-0.05140763521194458,-0.37108975648880005
1,0.0,0.0,-0.07862666249275208,0.004529893398284912,-0.1481429636478424,-0.02342045307159424,-0.19281458854675293,-0.06829476356506348,-0.22191625833511353,-0.12186765670776367,-0.1392141878604889,-0.17451292276382446,-0.18726158142089844,-0.2476670742034912,-0.21575391292572021,-0.2917446494102478,-0.23894190788269043,-0.3311268389225006,-0.10219904780387878,-0.2075655460357666,-0.1412564218044281,-0.29591551423072815,-0.1645771861076355,-0.3483278751373291,-0.18355274200439453,-0.3928759694099426,-0.061871111392974854,-0.21876704692840576,-0.08172276616096497,-0.3102809190750122,-0.09622985124588013,-0.3641657829284668,-0.11214330792427063,-0.4105303883552551,-0.01733553409576416,-0.21320867538452148,-0.01911473274230957,-0.2857048809528351,-0.022829532623291016,-0.33223575353622437,-0.030260026454925537,-0.37612658739089966
1,0.0,0.0,-0.07579845190048218,-0.0016034841537475586,-0.14384949207305908,-0.03613114356994629,-0.18808212876319885,-0.08308887481689453,-0.21826893091201782,-0.13770294189453125,-0.12909939885139465,-0.19274163246154785,-0.17267876863479614,-0.26883047819137573,-0.1972888708114624,-0.31398749351501465,-0.2164766788482666,-0.35567882657051086,-0.08984887599945068,-0.22041046619415283,-0.12191715836524963,-0.3146815598011017,-0.14055460691452026,-0.37202638387680054,-0.15559008717536926,-0.42180153727531433,-0.048185765743255615,-0.22362679243087769,-0.05682632327079773,-0.3194764256477356,-0.06504526734352112,-0.37722456455230713,-0.07566621899604797,-0.42773061990737915,-0.003523528575897217,-0.20795178413391113,0.0005605220794677734,-0.2814622223377228,0.0021147727966308594,-0.3276992440223694,-0.0017673969268798828,-0.37233787775039673
1,0.0,0.0,-0.07660308480262756,0.0010567903518676758,-0.14618754386901855,-0.03798532485961914,-0.18800213932991028,-0.0898551344871521,-0.21873605251312256,-0.14289617538452148,-0.12982439994812012,-0.1892465353012085,-0.1727750301361084,-0.267114520072937,-0.19771838188171387,-0.3135397434234619,-0.216852068901062,-0.35617518424987793,-0.08993694186210632,-0.21913361549377441,-0.12216800451278687,-0.3140179216861725,-0.14156895875930786,-0.37215709686279297,-0.15710631012916565,-0.42228811979293823,-0.04742556810379028,-0.22342443466186523,-0.055917441844940186,-0.31912457942962646,-0.06487128138542175,-0.3788444399833679,-0.0759747326374054,-0.4305683970451355,-0.002122223377227783,-0.20861512422561646,0.0010998845100402832,-0.2819002866744995,0.0013683438301086426,-0.3285123407840729,-0.002505064010620117,-0.37165865302085876
1,0.0,0.0,-0.0765480101108551,-0.0023140311241149902,-0.1465396285057068,-0.044973671436309814,-0.18943148851394653,-0.09812337160110474,-0.22125309705734253,-0.14908981323242188,-0.12250462174415588,-0.19399309158325195,-0.161066472530365,-0.2753373384475708,-0.18318888545036316,-0.32596519589424133,-0.20062404870986938,-0.37073010206222534,-0.08262565732002258,-0.22269278764724731,-0.10901758074760437,-0.32347559928894043,-0.12408137321472168,-0.38723957538604736,-0.13546958565711975,-0.44243642687797546,-0.04072368144989014,-0.22605884075164795,-0.04575425386428833,-0.3231391906738281,-0.04879260063171387,-0.386001855134964,-0.053417325019836426,-0.44000130891799927,0.003727853298187256,-0.2095584273338318,0.012190818786621094,-0.2846914231777191,0.017521977424621582,-0.3337552547454834,0.018596947193145752,-0.3789737820625305
1,0.0,0.0,-0.07706320285797119,-0.0067171454429626465,-0.1454453468322754,-0.05380892753601074,-0.18665432929992676,-0.1098400354385376,-0.22091788053512573,-0.15751612186431885,-0.11466729640960693,-0.19666671752929688,-0.15009629726409912,-0.28006070852279663,-0.1708585023880005,-0.3329958915710449,-0.18736079335212708,-0.38099637627601624,-0.07310786843299866,-0.22458547353744507,-0.09510403871536255,-0.32606053352355957,-0.108195960521698,-0.3922017216682434,-0.11821308732032776,-0.4498949944972992,-0.03034210205078125,-0.2270972728729248,-0.02950870990753174,-0.32396796345710754,-0.029799044132232666,-0.3873235285282135,-0.03311651945114136,-0.4426920711994171,0.013741731643676758,-0.2101258635520935,0.027555108070373535,-0.28595614433288574,0.03523850440979004,-0.3367680311203003,0.03825533390045166,-0.38468387722969055
1,0.0,0.0,-0.07745581865310669,-0.007941246032714844,-0.14500564336776733,-0.055791378021240234,-0.1859993040561676,-0.11302739381790161,-0.22245445847511292,-0.15960276126861572,-0.10992893576622009,-0.20362615585327148,-0.1438223123550415,-0.28945639729499817,-0.163021057844162,-0.3431341052055359,-0.17783957719802856,-0.39154052734375,-0.06700912117958069,-0.22927236557006836,-0.08851820230484009,-0.3301711678504944,-0.10134047269821167,-0.39583343267440796,-0.11120390892028809,-0.45334991812705994,-0.02386939525604248,-0.23007476329803467,-0.021434664726257324,-0.32874801754951477,-0.020795881748199463,-0.3914230167865753,-0.022977352142333984,-0.4462277889251709,0.019468188285827637,-0.21090126037597656,0.03680121898651123,-0.28546416759490967,0.0469893217086792,-0.3359569013118744,0.05262631177902222,-0.38375794887542725
1,0.0,0.0,-0.07681596279144287,-0.009279489517211914,-0.143230140209198,-0.059316039085388184,-0.1858081817626953,-0.11928457021713257,-0.22451108694076538,-0.1650884747505188,-0.10371026396751404,-0.20715361833572388,-0.13692384958267212,-0.29573124647140503,-0.1554085910320282,-0.35144883394241333,-0.168529212474823,-0.4014788866043091,-0.05982816219329834,-0.23228025436401367,-0.08015605807304382,-0.33608829975128174,-0.091461181640625,-0.40307822823524475,-0.09929007291793823,-0.4618496596813202,-0.016713738441467285,-0.2318483591079712,-0.01213759183883667,-0.33124303817749023,-0.010583221912384033,-0.394118070602417,-0.011699855327606201,-0.4497639834880829,0.026318132877349854,-0.21190261840820312,0.046173036098480225,-0.28641319274902344,0.05757337808609009,-0.3366033434867859,0.0645936131477356,-0.38468456268310547
1,0.0,0.0,-0.07750049233436584,-0.011415541172027588,-0.14284250140190125,-0.06383681297302246,-0.1848093867301941,-0.12325412034988403,-0.22324654459953308,-0.1683465838432312,-0.09931781888008118,-0.21322810649871826,-0.130102276802063,-0.3034602999687195,-0.147652268409729,-0.3601551651954651,-0.16032195091247559,-0.41062140464782715,-0.05572158098220825,-0.235040545463562,-0.0729113519191742,-0.3385642170906067,-0.08289554715156555,-0.4048632085323334,-0.08983209729194641,-0.46222829818725586,-0.013693690299987793,-0.23238861560821533,-0.00542062520980835,-0.33063027262687683,-0.0024437904357910156,-0.3934258222579956,-0.0025805234909057617,-0.44837337732315063,0.02741330862045288,-0.21129417419433594,0.05075198411941528,-0.2843494415283203,0.06492751836776733,-0.33418262004852295,0.07502567768096924,-0.3814176321029663
1,0.0,0.0,-0.07562676072120667,-0.013895988464355469,-0.14028656482696533,-0.06922459602355957,-0.18084308505058289,-0.12982559204101562,-0.22012007236480713,-0.17057210206985474,-0.09333553910255432,-0.21748971939086914,-0.12195581197738647,-0.30984437465667725,-0.13822674751281738,-0.3668019473552704,-0.15009436011314392,-0.4176969528198242,-0.048488497734069824,-0.2373247742652893,-0.06310367584228516,-0.34189581871032715,-0.07040533423423767,-0.4090847373008728,-0.07503286004066467,-0.46750760078430176,-0.005754947662353516,-0.23299401998519897,0.0061370134353637695,-0.3303111791610718,0.011860489845275879,-0.39470750093460083,0.014152765274047852,-0.45151203870773315,0.03501689434051514,-0.2101062536239624,0.0615084171295166,-0.28247788548469543,0.07782882452011108,-0.33219391107559204,0.08963727951049805,-0.38000819087028503
1,0.0,0.0,-0.07526576519012451,-0.01754981279373169,-0.13889461755752563,-0.07240700721740723,-0.18023499846458435,-0.1302279233932495,-0.21934330463409424,-0.16907280683517456,-0.08736491203308105,-0.22434145212173462,-0.11436620354652405,-0.3181329071521759,-0.12849640846252441,-0.37571895122528076,-0.1381218433380127,-0.42591410875320435,-0.041680991649627686,-0.24141836166381836,-0.05347508192062378,-0.3473559021949768,-0.059822916984558105,-0.4139268398284912,-0.06362220644950867,-0.4707866311073303,0.0012614727020263672,-0.23439592123031616,0.0164262056350708,-0.3314799666404724,0.02282893657684326,-0.39450061321258545,0.025810718536376953,-0.44988298416137695,0.04134291410446167,-0.20822525024414062,0.07162702083587646,-0.27879637479782104,0.09057945013046265,-0.32678040862083435,0.10484230518341064,-0.37311995029449463
1,0.0,0.0,-0.07409346103668213,-0.02272742986679077,-0.13611862063407898,-0.07973551750183105,-0.17784839868545532,-0.1353822946548462,-0.2161933183670044,-0.17576950788497925,-0.083415687084198,-0.2324821949005127,-0.10672098398208618,-0.3267262578010559,-0.11897331476211548,-0.38409489393234253,-0.12714341282844543,-0.43479955196380615,-0.03727787733078003,-0.24848705530166626,-0.04394179582595825,-0.35456183552742004,-0.04704338312149048,-0.4214615225791931,-0.04830944538116455,-0.4782833755016327,0.005822360515594482,-0.23921704292297363,0.024396181106567383,-0.33441781997680664,0.03303009271621704,-0.39653903245925903,0.03796827793121338,-0.45167356729507446,0.04552394151687622,-0.21050602197647095,0.07852864265441895,-0.27918899059295654,0.099112868309021,-0.326856791973114,0.11523884534835815,-0.3732723295688629
1,0.0,0.0,-0.07360437512397766,-0.025201380252838135,-0.1347944140434265,-0.08496946096420288,-0.177516371011734,-0.14016997814178467,-0.2166438102722168,-0.17801612615585327,-0.07733997702598572,-0.2325693964958191,-0.10119134187698364,-0.32921236753463745,-0.11337879300117493,-0.3874889016151428,-0.12075725197792053,-0.43896979093551636,-0.0318942666053772,-0.2482404112815857,-0.03861325979232788,-0.35582834482192993,-0.04124492406845093,-0.42377692461013794,-0.04123389720916748,-0.48114752769470215,0.010374665260314941,-0.23966413736343384,0.029306352138519287,-0.33660948276519775,0.03990161418914795,-0.39948737621307373,0.04717743396759033,-0.4550294280052185,0.048971354961395264,-0.21206170320510864,0.0830581784248352,-0.2799784541130066,0.10536062717437744,-0.3272876739501953,0.12358987331390381,-0.37362411618232727
1,0.0,0.0,-0.0729038417339325,-0.026863276958465576,-0.135428786277771,-0.08780282735824585,-0.17767804861068726,-0.1418217420578003,-0.21388578414916992,-0.17774903774261475,-0.0727667510509491,-0.2313520908355713,-0.09424474835395813,-0.32941925525665283,-0.10568127036094666,-0.388294517993927,-0.11338043212890625,-0.4399530291557312,-0.026733756065368652,-0.2452392578125,-0.030112504959106445,-0.3538183867931366,-0.03123575448989868,-0.4213950037956238,-0.031128406524658203,-0.47841188311576843,0.015249907970428467,-0.23622071743011475,0.03684031963348389,-0.32958710193634033,0.048874616622924805,-0.39221280813217163,0.05648171901702881,-0.4471246302127838,0.05251657962799072,-0.2092670202255249,0.08936160802841187,-0.2761939764022827,0.11339056491851807,-0.32203054428100586,0.13306105136871338,-0.3659931421279907
1,0.0,0.0,-0.07343494892120361,-0.02923482656478882,-0.13416767120361328,-0.0920148491859436,-0.1756417155265808,-0.14644330739974976,-0.2125338315963745,-0.18045461177825928,-0.06963223218917847,-0.2342609167098999,-0.08846813440322876,-0.3318972587585449,-0.09826493263244629,-0.3912668526172638,-0.10497942566871643,-0.44314515590667725,-0.02328646183013916,-0.24779438972473145,-0.021660566329956055,-0.357116162776947,-0.020850956439971924,-0.42531657218933105,-0.02016228437423706,-0.48256683349609375,0.018395304679870605,-0.23797935247421265,0.04158353805541992,-0.33447349071502686,0.05424535274505615,-0.3987314701080322,0.06232345104217529,-0.45559054613113403,0.05525243282318115,-0.2094065546989441,0.09451466798782349,-0.2746919095516205,0.11978411674499512,-0.32007843255996704,0.14032787084579468,-0.3633529543876648
1,0.0,0.0,-0.07223713397979736,-0.031062841415405273,-0.13206663727760315,-0.09628063440322876,-0.17232519388198853,-0.1519838571548462,-0.20837801694869995,-0.18531662225723267,-0.06375530362129211,-0.23870432376861572,-0.08011987805366516,-0.337087482213974,-0.08769217133522034,-0.39685845375061035,-0.09180808067321777,-0.44856593012809753,-0.01708751916885376,-0.25006169080734253,-0.013479232788085938,-0.35996389389038086,-0.009847879409790039,-0.42838263511657715,-0.005890011787414551,-0.48550257086753845,0.0240170955657959,-0.23853141069412231,0.04970979690551758,-0.3353978395462036,0.06432759761810303,-0.39966702461242676,0.07470118999481201,-0.4562726318836212,0.059818267822265625,-0.20804846286773682,0.10078120231628418,-0.2720642685890198,0.12748050689697266,-0.3172897398471832,0.14927810430526733,-0.3605394661426544
1,0.0,0.0,-0.07145455479621887,-0.033316612243652344,-0.1318882703781128,-0.1023215651512146,-0.1725250482559204,-0.15881389379501343,-0.20681458711624146,-0.19495362043380737,-0.06038278341293335,-0.24066227674484253,-0.07492393255233765,-0.33882004022598267,-0.0810854434967041,-0.39832985401153564,-0.0836300253868103,-0.4495888948440552,-0.013458073139190674,-0.25084078311920166,-0.007776439189910889,-0.3602268099784851,-0.002375006675720215,-0.42785096168518066,0.003927946090698242,-0.4835454523563385,0.027407944202423096,-0.2379644513130188,0.05434077978134155,-0.33321329951286316,0.07011616230010986,-0.3955989480018616,0.08210289478302002,-0.4507226347923279,0.06269246339797974,-0.2064611315727234,0.10471749305725098,-0.26811331510543823,0.13263273239135742,-0.3117387294769287,0.15588021278381348,-0.3544105887413025
1,0.0,0.0,-0.0706842839717865,-0.035643577575683594,-0.1294185221195221,-0.10257923603057861,-0.16893869638442993,-0.15920859575271606,-0.20254087448120117,-0.19891947507858276,-0.05462786555290222,-0.24319547414779663,-0.06748637557029724,-0.34218543767929077,-0.07243186235427856,-0.402249276638031,-0.07337811589241028,-0.45460009574890137,-0.00751107931137085,-0.25135403871536255,-0.00016516447067260742,-0.3606005907058716,0.007194161415100098,-0.42806851863861084,0.015828192234039307,-0.4844062626361847,0.03277057409286499,-0.23662561178207397,0.060827672481536865,-0.33292555809020996,0.07887494564056396,-0.3948465883731842,0.09333789348602295,-0.45028144121170044,0.0675961971282959,-0.20309925079345703,0.11080652475357056,-0.2645364999771118,0.13997668027877808,-0.30769068002700806,0.16459959745407104,-0.3505263924598694
1,0.0,0.0,-0.07046270370483398,-0.03522449731826782,-0.12816762924194336,-0.10220319032669067,-0.16630923748016357,-0.16008919477462769,-0.19951075315475464,-0.20134949684143066,-0.05149295926094055,-0.24295806884765625,-0.06309258937835693,-0.34052419662475586,-0.06700143218040466,-0.4003949761390686,-0.0670677125453949,-0.45241570472717285,-0.004013717174530029,-0.2516332268714905,0.00495380163192749,-0.3614482879638672,0.012344777584075928,-0.4287453293800354,0.02041614055633545,-0.484378844499588,0.03611564636230469,-0.23549491167068481,0.06569647789001465,-0.33267349004745483,0.0843382477760315,-0.3937828540802002,0.09905260801315308,-0.44821345806121826,0.07031744718551636,-0.1993216872215271,0.11440902948379517,-0.25993192195892334,0.1439386010169983,-0.3014776110649109,0.16863936185836792,-0.342521607875824
1,0.0,0.0,-0.06849277019500732,-0.03639066219329834,-0.12398624420166016,-0.10452282428741455,-0.16103911399841309,-0.16346663236618042,-0.19286435842514038,-0.20739895105361938,-0.04376837611198425,-0.24300044775009155,-0.052363961935043335,-0.3425503075122833,-0.05558353662490845,-0.4039508104324341,-0.055986613035202026,-0.4571180045604706,0.0037825703620910645,-0.24941813945770264,0.015797317028045654,-0.3579733371734619,0.02335488796234131,-0.4251270294189453,0.030389070510864258,-0.4819333851337433,0.04311978816986084,-0.2321874499320984,0.07344245910644531,-0.32878798246383667,0.09195733070373535,-0.3899132013320923,0.10625278949737549,-0.4453866481781006,0.07584011554718018,-0.1950446367263794,0.12119364738464355,-0.2525758743286133,0.15178757905960083,-0.29370009899139404,0.17753088474273682,-0.33465859293937683
1,0.0,0.0,-0.06971472501754761,-0.03956729173660278,-0.12449800968170166,-0.1086530089378357,-0.16064825654029846,-0.16768592596054077,-0.19046705961227417,-0.213617205619812,-0.04134812951087952,-0.2446451187133789,-0.04939568042755127,-0.3452984690666199,-0.051801592111587524,-0.40747663378715515,-0.05142629146575928,-0.4614967703819275,0.006513357162475586,-0.24993205070495605,0.019734859466552734,-0.3597599267959595,0.028572261333465576,-0.42769694328308105,0.03671836853027344,-0.48508140444755554,0.04579442739486694,-0.23145067691802979,0.07594966888427734,-0.32910221815109253,0.09480184316635132,-0.3900953233242035,0.10959768295288086,-0.44511011242866516,0.07834720611572266,-0.19311100244522095,0.12313419580459595,-0.2490939497947693,0.15321356058120728,-0.2891271114349365,0.17900395393371582,-0.3292449712753296
1,0.0,0.0,-0.06837671995162964,-0.04096776247024536,-0.12026625871658325,-0.11152732372283936,-0.1542874276638031,-0.17170053720474243,-0.18423396348953247,-0.21806609630584717,-0.03390532732009888,-0.24416768550872803,-0.041318267583847046,-0.3454552888870239,-0.0436244010925293,-0.4084850549697876,-0.04279598593711853,-0.4635641276836395,0.013906478881835938,-0.24851930141448975,0.02859443426132202,-0.35886234045028687,0.038263678550720215,-0.4275422990322113,0.04744035005569458,-0.48611021041870117,0.05246269702911377,-0.22901707887649536,0.08367651700973511,-0.3262810707092285,0.10299569368362427,-0.3872736692428589,0.11856800317764282,-0.44351422786712646,0.08437210321426392,-0.1897786259651184,0.12947839498519897,-0.24393373727798462,0.15972131490707397,-0.28307437896728516,0.18598461151123047,-0.32338210940361023
1,0.0,0.0,-0.07033464312553406,-0.04083395004272461,-0.12335100769996643,-0.11079150438308716,-0.15843355655670166,-0.1714577078819275,-0.1854797899723053,-0.2218179702758789,-0.03436964750289917,-0.24363219738006592,-0.041362643241882324,-0.3435767590999603,-0.04476764798164368,-0.40496063232421875,-0.04575473070144653,-0.459036648273468,0.013258934020996094,-0.2472984790802002,0.027669191360473633,-0.3556729853153229,0.0362662672996521,-0.4231039881706238,0.04429560899734497,-0.4811594486236572,0.05203205347061157,-0.22729623317718506,0.08192473649978638,-0.3229202330112457,0.10056734085083008,-0.38298726081848145,0.11578261852264404,-0.4385281801223755,0.08388227224349976,-0.18804782629013062,0.12752872705459595,-0.24056965112686157,0.15683424472808838,-0.278744637966156,0.1830121874809265,-0.3182055652141571
1,0.0,0.0,-0.06809058785438538,-0.039421260356903076,-0.12083563208580017,-0.11055350303649902,-0.1554238200187683,-0.17351824045181274,-0.1834428906440735,-0.2257152795791626,-0.03266340494155884,-0.24282312393188477,-0.039762139320373535,-0.3394753932952881,-0.04363700747489929,-0.3985320031642914,-0.04558992385864258,-0.4512619972229004,0.014578938484191895,-0.2473047375679016,0.028163433074951172,-0.3528726100921631,0.035875141620635986,-0.4175099730491638,0.04307430982589722,-0.4738890826702118,0.05349993705749512,-0.22721314430236816,0.0821179747581482,-0.3228616416454315,0.09994155168533325,-0.3821982145309448,0.1143372654914856,-0.4380198121070862,0.08629894256591797,-0.1869513988494873,0.1290525197982788,-0.23943668603897095,0.15767133235931396,-0.27772432565689087,0.1829601526260376,-0.31743478775024414
1,0.0,0.0,-0.0663374662399292,-0.040776848793029785,-0.11948490142822266,-0.11169958114624023,-0.15500420331954956,-0.17569833993911743,-0.18388891220092773,-0.22700750827789307,-0.03310954570770264,-0.23857706785202026,-0.041161537170410156,-0.3345753848552704,-0.04624694585800171,-0.39311936497688293,-0.049104899168014526,-0.4454920291900635,0.013375520706176758,-0.24331247806549072,0.025294363498687744,-0.3472985625267029,0.03190028667449951,-0.41170576214790344,0.03855597972869873,-0.46802565455436707,0.052158236503601074,-0.2239772081375122,0.0802118182182312,-0.3161333203315735,0.0979120135307312,-0.37526053190231323,0.11254113912582397,-0.430652916431427,0.08475363254547119,-0.18539780378341675,0.12619119882583618,-0.23630595207214355,0.15444302558898926,-0.27360522747039795,0.1798648238182068,-0.3120468854904175
1,0.0,0.0,-0.06757274270057678,-0.04271060228347778,-0.12091931700706482,-0.114784836769104,-0.15658926963806152,-0.1787881851196289,-0.1850219964981079,-0.22952115535736084,-0.03556329011917114,-0.23990249633789062,-0.043652117252349854,-0.3344615399837494,-0.048649609088897705,-0.3917824625968933,-0.051414281129837036,-0.4432125687599182,0.01099616289138794,-0.24436712265014648,0.022128283977508545,-0.3457430601119995,0.028414547443389893,-0.4087158739566803,0.035093724727630615,-0.46411576867103577,0.049682557582855225,-0.22486579418182373,0.0777706503868103,-0.3152868151664734,0.09591424465179443,-0.37302377820014954,0.11139929294586182,-0.4273295998573303,0.08201372623443604,-0.1861335039138794,0.12285107374191284,-0.2358497977256775,0.15052103996276855,-0.2725867033004761,0.1756637692451477,-0.31096673011779785
1,0.0,0.0,-0.06663432717323303,-0.04239225387573242,-0.11956405639648438,-0.11573487520217896,-0.15451198816299438,-0.1812151074409485,-0.18361198902130127,-0.23357057571411133,-0.03580266237258911,-0.2409542202949524,-0.043981343507766724,-0.334635853767395,-0.0493716299533844,-0.3917606770992279,-0.05267605185508728,-0.44329243898391724,0.011636853218078613,-0.24421459436416626,0.02343219518661499,-0.3429313898086548,0.029626309871673584,-0.4040192663669586,0.036093831062316895,-0.458690345287323,0.05036991834640503,-0.22399061918258667,0.0791323184967041,-0.31306374073028564,0.09715843200683594,-0.369255393743515,0.11256909370422363,-0.42361557483673096,0.08226984739303589,-0.18508166074752808,0.12267804145812988,-0.23486918210983276,0.14993423223495483,-0.2711712718009949,0.1746540069580078,-0.3103601932525635
1,0.0,0.0,-0.06769382953643799,-0.04243922233581543,-0.11937868595123291,-0.11823779344558716,-0.15409356355667114,-0.1849653720855713,-0.1836717426776886,-0.23639899492263794,-0.03647589683532715,-0.2420530915260315,-0.044814884662628174,-0.3353966772556305,-0.05047035217285156,-0.39285534620285034,-0.05396515130996704,-0.444298654794693,0.011252284049987793,-0.24606198072433472,0.022452175617218018,-0.3447425067424774,0.028204917907714844,-0.4060516357421875,0.03410530090332031,-0.46007880568504333,0.05029040575027466,-0.22615814208984375,0.07897835969924927,-0.3158265948295593,0.09683263301849365,-0.3720271587371826,0.11162030696868896,-0.42611849308013916,0.08241623640060425,-0.18745076656341553,0.12285923957824707,-0.2378143072128296,0.14945799112319946,-0.2747551202774048,0.17327386140823364,-0.314572811126709
1,0.0,0.0,-0.06857746839523315,-0.04213082790374756,-0.12087675929069519,-0.11658596992492676,-0.15563899278640747,-0.1831004023551941,-0.18534469604492188,-0.2346077561378479,-0.03762179613113403,-0.24080657958984375,-0.04663956165313721,-0.33511367440223694,-0.0528394877910614,-0.39290910959243774,-0.05646294355392456,-0.4449881315231323,0.009915411472320557,-0.24434900283813477,0.020457923412322998,-0.3437570333480835,0.026042461395263672,-0.40536418557167053,0.0320967435836792,-0.4604707360267639,0.04880928993225098,-0.22440224885940552,0.07739239931106567,-0.31393927335739136,0.09559810161590576,-0.3705006241798401,0.11073821783065796,-0.4251976013183594,0.08113467693328857,-0.18619287014007568,0.12151563167572021,-0.23878765106201172,0.1482013463973999,-0.27641427516937256,0.17194485664367676,-0.31691670417785645
1,0.0,0.0,-0.06881022453308105,-0.041263043880462646,-0.12120416760444641,-0.11756980419158936,-0.1556459367275238,-0.1845226287841797,-0.18552690744400024,-0.23423904180526733,-0.03877657651901245,-0.24264293909072876,-0.04724699258804321,-0.3386189639568329,-0.05326315760612488,-0.3974683880805969,-0.05666172504425049,-0.45025157928466797,0.00889652967453003,-0.2466380000114441,0.019744873046875,-0.3474789261817932,0.025594472885131836,-0.410830020904541,0.03180646896362305,-0.46677541732788086,0.04780912399291992,-0.22722256183624268,0.0776706337928772,-0.3179691731929779,0.09642934799194336,-0.3753940165042877,0.11183643341064453,-0.4299234449863434,0.08012235164642334,-0.1897779107093811,0.12154889106750488,-0.24413007497787476,0.1487329602241516,-0.2830747365951538,0.1727563738822937,-0.3242173194885254
1,0.0,0.0,-0.06913095712661743,-0.03968924283981323,-0.1213773787021637,-0.11366617679595947,-0.15623486042022705,-0.18117040395736694,-0.18625527620315552,-0.23334473371505737,-0.03851580619812012,-0.24118059873580933,-0.04687961935997009,-0.3381553292274475,-0.05299776792526245,-0.3976432681083679,-0.056108295917510986,-0.451633095741272,0.008600592613220215,-0.245927631855011,0.019488394260406494,-0.34858548641204834,0.02521800994873047,-0.41278767585754395,0.03134709596633911,-0.4700317978858948,0.04730081558227539,-0.2270483374595642,0.07659834623336792,-0.32006698846817017,0.09552496671676636,-0.378542959690094,0.11114001274108887,-0.4342924952507019,0.07979005575180054,-0.19003808498382568,0.1217418909072876,-0.24801599979400635,0.14982682466506958,-0.2878206968307495,0.1744651198387146,-0.32951977849006653
1,0.0,0.0,-0.06954661011695862,-0.038995563983917236,-0.1223209798336029,-0.11201649904251099,-0.15829944610595703,-0.1796809434890747,-0.18806558847427368,-0.23475778102874756,-0.040282487869262695,-0.24192816019058228,-0.04899683594703674,-0.33949846029281616,-0.05530598759651184,-0.3995186388492584,-0.058347612619400024,-0.454048752784729,0.0069651007652282715,-0.24740904569625854,0.017420649528503418,-0.35109496116638184,0.022570908069610596,-0.41644686460494995,0.02787870168685913,-0.47422367334365845,0.04599785804748535,-0.22890180349349976,0.07499194145202637,-0.32216140627861023,0.09337252378463745,-0.3816928267478943,0.10820472240447998,-0.4381498098373413,0.07873612642288208,-0.19223421812057495,0.12067055702209473,-0.2514403462409973,0.14871561527252197,-0.29187119007110596,0.1732097864151001,-0.3338850438594818
1,0.0,0.0,-0.0700019896030426,-0.0385059118270874,-0.12415120005607605,-0.11141103506088257,-0.16068747639656067,-0.1790834665298462,-0.18970531225204468,-0.23363029956817627,-0.041458308696746826,-0.24148643016815186,-0.05089345574378967,-0.33955925703048706,-0.057153135538101196,-0.400019109249115,-0.05977305769920349,-0.4548390507698059,0.005916237831115723,-0.24753683805465698,0.01565486192703247,-0.35230833292007446,0.020863354206085205,-0.41836345195770264,0.02664470672607422,-0.476666122674942,0.04475057125091553,-0.22950994968414307,0.07313066720962524,-0.32229509949684143,0.0912439227104187,-0.3812687397003174,0.10617172718048096,-0.437239408493042,0.07744574546813965,-0.1934725046157837,0.11848992109298706,-0.2519819140434265,0.14637255668640137,-0.29197585582733154,0.17097312211990356,-0.334020733833313
1,0.0,0.0,-0.06903022527694702,-0.03941398859024048,-0.12353438138961792,-0.11123937368392944,-0.15992844104766846,-0.17768597602844238,-0.18984520435333252,-0.23071366548538208,-0.041271984577178955,-0.2418910264968872,-0.05119672417640686,-0.34017306566238403,-0.05760592222213745,-0.40072810649871826,-0.06052333116531372,-0.45544636249542236,0.005924344062805176,-0.24781203269958496,0.015554428100585938,-0.35271695256233215,0.020664572715759277,-0.4186123013496399,0.026373624801635742,-0.47667381167411804,0.044902503490448,-0.22979551553726196,0.07244765758514404,-0.32329368591308594,0.0902281403541565,-0.381722092628479,0.10482370853424072,-0.4368082880973816,0.07812172174453735,-0.19401079416275024,0.11845165491104126,-0.2536274194717407,0.14554810523986816,-0.2944282591342926,0.16949689388275146,-0.33681392669677734
2,0.0,0.0,-0.04943007230758667,-0.02163064479827881,-0.0857124924659729,-0.09234875440597534,-0.06011545658111572,-0.1524343490600586,-0.01711857318878174,-0.17572933435440063,-0.07117199897766113,-0.2035999894142151,-0.09127897024154663,-0.30691859126091003,-0.10085839033126831,-0.3697945773601532,-0.10663306713104248,-0.42679744958877563,-0.025123894214630127,-0.20897352695465088,-0.032433390617370605,-0.21475982666015625,-0.039329707622528076,-0.14763784408569336,-0.03778189420700073,-0.11709314584732056,0.013204455375671387,-0.19245892763137817,-0.0007744431495666504,-0.1669241189956665,-0.015799760818481445,-0.10618185997009277,-0.016435742378234863,-0.09012740850448608,0.0454220175743103,-0.16291016340255737,0.026137173175811768,-0.12521731853485107,0.006758928298950195,-0.0779309868812561,0.002496480941772461,-0.06906431913375854
2,0.0,0.0,-0.052004098892211914,-0.030659079551696777,-0.09346717596054077,-0.07190388441085815,-0.11445730924606323,-0.10095882415771484,-0.12871533632278442,-0.12154006958007812,-0.06422388553619385,-0.20112842321395874,-0.0862819254398346,-0.29315584897994995,-0.09828019142150879,-0.35312792658805847,-0.1046576201915741,-0.40612196922302246,-0.016715705394744873,-0.20619815587997437,-0.06358945369720459,-0.2034592628479004,-0.08914917707443237,-0.1638454794883728,-0.09600949287414551,-0.14232730865478516,0.02219909429550171,-0.1797662377357483,-0.032896459102630615,-0.13787472248077393,-0.050800859928131104,-0.10169267654418945,-0.05087250471115112,-0.08812719583511353,0.05303454399108887,-0.13727176189422607,0.0053719282150268555,-0.09394699335098267,-0.0069245100021362305,-0.06808865070343018,-0.002032339572906494,-0.06151789426803589
2,0.0,0.0,-0.05050063133239746,-0.02785623073577881,-0.09311413764953613,-0.063751220703125,-0.11525708436965942,-0.09178769588470459,-0.12258261442184448,-0.11251312494277954,-0.06485962867736816,-0.19527900218963623,-0.08778324723243713,-0.2894761562347412,-0.1008022129535675,-0.3513951301574707,-0.1082606315612793,-0.4068053960800171,-0.021565258502960205,-0.1995408535003662,-0.07306089997291565,-0.21021384000778198,-0.10975104570388794,-0.1832154393196106,-0.127857506275177,-0.17222219705581665,0.01704782247543335,-0.176214337348938,-0.03934681415557861,-0.13714289665222168,-0.04825448989868164,-0.09527802467346191,-0.039890944957733154,-0.07740247249603271,0.04985898733139038,-0.1378716230392456,0.0016832351684570312,-0.09929704666137695,-0.006700992584228516,-0.06651055812835693,0.002274632453918457,-0.05306428670883179
2,0.0,0.0,-0.053279101848602295,-0.03373861312866211,-0.09583085775375366,-0.07315564155578613,-0.11891937255859375,-0.10404497385025024,-0.1281988024711609,-0.13525891304016113,-0.06375157833099365,-0.20380008220672607,-0.08520546555519104,-0.29099804162979126,-0.09900304675102234,-0.3512956500053406,-0.10847821831703186,-0.40564799308776855,-0.01903986930847168,-0.20486921072006226,-0.07208651304244995,-0.2187250256538391,-0.12363871932029724,-0.20590460300445557,-0.16003981232643127,-0.1987094283103943,0.019690632820129395,-0.17759621143341064,-0.03597462177276611,-0.15176159143447876,-0.06680220365524292,-0.12228542566299438,-0.0828503668308258,-0.10438764095306396,0.05294656753540039,-0.13228631019592285,-0.001215517520904541,-0.0931311845779419,-0.026691973209381104,-0.06557983160018921,-0.037337303161621094,-0.047998011112213135
2,0.0,0.0,-0.06478747725486755,-0.03685188293457031,-0.1038564145565033,-0.09568387269973755,-0.11144393682479858,-0.14961808919906616,-0.11067819595336914,-0.1919592022895813,-0.07805299758911133,-0.20703572034835815,-0.10637876391410828,-0.2873160243034363,-0.12395808100700378,-0.34332165122032166,-0.13683617115020752,-0.39351704716682434,-0.03513592481613159,-0.21239399909973145,-0.0949297547340393,-0.21551638841629028,-0.1384068727493286,-0.195884108543396,-0.1672525405883789,-0.18496888875961304,0.0009876489639282227,-0.18981271982192993,-0.06392776966094971,-0.15732461214065552,-0.0910271406173706,-0.12230318784713745,-0.10434943437576294,-0.097628653049469,0.03033292293548584,-0.1494351625442505,-0.025571882724761963,-0.1166766881942749,-0.048674941062927246,-0.08748584985733032,-0.05901995301246643,-0.06455951929092407
2,0.0,0.0,-0.061392784118652344,-0.03339576721191406,-0.09757673740386963,-0.09621495008468628,-0.0995241105556488,-0.15708184242248535,-0.09658235311508179,-0.20337724685668945,-0.07705062627792358,-0.2046877145767212,-0.10674351453781128,-0.2888205945491791,-0.12442490458488464,-0.3466455340385437,-0.13752013444900513,-0.39981818199157715,-0.034696877002716064,-0.21174174547195435,-0.0907362699508667,-0.2170872688293457,-0.1328376829624176,-0.20660138130187988,-0.1612902283668518,-0.20417052507400513,0.002328336238861084,-0.1916966438293457,-0.06308495998382568,-0.14549332857131958,-0.07617849111557007,-0.10253101587295532,-0.07465249300003052,-0.07488846778869629,0.03181415796279907,-0.1544172167778015,-0.020893335342407227,-0.11452078819274902,-0.0333438515663147,-0.08029848337173462,-0.03159087896347046,-0.05850166082382202
2,0.0,0.0,-0.06303146481513977,-0.03675729036331177,-0.0987919270992279,-0.09920239448547363,-0.1041434109210968,-0.15685969591140747,-0.10194101929664612,-0.19913756847381592,-0.07681781053543091,-0.20584893226623535,-0.11203885078430176,-0.286510169506073,-0.1319074034690857,-0.34314531087875366,-0.14495322108268738,-0.3949180245399475,-0.034234702587127686,-0.21056169271469116,-0.09324926137924194,-0.21797966957092285,-0.13149720430374146,-0.20560210943222046,-0.15468496084213257,-0.20266157388687134,0.002104461193084717,-0.1887819766998291,-0.06715202331542969,-0.1430431604385376,-0.07474714517593384,-0.09720367193222046,-0.06629982590675354,-0.06959480047225952,0.030060648918151855,-0.15017515420913696,-0.02817702293395996,-0.10984772443771362,-0.03917539119720459,-0.07434988021850586,-0.03397953510284424,-0.05346173048019409
2,0.0,0.0,-0.0627886950969696,-0.01947706937789917,-0.10589760541915894,-0.07920682430267334,-0.09283396601676941,-0.1345524787902832,-0.06160980463027954,-0.16791903972625732,-0.09443718194961548,-0.19279253482818604,-0.12064981460571289,-0.27872246503829956,-0.13929566740989685,-0.33508217334747314,-0.15013879537582397,-0.3872440457344055,-0.049506694078445435,-0.2017827033996582,-0.08810889720916748,-0.2220550775527954,-0.10681843757629395,-0.2031349539756775,-0.11079612374305725,-0.20132476091384888,-0.008139431476593018,-0.18788546323776245,-0.05688920617103577,-0.15068471431732178,-0.06518438458442688,-0.10270053148269653,-0.057047098875045776,-0.08323532342910767,0.027879714965820312,-0.15891128778457642,-0.019389688968658447,-0.11845755577087402,-0.02909219264984131,-0.08081609010696411,-0.022233963012695312,-0.0685892105102539
2,0.0,0.0,-0.06812870502471924,-0.018058061599731445,-0.11150389909744263,-0.08384674787521362,-0.0988912284374237,-0.1446329951286316,-0.0742391049861908,-0.18202584981918335,-0.09455123543739319,-0.2017999291419983,-0.11747375130653381,-0.28342801332473755,-0.13601839542388916,-0.339140385389328,-0.14810395240783691,-0.3896143436431885,-0.04521775245666504,-0.2100580334663391,-0.06191936135292053,-0.20965546369552612,-0.07544645667076111,-0.1689695119857788,-0.0779845118522644,-0.15044331550598145,-0.0011900067329406738,-0.1906449794769287,-0.03414928913116455,-0.15006589889526367,-0.053201884031295776,-0.1062847375869751,-0.05761730670928955,-0.0924375057220459,0.035988956689834595,-0.15504735708236694,-0.002744734287261963,-0.10742515325546265,-0.02026212215423584,-0.0705721378326416,-0.022341489791870117,-0.06214851140975952
2,0.0,0.0,-0.06624814867973328,-0.013604283332824707,-0.11154544353485107,-0.0806545615196228,-0.08816176652908325,-0.13773113489151,-0.04532381892204285,-0.16377103328704834,-0.10255777835845947,-0.20002985000610352,-0.12473085522651672,-0.28414660692214966,-0.14233839511871338,-0.34052184224128723,-0.1538269817829132,-0.3915194869041443,-0.05238997936248779,-0.21229565143585205,-0.05656138062477112,-0.21330982446670532,-0.06074121594429016,-0.16026955842971802,-0.05816635489463806,-0.13855338096618652,-0.007723450660705566,-0.1965901255607605,-0.023383527994155884,-0.15398454666137695,-0.03298059105873108,-0.10328406095504761,-0.031244009733200073,-0.09519726037979126,0.030278563499450684,-0.1636151671409607,0.004293888807296753,-0.11113965511322021,-0.005904078483581543,-0.07246989011764526,-0.003138631582260132,-0.07254838943481445
2,0.0,0.0,-0.06252482533454895,-0.01306164264678955,-0.10421827435493469,-0.07689237594604492,-0.08367899060249329,-0.1325613260269165,-0.04824244976043701,-0.15916544198989868,-0.09877294301986694,-0.1963949203491211,-0.12382856011390686,-0.28311312198638916,-0.14313295483589172,-0.33901941776275635,-0.15637505054473877,-0.3902468681335449,-0.05063775181770325,-0.2062055468559265,-0.05727672576904297,-0.2089671492576599,-0.05776694416999817,-0.14864897727966309,-0.05231606960296631,-0.12154251337051392,-0.007874757051467896,-0.19150328636169434,-0.024915874004364014,-0.16317003965377808,-0.03043505549430847,-0.10650944709777832,-0.02723979949951172,-0.09340453147888184,0.029112696647644043,-0.16285943984985352,0.005692809820175171,-0.1286463737487793,-0.0025589466094970703,-0.08231383562088013,-2.855062484741211e-05,-0.07389473915100098
2,0.0,0.0,-0.061898648738861084,-0.013710856437683105,-0.1059989333152771,-0.07797122001647949,-0.08987942337989807,-0.13229334354400635,-0.05640104413032532,-0.15757447481155396,-0.10093611478805542,-0.198036789894104,-0.12756794691085815,-0.28344839811325073,-0.14708897471427917,-0.3383697271347046,-0.16066208481788635,-0.38902032375335693,-0.05332502722740173,-0.20583027601242065,-0.05989381670951843,-0.21015244722366333,-0.06233087182044983,-0.14741533994674683,-0.057936251163482666,-0.12201923131942749,-0.010705232620239258,-0.1893332600593567,-0.025261789560317993,-0.16824156045913696,-0.03424304723739624,-0.10914993286132812,-0.032677143812179565,-0.09497833251953125,0.026138216257095337,-0.1583651900291443,0.0031143128871917725,-0.13119560480117798,-0.007219105958938599,-0.08410537242889404,-0.00554385781288147,-0.0740862488746643
2,0.0,0.0,-0.061447471380233765,-0.010506808757781982,-0.10486894845962524,-0.07551008462905884,-0.08682236075401306,-0.13247859477996826,-0.05389854311943054,-0.16169995069503784,-0.10167881846427917,-0.19414949417114258,-0.12651360034942627,-0.28046858310699463,-0.14395546913146973,-0.33475935459136963,-0.15715956687927246,-0.3852744996547699,-0.05428767204284668,-0.20030325651168823,-0.06270480155944824,-0.2077510952949524,-0.06540024280548096,-0.14589035511016846,-0.0630430281162262,-0.12008672952651978,-0.01096111536026001,-0.18593013286590576,-0.026739269495010376,-0.16668826341629028,-0.03461951017379761,-0.1054086685180664,-0.03492099046707153,-0.09051203727722168,0.027499675750732422,-0.15926837921142578,0.00400128960609436,-0.13434070348739624,-0.007348358631134033,-0.08309978246688843,-0.008463919162750244,-0.07090646028518677
2,0.0,0.0,-0.06436645984649658,-0.01391834020614624,-0.10640814900398254,-0.08130848407745361,-0.08553197979927063,-0.13717758655548096,-0.049554258584976196,-0.16145813465118408,-0.09849190711975098,-0.19524496793746948,-0.12602365016937256,-0.27993083000183105,-0.14655223488807678,-0.33475154638290405,-0.16232258081436157,-0.38222044706344604,-0.052751898765563965,-0.20157909393310547,-0.06545975804328918,-0.20737224817276,-0.06304740905761719,-0.14517748355865479,-0.053865671157836914,-0.1119796633720398,-0.01181882619857788,-0.18624448776245117,-0.031920045614242554,-0.16344428062438965,-0.034131377935409546,-0.10684341192245483,-0.028219491243362427,-0.08858484029769897,0.02403894066810608,-0.15734076499938965,-8.410215377807617e-05,-0.13324075937271118,-0.007721990346908569,-0.08682966232299805,-0.004486650228500366,-0.07251948118209839
2,0.0,0.0,-0.06558072566986084,-0.009632706642150879,-0.11143934726715088,-0.07783663272857666,-0.0887703001499176,-0.1351192593574524,-0.05066797137260437,-0.1554601788520813,-0.10520404577255249,-0.19164705276489258,-0.13491195440292358,-0.27838122844696045,-0.15474852919578552,-0.334015816450119,-0.17202547192573547,-0.3808818459510803,-0.0626610517501831,-0.1955864429473877,-0.06474187970161438,-0.2096371054649353,-0.058361321687698364,-0.14660990238189697,-0.05318596959114075,-0.10617202520370483,-0.02396330237388611,-0.18364614248275757,-0.02878144383430481,-0.1762450933456421,-0.02896443009376526,-0.11477810144424438,-0.027681052684783936,-0.08487153053283691,0.011658668518066406,-0.15916115045547485,0.0009101927280426025,-0.15003114938735962,-0.005493968725204468,-0.09940171241760254,-0.005667656660079956,-0.07594621181488037
2,0.0,0.0,-0.06315895915031433,-0.01061469316482544,-0.10904213786125183,-0.07403725385665894,-0.09664154052734375,-0.12491351366043091,-0.06601467728614807,-0.14434915781021118,-0.10589176416397095,-0.19106554985046387,-0.1364181935787201,-0.276788592338562,-0.156671941280365,-0.3322795629501343,-0.17437615990638733,-0.378906786441803,-0.06382471323013306,-0.19287288188934326,-0.0693078339099884,-0.20581459999084473,-0.06342336535453796,-0.1462743878364563,-0.05729290843009949,-0.10934263467788696,-0.025667637586593628,-0.1783963441848755,-0.037023723125457764,-0.1662464141845703,-0.03605678677558899,-0.10749590396881104,-0.032570719718933105,-0.0812079906463623,0.00839206576347351,-0.1511583924293518,-0.009674370288848877,-0.13576287031173706,-0.014606356620788574,-0.08768260478973389,-0.012133091688156128,-0.06820762157440186
2,0.0,0.0,-0.06066089868545532,-0.005350232124328613,-0.11165609955787659,-0.06772232055664062,-0.10270607471466064,-0.125701904296875,-0.06580549478530884,-0.14427578449249268,-0.10462412238121033,-0.18891048431396484,-0.1386142373085022,-0.2749520540237427,-0.16033080220222473,-0.32981520891189575,-0.17823785543441772,-0.37548893690109253,-0.06616270542144775,-0.1941627860069275,-0.0758821964263916,-0.20308738946914673,-0.06699472665786743,-0.14608848094940186,-0.05667322874069214,-0.11180704832077026,-0.03102123737335205,-0.18115395307540894,-0.04510411620140076,-0.16612285375595093,-0.04270640015602112,-0.10823863744735718,-0.036073118448257446,-0.08178979158401489,0.0012092292308807373,-0.1538376808166504,-0.019176840782165527,-0.13428139686584473,-0.023767292499542236,-0.08708947896957397,-0.01969274878501892,-0.06709146499633789
2,0.0,0.0,-0.06063270568847656,-0.0018606781959533691,-0.11127659678459167,-0.06505727767944336,-0.1045457124710083,-0.12672817707061768,-0.07111796736717224,-0.15889841318130493,-0.10667487978935242,-0.18826580047607422,-0.14025068283081055,-0.27479952573776245,-0.16344565153121948,-0.3305867910385132,-0.1806943118572235,-0.3767906427383423,-0.06746253371238708,-0.1980065107345581,-0.08300697803497314,-0.20054954290390015,-0.07637995481491089,-0.13520097732543945,-0.06416526436805725,-0.1055450439453125,-0.031214594841003418,-0.18645954132080078,-0.05160534381866455,-0.16265368461608887,-0.05052608251571655,-0.09808129072189331,-0.041273295879364014,-0.07969170808792114,0.002507448196411133,-0.15988624095916748,-0.024377554655075073,-0.13058525323867798,-0.028518259525299072,-0.07937628030776978,-0.020178675651550293,-0.06693661212921143
2,0.0,0.0,-0.05851858854293823,-0.003693878650665283,-0.10840457677841187,-0.06059759855270386,-0.11143350601196289,-0.1240118145942688,-0.08170950412750244,-0.157040536403656,-0.1056576669216156,-0.19319379329681396,-0.1393808126449585,-0.2797544598579407,-0.16300582885742188,-0.33547845482826233,-0.17984315752983093,-0.38271456956863403,-0.06418201327323914,-0.2068713903427124,-0.08992430567741394,-0.20385068655014038,-0.08184900879859924,-0.14121681451797485,-0.06529426574707031,-0.11480361223220825,-0.027920901775360107,-0.19346261024475098,-0.06015956401824951,-0.15496790409088135,-0.056431859731674194,-0.09462928771972656,-0.042766034603118896,-0.07958763837814331,0.0018661022186279297,-0.162248432636261,-0.03216814994812012,-0.1145903468132019,-0.029836565256118774,-0.0684477686882019,-0.016209304332733154,-0.061964333057403564
2,0.0,0.0,-0.05822250247001648,-0.01056128740310669,-0.10643154382705688,-0.07145071029663086,-0.10429412126541138,-0.13561755418777466,-0.07208752632141113,-0.16727524995803833,-0.09991428256034851,-0.20135456323623657,-0.1328336000442505,-0.28697341680526733,-0.15598106384277344,-0.3424038589000702,-0.1730172038078308,-0.39046409726142883,-0.05695202946662903,-0.2144794464111328,-0.08445459604263306,-0.2125423550605774,-0.07903391122817993,-0.1489751935005188,-0.06383943557739258,-0.12324994802474976,-0.019907832145690918,-0.19979619979858398,-0.05398407578468323,-0.16187399625778198,-0.052469730377197266,-0.10054117441177368,-0.03964477777481079,-0.08670836687088013,0.00985807180404663,-0.16788583993911743,-0.026417642831802368,-0.11963057518005371,-0.02568840980529785,-0.07305574417114258,-0.012909173965454102,-0.06737273931503296
2,0.0,0.0,-0.061221182346343994,-0.01422971487045288,-0.1071251630783081,-0.08247202634811401,-0.0941130518913269,-0.14900004863739014,-0.05867376923561096,-0.18013650178909302,-0.09872269630432129,-0.20906883478164673,-0.12520059943199158,-0.2887572646141052,-0.14379602670669556,-0.3430905342102051,-0.15866029262542725,-0.39046961069107056,-0.050927698612213135,-0.22228437662124634,-0.07356008887290955,-0.21348875761032104,-0.07161575555801392,-0.1438084840774536,-0.0630524754524231,-0.11727029085159302,-0.010427117347717285,-0.2077311873435974,-0.039662450551986694,-0.16352099180221558,-0.04310372471809387,-0.09862267971038818,-0.03499850630760193,-0.08277750015258789,0.022427499294281006,-0.17666029930114746,-0.009127259254455566,-0.12867802381515503,-0.016803503036499023,-0.07892471551895142,-0.011883914470672607,-0.06918960809707642
2,0.0,0.0,-0.06449484825134277,-0.01427614688873291,-0.11179473996162415,-0.0842483639717102,-0.09630906581878662,-0.14784395694732666,-0.058657556772232056,-0.1758086085319519,-0.10187703371047974,-0.2093106508255005,-0.12898185849189758,-0.2910667359828949,-0.146401047706604,-0.3442348539829254,-0.15892082452774048,-0.3918921947479248,-0.054079532623291016,-0.22094815969467163,-0.07734042406082153,-0.21340036392211914,-0.0778646469116211,-0.14730620384216309,-0.06841680407524109,-0.12182515859603882,-0.013211488723754883,-0.20454776287078857,-0.045532166957855225,-0.15297794342041016,-0.049154311418533325,-0.09228044748306274,-0.040336668491363525,-0.08324211835861206,0.02035975456237793,-0.1716911792755127,-0.01768702268600464,-0.11543047428131104,-0.021716207265853882,-0.07021439075469971,-0.012747973203659058,-0.06913655996322632
2,0.0,0.0,-0.07063636183738708,-0.014210700988769531,-0.11932644248008728,-0.08269655704498291,-0.10248944163322449,-0.14564353227615356,-0.06081482768058777,-0.16847896575927734,-0.10440292954444885,-0.20496118068695068,-0.13014104962348938,-0.2902986407279968,-0.14829480648040771,-0.3443165421485901,-0.16138288378715515,-0.3924497961997986,-0.055812686681747437,-0.21439522504806519,-0.07728233933448792,-0.208673357963562,-0.07784286141395569,-0.14700883626937866,-0.06739455461502075,-0.12004053592681885,-0.014090627431869507,-0.1985958218574524,-0.04302474856376648,-0.15330469608306885,-0.04768359661102295,-0.09560894966125488,-0.04016166925430298,-0.08431422710418701,0.022355645895004272,-0.16804569959640503,-0.01008296012878418,-0.12002795934677124,-0.019837409257888794,-0.07554399967193604,-0.016441047191619873,-0.07014834880828857
2,0.0,0.0,-0.06795650720596313,-0.02181321382522583,-0.113597571849823,-0.08998644351959229,-0.10222846269607544,-0.15672636032104492,-0.06830990314483643,-0.1934947967529297,-0.09575435519218445,-0.21086889505386353,-0.12248730659484863,-0.2894264757633209,-0.14181861281394958,-0.3424975872039795,-0.15616640448570251,-0.3899097740650177,-0.046159833669662476,-0.22185862064361572,-0.0787457525730133,-0.19415265321731567,-0.08466008305549622,-0.13481616973876953,-0.07816985249519348,-0.1117597222328186,-0.0036895573139190674,-0.20326387882232666,-0.04400897026062012,-0.14908188581466675,-0.049310147762298584,-0.09677153825759888,-0.042509645223617554,-0.08541792631149292,0.03249678015708923,-0.17055076360702515,-0.0077866315841674805,-0.12025880813598633,-0.01657053828239441,-0.07879859209060669,-0.012037485837936401,-0.07150429487228394
2,0.0,0.0,-0.06603950262069702,-0.026044368743896484,-0.11339500546455383,-0.10367655754089355,-0.1228516697883606,-0.1815577745437622,-0.12271007895469666,-0.23450082540512085,-0.0851910412311554,-0.2157806158065796,-0.11195477843284607,-0.29181644320487976,-0.1303536295890808,-0.344643771648407,-0.14211300015449524,-0.39099910855293274,-0.035527318716049194,-0.22711127996444702,-0.07744666934013367,-0.19995355606079102,-0.08776980638504028,-0.14709949493408203,-0.08230078220367432,-0.1260993480682373,0.006238847970962524,-0.20672136545181274,-0.04288482666015625,-0.15749800205230713,-0.050111591815948486,-0.1125572919845581,-0.04257616400718689,-0.10408711433410645,0.040017515420913696,-0.17000681161880493,-0.005069106817245483,-0.11977183818817139,-0.011218994855880737,-0.0820736289024353,-0.001959770917892456,-0.07468283176422119
2,0.0,0.0,-0.07151460647583008,-0.044092416763305664,-0.11194479465484619,-0.1278638243675232,-0.12273028492927551,-0.20124876499176025,-0.12444522976875305,-0.2531762719154358,-0.08743453025817871,-0.22092115879058838,-0.12146109342575073,-0.28993892669677734,-0.1440506875514984,-0.3410951793193817,-0.15946894884109497,-0.388091117143631,-0.045237332582473755,-0.2193281054496765,-0.10209500789642334,-0.22095680236816406,-0.13307785987854004,-0.18858599662780762,-0.1484900712966919,-0.16560637950897217,-0.00771939754486084,-0.192216694355011,-0.06949761509895325,-0.16558557748794556,-0.09809243679046631,-0.1308702826499939,-0.11249637603759766,-0.11344373226165771,0.02149832248687744,-0.1471739411354065,-0.029145777225494385,-0.11921823024749756,-0.050052523612976074,-0.09126412868499756,-0.05718863010406494,-0.07640713453292847
2,0.0,0.0,-0.06910187005996704,-0.0304715633392334,-0.117921382188797,-0.10513168573379517,-0.13184800744056702,-0.1769239902496338,-0.12572050094604492,-0.22468119859695435,-0.09175330400466919,-0.21224218606948853,-0.11837542057037354,-0.2897528111934662,-0.13543203473091125,-0.3423090875148773,-0.14543455839157104,-0.3922892212867737,-0.046929895877838135,-0.21717900037765503,-0.10347500443458557,-0.20541757345199585,-0.12198516726493835,-0.1638350486755371,-0.12352091073989868,-0.14784777164459229,-0.008112728595733643,-0.19502007961273193,-0.06857776641845703,-0.15518534183502197,-0.07796892523765564,-0.1123308539390564,-0.07316148281097412,-0.09932589530944824,0.02306234836578369,-0.15672028064727783,-0.027758806943893433,-0.11999291181564331,-0.03535252809524536,-0.08380025625228882,-0.02876409888267517,-0.07016658782958984
2,0.0,0.0,-0.07051816582679749,-0.019763052463531494,-0.11986982822418213,-0.08489537239074707,-0.12310484051704407,-0.15165847539901733,-0.1041257381439209,-0.19600176811218262,-0.08824935555458069,-0.21073472499847412,-0.10991653800010681,-0.2934914827346802,-0.1241614818572998,-0.3507436513900757,-0.13464370369911194,-0.3996836841106415,-0.04188567399978638,-0.2222856879234314,-0.09103015065193176,-0.22080641984939575,-0.1102939248085022,-0.16945326328277588,-0.11464700102806091,-0.1366543173789978,-0.0006799697875976562,-0.20743942260742188,-0.0461292564868927,-0.16555911302566528,-0.05495327711105347,-0.10974562168121338,-0.052958935499191284,-0.07989555597305298,0.0364384651184082,-0.1763041615486145,-0.00156325101852417,-0.1378270983695984,-0.010372042655944824,-0.09379512071609497,-0.008030354976654053,-0.07147908210754395
2,0.0,0.0,-0.06871077418327332,-0.027213096618652344,-0.12024036049842834,-0.08598893880844116,-0.13383302092552185,-0.14455604553222656,-0.13075044751167297,-0.18669766187667847,-0.08638545870780945,-0.21155261993408203,-0.10921719670295715,-0.29383930563926697,-0.12538915872573853,-0.35117170214653015,-0.13899093866348267,-0.4019627571105957,-0.03979212045669556,-0.21886032819747925,-0.0987858772277832,-0.21948766708374023,-0.12827053666114807,-0.1802425980567932,-0.14321374893188477,-0.1577175259590149,-0.0005832910537719727,-0.1983938217163086,-0.0578499436378479,-0.1704844832420349,-0.07930007576942444,-0.1331695318222046,-0.08978596329689026,-0.11371958255767822,0.032710254192352295,-0.16167503595352173,-0.017071545124053955,-0.13335615396499634,-0.035461485385894775,-0.09667110443115234,-0.042402297258377075,-0.07235187292098999
2,0.0,0.0,-0.06717538833618164,-0.02635955810546875,-0.11892491579055786,-0.08178722858428955,-0.12932664155960083,-0.13669681549072266,-0.11474955081939697,-0.17814284563064575,-0.0881814956665039,-0.20833349227905273,-0.10439583659172058,-0.29575157165527344,-0.11722815036773682,-0.3555290102958679,-0.12821805477142334,-0.4070757031440735,-0.043807387351989746,-0.21374493837356567,-0.10070991516113281,-0.229542076587677,-0.12827491760253906,-0.19153696298599243,-0.1418362855911255,-0.16716307401657104,-0.0037872791290283203,-0.195995032787323,-0.06019589304924011,-0.18611884117126465,-0.07839006185531616,-0.1435408592224121,-0.08612266182899475,-0.11781513690948486,0.03395348787307739,-0.1646752953529358,-0.01591247320175171,-0.16443222761154175,-0.04437306523323059,-0.14892494678497314,-0.06465640664100647,-0.1422174572944641
2,0.0,0.0,-0.06081458926200867,-0.03397852182388306,-0.10730618238449097,-0.08858257532119751,-0.12285494804382324,-0.13915282487869263,-0.12203255295753479,-0.1775262951850891,-0.07195311784744263,-0.21138733625411987,-0.09589046239852905,-0.29819926619529724,-0.11048635840415955,-0.3570905923843384,-0.12147563695907593,-0.407170832157135,-0.025184273719787598,-0.2127050757408142,-0.08686873316764832,-0.21687227487564087,-0.12451377511024475,-0.1816110610961914,-0.14411163330078125,-0.16400045156478882,0.013467490673065186,-0.1861516833305359,-0.04805421829223633,-0.1632300615310669,-0.0652819573879242,-0.11814188957214355,-0.0672941505908966,-0.09301584959030151,0.0454365611076355,-0.1440545916557312,-0.012455105781555176,-0.11416685581207275,-0.030641615390777588,-0.07592612504959106,-0.033203959465026855,-0.050900399684906006
2,0.0,0.0,-0.06487464904785156,-0.03763920068740845,-0.10417059063911438,-0.09115207195281982,-0.121823251247406,-0.13528847694396973,-0.12535333633422852,-0.17561829090118408,-0.07524657249450684,-0.2063118815422058,-0.1021932065486908,-0.292249858379364,-0.11665087938308716,-0.34972846508026123,-0.1284436583518982,-0.40150806307792664,-0.03289949893951416,-0.21081936359405518,-0.10156187415122986,-0.21021467447280884,-0.15396249294281006,-0.1824713945388794,-0.19202005863189697,-0.16739755868911743,0.0028110742568969727,-0.18420124053955078,-0.06812477111816406,-0.14404600858688354,-0.07315599918365479,-0.09367263317108154,-0.06658095121383667,-0.06633388996124268,0.031178712844848633,-0.14046865701675415,-0.03470951318740845,-0.095672607421875,-0.04469144344329834,-0.05740666389465332,-0.039848923683166504,-0.03479957580566406
2,0.0,0.0,-0.053730309009552,-0.0413053035736084,-0.09250012040138245,-0.08714091777801514,-0.11469584703445435,-0.12266647815704346,-0.12689891457557678,-0.1573784351348877,-0.0617748498916626,-0.20764696598052979,-0.0883314311504364,-0.2938876152038574,-0.10063952207565308,-0.3522186875343323,-0.11030218005180359,-0.40585756301879883,-0.018491744995117188,-0.20969253778457642,-0.07734647393226624,-0.20990949869155884,-0.12251287698745728,-0.18251508474349976,-0.15231382846832275,-0.16794675588607788,0.019520580768585205,-0.18626803159713745,-0.039244771003723145,-0.14063799381256104,-0.04066157341003418,-0.09553825855255127,-0.030801475048065186,-0.06737899780273438,0.05104345083236694,-0.14937818050384521,0.0013613700866699219,-0.10978788137435913,-0.00306624174118042,-0.07595318555831909,0.006242215633392334,-0.056217074394226074
2,0.0,0.0,-0.04792708158493042,-0.03807556629180908,-0.07519209384918213,-0.0933542251586914,-0.06913357973098755,-0.1390312910079956,-0.05063265562057495,-0.1645398736000061,-0.058995068073272705,-0.20636063814163208,-0.08097362518310547,-0.2951110005378723,-0.09433445334434509,-0.355959415435791,-0.10285848379135132,-0.4085313677787781,-0.01344752311706543,-0.21093523502349854,-0.05822622776031494,-0.20111733675003052,-0.07780861854553223,-0.148485004901886,-0.0796879231929779,-0.11848920583724976,0.0246962308883667,-0.18656831979751587,-0.026164889335632324,-0.14723706245422363,-0.035063743591308594,-0.09922420978546143,-0.02891993522644043,-0.07824373245239258,0.055380821228027344,-0.1484329104423523,0.009188711643218994,-0.11217647790908813,0.0026873350143432617,-0.07941645383834839,0.011510312557220459,-0.0682440996170044
2,0.0,0.0,-0.04729783535003662,-0.03088390827178955,-0.07744193077087402,-0.09517395496368408,-0.06557857990264893,-0.14792561531066895,-0.03675985336303711,-0.16881483793258667,-0.06127572059631348,-0.2068345546722412,-0.08237558603286743,-0.29909414052963257,-0.09416109323501587,-0.35966598987579346,-0.10023465752601624,-0.4105915129184723,-0.01767110824584961,-0.20954185724258423,-0.05275309085845947,-0.21180278062820435,-0.06583738327026367,-0.15462225675582886,-0.06132787466049194,-0.12187224626541138,0.01974266767501831,-0.18756139278411865,-0.022182106971740723,-0.1546979546546936,-0.02768343687057495,-0.10192447900772095,-0.016167759895324707,-0.08267378807067871,0.050724923610687256,-0.15173077583312988,0.008281469345092773,-0.1166982650756836,0.001683056354522705,-0.07981890439987183,0.01299375295639038,-0.07099658250808716
2,0.0,0.0,-0.04843682050704956,-0.03424656391143799,-0.07771480083465576,-0.10375970602035522,-0.057258009910583496,-0.15648406744003296,-0.023180246353149414,-0.17415982484817505,-0.06301045417785645,-0.20517730712890625,-0.0834004282951355,-0.30137526988983154,-0.09260338544845581,-0.36375510692596436,-0.09782469272613525,-0.41804441809654236,-0.018068432807922363,-0.20623517036437988,-0.036031246185302734,-0.2143251895904541,-0.04377192258834839,-0.1583651900291443,-0.04164808988571167,-0.1283596158027649,0.02011287212371826,-0.18701952695846558,-0.006060242652893066,-0.1627674698829651,-0.015617907047271729,-0.1101679801940918,-0.011864066123962402,-0.09241306781768799,0.05173945426940918,-0.1558622121810913,0.022337496280670166,-0.12674498558044434,0.009329438209533691,-0.08660352230072021,0.01207733154296875,-0.07563263177871704
2,0.0,0.0,-0.050628483295440674,-0.026887118816375732,-0.0847206711769104,-0.09611314535140991,-0.06514608860015869,-0.158253014087677,-0.02619624137878418,-0.18172687292099,-0.0693550705909729,-0.2045639157295227,-0.08861082792282104,-0.30362027883529663,-0.09748917818069458,-0.3658785820007324,-0.10193789005279541,-0.4221116900444031,-0.024441838264465332,-0.20801609754562378,-0.041201233863830566,-0.2191535234451294,-0.04843604564666748,-0.15793853998184204,-0.044754862785339355,-0.1273471713066101,0.012713789939880371,-0.1889699101448059,-0.01082158088684082,-0.16717123985290527,-0.02324199676513672,-0.11077433824539185,-0.02017146348953247,-0.09328675270080566,0.04393893480300903,-0.15646469593048096,0.015532255172729492,-0.12746310234069824,0.00012689828872680664,-0.08432358503341675,0.0007743239402770996,-0.07236379384994507
2,0.0,0.0,-0.048990488052368164,-0.030018508434295654,-0.08132439851760864,-0.1006784439086914,-0.06369435787200928,-0.16133838891983032,-0.02659529447555542,-0.17769122123718262,-0.061938703060150146,-0.2096949815750122,-0.08005881309509277,-0.3074665069580078,-0.0901482105255127,-0.36856770515441895,-0.09413087368011475,-0.42442092299461365,-0.017283201217651367,-0.2118854522705078,-0.04314225912094116,-0.2192094922065735,-0.050938546657562256,-0.15609759092330933,-0.04133981466293335,-0.1304280161857605,0.01846778392791748,-0.1880967617034912,-0.016181349754333496,-0.15938526391983032,-0.027215301990509033,-0.10422390699386597,-0.017581403255462646,-0.09349042177200317,0.046843647956848145,-0.15060657262802124,0.00858384370803833,-0.11423218250274658,-0.002156674861907959,-0.07476907968521118,0.007108032703399658,-0.07082390785217285
2,0.0,0.0,-0.048192381858825684,-0.02835214138031006,-0.08183646202087402,-0.09968936443328857,-0.06571900844573975,-0.16186785697937012,-0.02893894910812378,-0.17760789394378662,-0.06177490949630737,-0.20586371421813965,-0.07903492450714111,-0.30850881338119507,-0.08770042657852173,-0.3705267906188965,-0.09179508686065674,-0.4278867840766907,-0.01842045783996582,-0.20634818077087402,-0.04308021068572998,-0.2272077202796936,-0.04898571968078613,-0.16146278381347656,-0.039145469665527344,-0.13447237014770508,0.016979455947875977,-0.18599045276641846,-0.012847483158111572,-0.1737932562828064,-0.023515641689300537,-0.11272561550140381,-0.014667868614196777,-0.09712255001068115,0.04782134294509888,-0.15367168188095093,0.01607459783554077,-0.13266849517822266,0.0024399757385253906,-0.08701986074447632,0.00766986608505249,-0.07553863525390625
2,0.0,0.0,-0.05189162492752075,-0.03279179334640503,-0.08354592323303223,-0.10828226804733276,-0.06551772356033325,-0.16860318183898926,-0.02696382999420166,-0.18314486742019653,-0.059375882148742676,-0.20431137084960938,-0.07783633470535278,-0.30693137645721436,-0.0871996283531189,-0.36891305446624756,-0.09190350770950317,-0.4253556728363037,-0.016417324542999268,-0.2056828737258911,-0.037514448165893555,-0.21810394525527954,-0.04358828067779541,-0.1555922031402588,-0.035314977169036865,-0.12808144092559814,0.017881155014038086,-0.18633025884628296,-0.010527849197387695,-0.17266011238098145,-0.02222365140914917,-0.11443543434143066,-0.015264630317687988,-0.09656625986099243,0.04684656858444214,-0.15538936853408813,0.015097260475158691,-0.1348189115524292,-0.0010502934455871582,-0.09098970890045166,0.0014992356300354004,-0.07714909315109253
2,0.0,0.0,-0.04606431722640991,-0.037054240703582764,-0.07409584522247314,-0.11137193441390991,-0.05875861644744873,-0.1710180640220642,-0.025184214115142822,-0.19271749258041382,-0.05020284652709961,-0.20959943532943726,-0.06671339273452759,-0.3070833086967468,-0.07551020383834839,-0.36909568309783936,-0.07994288206100464,-0.4257596731185913,-0.005527079105377197,-0.21190792322158813,-0.03325718641281128,-0.2111414074897766,-0.04346662759780884,-0.15176653861999512,-0.03778809309005737,-0.1264486312866211,0.02927374839782715,-0.18919062614440918,-0.006656229496002197,-0.16365396976470947,-0.017390668392181396,-0.10963499546051025,-0.00970548391342163,-0.093097984790802,0.056332528591156006,-0.15450751781463623,0.018863916397094727,-0.12856262922286987,0.004317283630371094,-0.08576697111129761,0.008725464344024658,-0.07132071256637573
2,0.0,0.0,-0.045764148235321045,-0.036936819553375244,-0.07092273235321045,-0.11042845249176025,-0.0566333532333374,-0.16745525598526,-0.02847909927368164,-0.19211214780807495,-0.05159616470336914,-0.21022486686706543,-0.06621366739273071,-0.3075026571750641,-0.0723305344581604,-0.37078338861465454,-0.07432085275650024,-0.42803919315338135,-0.007659435272216797,-0.21383577585220337,-0.03480333089828491,-0.2150622010231018,-0.04587256908416748,-0.15971553325653076,-0.04308360815048218,-0.13683444261550903,0.0274469256401062,-0.19327151775360107,-0.009450793266296387,-0.16277283430099487,-0.01854729652404785,-0.1099327802658081,-0.010382354259490967,-0.09486430883407593,0.05464029312133789,-0.16051965951919556,0.015147984027862549,-0.1263163685798645,0.00238645076751709,-0.0833396315574646,0.007799863815307617,-0.07189202308654785
2,0.0,0.0,-0.045617520809173584,-0.035481393337249756,-0.0731576681137085,-0.10793071985244751,-0.05829203128814697,-0.16669726371765137,-0.023007750511169434,-0.18812185525894165,-0.04982936382293701,-0.20736545324325562,-0.06521666049957275,-0.30728840827941895,-0.0721278190612793,-0.3707704544067383,-0.07385975122451782,-0.4266827702522278,-0.006375133991241455,-0.2093585729598999,-0.031104683876037598,-0.2107313871383667,-0.04051321744918823,-0.15083831548690796,-0.03454166650772095,-0.12188965082168579,0.027645111083984375,-0.18814224004745483,-0.005418181419372559,-0.16085386276245117,-0.016286492347717285,-0.10838735103607178,-0.008813560009002686,-0.09314721822738647,0.05434107780456543,-0.15428119897842407,0.017666935920715332,-0.12253451347351074,0.005686759948730469,-0.08212113380432129,0.012787222862243652,-0.07243436574935913
2,0.0,0.0,-0.04489845037460327,-0.04002755880355835,-0.07156121730804443,-0.11385464668273926,-0.05465024709701538,-0.17124640941619873,-0.01815927028656006,-0.18734526634216309,-0.04319077730178833,-0.21145695447921753,-0.05876624584197998,-0.3080776333808899,-0.06691372394561768,-0.3708280622959137,-0.06906044483184814,-0.42611658573150635,0.0008764266967773438,-0.21150696277618408,-0.02855396270751953,-0.21485233306884766,-0.03889209032058716,-0.15381401777267456,-0.03143256902694702,-0.12271785736083984,0.0341070294380188,-0.18727648258209229,-0.004646599292755127,-0.163097083568573,-0.01546388864517212,-0.10988259315490723,-0.005991041660308838,-0.09142422676086426,0.05902457237243652,-0.15068721771240234,0.017414629459381104,-0.12452548742294312,0.004359006881713867,-0.08285766839981079,0.011871397495269775,-0.06874173879623413
2,0.0,0.0,-0.04514503479003906,-0.03992825746536255,-0.07361412048339844,-0.11513954401016235,-0.05858200788497925,-0.17801779508590698,-0.020832836627960205,-0.1954594850540161,-0.04608416557312012,-0.21394437551498413,-0.059160470962524414,-0.31240326166152954,-0.0664110779762268,-0.372977077960968,-0.06852090358734131,-0.42874211072921753,-0.0013532638549804688,-0.21564507484436035,-0.030193984508514404,-0.22356098890304565,-0.039005398750305176,-0.1609373688697815,-0.031175315380096436,-0.13285481929779053,0.03270435333251953,-0.19231069087982178,-0.006621956825256348,-0.16596835851669312,-0.017669320106506348,-0.11234438419342041,-0.007989645004272461,-0.09779232740402222,0.058013737201690674,-0.1555955410003662,0.014361143112182617,-0.12361729145050049,0.0019701719284057617,-0.08312475681304932,0.010359585285186768,-0.07345831394195557
2,0.0,0.0,-0.04604750871658325,-0.0381925106048584,-0.07673525810241699,-0.11469388008117676,-0.06016135215759277,-0.17917048931121826,-0.017282605171203613,-0.19418799877166748,-0.048436641693115234,-0.20991861820220947,-0.06228917837142944,-0.3117215633392334,-0.06952637434005737,-0.3717186152935028,-0.07121533155441284,-0.4261671304702759,-0.00491786003112793,-0.21118998527526855,-0.029963970184326172,-0.22387194633483887,-0.03647810220718384,-0.1622316837310791,-0.027136027812957764,-0.13559067249298096,0.028705239295959473,-0.1890401840209961,-0.008035838603973389,-0.16186177730560303,-0.018277108669281006,-0.10940968990325928,-0.007878899574279785,-0.09882217645645142,0.05427771806716919,-0.15399444103240967,0.011955797672271729,-0.12214726209640503,0.0026479363441467285,-0.08435136079788208,0.013864457607269287,-0.08012104034423828
2,0.0,0.0,-0.04363006353378296,-0.042079031467437744,-0.07210493087768555,-0.11747205257415771,-0.05662941932678223,-0.1820317506790161,-0.015015602111816406,-0.19866466522216797,-0.040255844593048096,-0.21267563104629517,-0.055158019065856934,-0.31303632259368896,-0.06344300508499146,-0.3745620846748352,-0.06599241495132446,-0.4312930703163147,0.0036413073539733887,-0.21381914615631104,-0.028794169425964355,-0.22084921598434448,-0.03821730613708496,-0.15933865308761597,-0.029141545295715332,-0.13315445184707642,0.036495864391326904,-0.19006913900375366,-0.004854440689086914,-0.1656571626663208,-0.01721501350402832,-0.11264693737030029,-0.007552206516265869,-0.09751880168914795,0.061022043228149414,-0.15383607149124146,0.016292989253997803,-0.12577855587005615,0.0015925765037536621,-0.0858345627784729,0.008318722248077393,-0.07486969232559204
2,0.0,0.0,-0.04476970434188843,-0.04468780755996704,-0.072182297706604,-0.11761665344238281,-0.06006038188934326,-0.1804320216178894,-0.021233320236206055,-0.2006080150604248,-0.04247242212295532,-0.2171415090560913,-0.05524951219558716,-0.31707197427749634,-0.06217694282531738,-0.3772175908088684,-0.06346666812896729,-0.4322621822357178,0.00170820951461792,-0.2172209620475769,-0.02953392267227173,-0.2254045605659485,-0.03869330883026123,-0.16268390417099,-0.029927968978881836,-0.1368783712387085,0.03472435474395752,-0.19244766235351562,-0.008603572845458984,-0.16599512100219727,-0.019931495189666748,-0.11229640245437622,-0.009270131587982178,-0.09986895322799683,0.058001816272735596,-0.15433382987976074,0.010076820850372314,-0.12501507997512817,-0.0010203719139099121,-0.08444809913635254,0.009624063968658447,-0.0763390064239502
2,0.0,0.0,-0.046315133571624756,-0.04814338684082031,-0.07266014814376831,-0.12308430671691895,-0.0613936185836792,-0.18652397394180298,-0.023208200931549072,-0.20631438493728638,-0.03972071409225464,-0.21958810091018677,-0.05530500411987305,-0.3211466670036316,-0.06244474649429321,-0.38286978006362915,-0.06345617771148682,-0.43904563784599304,0.004071712493896484,-0.21983081102371216,-0.03245347738265991,-0.22545617818832397,-0.041637122631073,-0.16267168521881104,-0.031783461570739746,-0.1364227533340454,0.035957515239715576,-0.19445502758026123,-0.01145637035369873,-0.1682201623916626,-0.021787405014038086,-0.11471235752105713,-0.009934723377227783,-0.10095155239105225,0.05766129493713379,-0.15529471635818481,0.006569266319274902,-0.12476241588592529,-0.003495514392852783,-0.08333241939544678,0.008408129215240479,-0.07444071769714355
2,0.0,0.0,-0.045449912548065186,-0.04758429527282715,-0.07177209854125977,-0.12249475717544556,-0.05903315544128418,-0.18512779474258423,-0.019816815853118896,-0.20356887578964233,-0.038118720054626465,-0.22411763668060303,-0.051927030086517334,-0.32409343123435974,-0.05986052751541138,-0.3847433030605316,-0.06240415573120117,-0.44031161069869995,0.0058190226554870605,-0.22254586219787598,-0.0292242169380188,-0.225236177444458,-0.040470004081726074,-0.16428786516189575,-0.03388339281082153,-0.13974285125732422,0.038069725036621094,-0.1948784589767456,-0.00932842493057251,-0.16212987899780273,-0.021175742149353027,-0.10910111665725708,-0.011955559253692627,-0.09654408693313599,0.060434579849243164,-0.1534973382949829,0.010071277618408203,-0.12086707353591919,-0.0016109347343444824,-0.07970678806304932,0.00763016939163208,-0.07064908742904663
2,0.0,0.0,-0.044679105281829834,-0.05020993947982788,-0.07115447521209717,-0.12563210725784302,-0.060119807720184326,-0.1886412501335144,-0.02218317985534668,-0.20734107494354248,-0.03537416458129883,-0.22615420818328857,-0.048513948917388916,-0.3241204023361206,-0.05674487352371216,-0.3850410580635071,-0.06086850166320801,-0.44053173065185547,0.009022712707519531,-0.2233697772026062,-0.03114902973175049,-0.2301548719406128,-0.04413187503814697,-0.16832178831100464,-0.03890448808670044,-0.13994336128234863,0.04033708572387695,-0.19506484270095825,-0.011880278587341309,-0.1672636866569519,-0.024119853973388672,-0.11420655250549316,-0.015470445156097412,-0.09805786609649658,0.06093841791152954,-0.15362393856048584,0.007615625858306885,-0.12540799379348755,-0.006679117679595947,-0.08446460962295532,-0.00030994415283203125,-0.07236582040786743
2,0.0,0.0,-0.04472088813781738,-0.0479663610458374,-0.07606673240661621,-0.12707096338272095,-0.06550848484039307,-0.19133657217025757,-0.024167776107788086,-0.20279544591903687,-0.034056663513183594,-0.22838741540908813,-0.046489715576171875,-0.32694950699806213,-0.054602205753326416,-0.38457852602005005,-0.056648969650268555,-0.4385541081428528,0.01009058952331543,-0.2227819561958313,-0.02505260705947876,-0.2376205325126648,-0.03980010747909546,-0.1728762984275818,-0.03331315517425537,-0.14744526147842407,0.04065579175949097,-0.19218820333480835,-0.008919715881347656,-0.16929203271865845,-0.023238003253936768,-0.11592674255371094,-0.01265186071395874,-0.10512816905975342,0.060450196266174316,-0.14913982152938843,0.006464600563049316,-0.12238019704818726,-0.0065811872482299805,-0.0813676118850708,0.004296720027923584,-0.07439720630645752
2,0.0,0.0,-0.047328054904937744,-0.04960811138153076,-0.07493740320205688,-0.12660831212997437,-0.0665062665939331,-0.19100743532180786,-0.030572593212127686,-0.20674288272857666,-0.03230255842208862,-0.2294631004333496,-0.04389983415603638,-0.32833361625671387,-0.049416422843933105,-0.38685643672943115,-0.04888266324996948,-0.44097745418548584,0.012169301509857178,-0.2249828577041626,-0.024591565132141113,-0.23483628034591675,-0.042015910148620605,-0.17388761043548584,-0.03763282299041748,-0.14833104610443115,0.04227006435394287,-0.19394004344940186,-0.01084756851196289,-0.1650593876838684,-0.02542203664779663,-0.1139148473739624,-0.014376997947692871,-0.10471558570861816,0.05999898910522461,-0.15071320533752441,0.0036864876747131348,-0.11865973472595215,-0.007896065711975098,-0.07990133762359619,0.004481792449951172,-0.07508653402328491
2,0.0,0.0,-0.049263954162597656,-0.05232506990432739,-0.07691973447799683,-0.13051116466522217,-0.06668496131896973,-0.19451367855072021,-0.029612600803375244,-0.20737332105636597,-0.02993619441986084,-0.23169463872909546,-0.04106426239013672,-0.32736527919769287,-0.047318875789642334,-0.3844376802444458,-0.04714101552963257,-0.43669527769088745,0.014142274856567383,-0.2249087691307068,-0.028285622596740723,-0.23310470581054688,-0.04437363147735596,-0.1724976897239685,-0.03736865520477295,-0.14688968658447266,0.04310321807861328,-0.19250428676605225,-0.014130651950836182,-0.16482001543045044,-0.027271628379821777,-0.11445474624633789,-0.014485001564025879,-0.104583740234375,0.058552682399749756,-0.14846748113632202,-0.0010063648223876953,-0.11712527275085449,-0.012758910655975342,-0.07844763994216919,0.0002079010009765625,-0.07277172803878784
2,0.0,0.0,-0.0492558479309082,-0.05153512954711914,-0.07710421085357666,-0.13124185800552368,-0.06747949123382568,-0.1975651979446411,-0.028657495975494385,-0.204443097114563,-0.024956822395324707,-0.2316938042640686,-0.03829169273376465,-0.3288535475730896,-0.04581403732299805,-0.38851672410964966,-0.046361327171325684,-0.4411289691925049,0.018437743186950684,-0.22354143857955933,-0.027778565883636475,-0.23545414209365845,-0.04416358470916748,-0.17322903871536255,-0.03593069314956665,-0.14652758836746216,0.04561203718185425,-0.19060981273651123,-0.014808356761932373,-0.16585636138916016,-0.02775585651397705,-0.11366981267929077,-0.013717353343963623,-0.1015351414680481,0.05908578634262085,-0.14674222469329834,-0.0025064945220947266,-0.11764079332351685,-0.013469278812408447,-0.07688891887664795,0.0008475780487060547,-0.06831711530685425
2,0.0,0.0,-0.050138890743255615,-0.05273246765136719,-0.07767796516418457,-0.13228970766067505,-0.07228630781173706,-0.20017188787460327,-0.036358654499053955,-0.2056422233581543,-0.025440514087677002,-0.23506379127502441,-0.03927654027938843,-0.3320484161376953,-0.0471760630607605,-0.39206403493881226,-0.048013508319854736,-0.44456613063812256,0.017858684062957764,-0.2274315357208252,-0.02893960475921631,-0.23707014322280884,-0.044019103050231934,-0.1761401891708374,-0.034512877464294434,-0.15305417776107788,0.044431447982788086,-0.19455844163894653,-0.016509294509887695,-0.17077958583831787,-0.029434502124786377,-0.12053614854812622,-0.014763474464416504,-0.11144715547561646,0.055867671966552734,-0.1509791612625122,-0.006528913974761963,-0.11916637420654297,-0.01557934284210205,-0.08105993270874023,0.0006710290908813477,-0.07637816667556763
2,0.0,0.0,-0.053686439990997314,-0.05560225248336792,-0.08029073476791382,-0.13692814111709595,-0.07289260625839233,-0.20489013195037842,-0.03958094120025635,-0.206498920917511,-0.024827420711517334,-0.23732495307922363,-0.03962892293930054,-0.33217042684555054,-0.047430992126464844,-0.39025771617889404,-0.04783433675765991,-0.4412975311279297,0.017196595668792725,-0.22812318801879883,-0.03194737434387207,-0.23602205514907837,-0.04627507925033569,-0.17812877893447876,-0.03584730625152588,-0.15550172328948975,0.041465580463409424,-0.1943972110748291,-0.021937429904937744,-0.17010366916656494,-0.03348797559738159,-0.12036371231079102,-0.017499089241027832,-0.11099910736083984,0.05071687698364258,-0.15069425106048584,-0.013317227363586426,-0.11939752101898193,-0.02115464210510254,-0.08185523748397827,-0.004119515419006348,-0.0769956111907959
2,0.0,0.0,-0.05360567569732666,-0.05912834405899048,-0.07926112413406372,-0.1382398009300232,-0.07482349872589111,-0.20675349235534668,-0.038570523262023926,-0.20849835872650146,-0.023561716079711914,-0.23870790004730225,-0.0372961163520813,-0.33614593744277954,-0.04614657163619995,-0.39484483003616333,-0.04661315679550171,-0.44650787115097046,0.018702268600463867,-0.22844815254211426,-0.03311198949813843,-0.24169200658798218,-0.04747748374938965,-0.180425226688385,-0.03501385450363159,-0.15778642892837524,0.04270225763320923,-0.1939515471458435,-0.022912800312042236,-0.17531657218933105,-0.03631305694580078,-0.12392526865005493,-0.020160675048828125,-0.11532485485076904,0.05058765411376953,-0.14894825220108032,-0.015189290046691895,-0.11943572759628296,-0.02267765998840332,-0.0830075740814209,-0.004153609275817871,-0.08032625913619995
2,0.0,0.0,-0.0547298789024353,-0.06304711103439331,-0.08201801776885986,-0.1401071548461914,-0.07838940620422363,-0.20674455165863037,-0.0454900860786438,-0.2069777250289917,-0.024484574794769287,-0.24044305086135864,-0.04039275646209717,-0.3355875313282013,-0.04900562763214111,-0.3952360153198242,-0.05051779747009277,-0.4482229948043823,0.017065107822418213,-0.22775804996490479,-0.04245293140411377,-0.2415013313293457,-0.055304527282714844,-0.17873823642730713,-0.04074728488922119,-0.15275174379348755,0.03936338424682617,-0.19141501188278198,-0.031107604503631592,-0.17352378368377686,-0.041545867919921875,-0.12484484910964966,-0.02335047721862793,-0.11351293325424194,0.045852482318878174,-0.1447770595550537,-0.021052241325378418,-0.12171703577041626,-0.026642799377441406,-0.08764296770095825,-0.007309973239898682,-0.08358728885650635
2,0.0,0.0,-0.05514103174209595,-0.06510257720947266,-0.081046462059021,-0.14052647352218628,-0.07526224851608276,-0.20368820428848267,-0.04052525758743286,-0.20644617080688477,-0.021924376487731934,-0.23758631944656372,-0.03920853137969971,-0.3309473395347595,-0.048266053199768066,-0.3893784284591675,-0.050510942935943604,-0.44196808338165283,0.0191153883934021,-0.22370243072509766,-0.038140833377838135,-0.2315518856048584,-0.05016118288040161,-0.17571043968200684,-0.037735581398010254,-0.15397769212722778,0.041069984436035156,-0.1863430142402649,-0.02850574254989624,-0.16575974225997925,-0.038610756397247314,-0.12247049808502197,-0.022147297859191895,-0.11393016576766968,0.04671919345855713,-0.13928472995758057,-0.019043803215026855,-0.1175810694694519,-0.025135815143585205,-0.0873260498046875,-0.007505059242248535,-0.08429664373397827
2,0.0,0.0,-0.05356699228286743,-0.06047391891479492,-0.08317822217941284,-0.13425934314727783,-0.07988852262496948,-0.19903701543807983,-0.04075491428375244,-0.20106178522109985,-0.024252474308013916,-0.23350173234939575,-0.04105663299560547,-0.330922931432724,-0.05112433433532715,-0.3898544907569885,-0.05373638868331909,-0.4422702193260193,0.016485095024108887,-0.22113627195358276,-0.037420451641082764,-0.2323223352432251,-0.05046546459197998,-0.17385119199752808,-0.038539350032806396,-0.14817655086517334,0.039126455783843994,-0.18495547771453857,-0.028872966766357422,-0.1627335548400879,-0.040468573570251465,-0.1183350682258606,-0.024559319019317627,-0.1075635552406311,0.04632401466369629,-0.13802647590637207,-0.01876121759414673,-0.1146388053894043,-0.027138113975524902,-0.08253848552703857,-0.011291682720184326,-0.07626098394393921
2,0.0,0.0,-0.05436432361602783,-0.06015944480895996,-0.08558923006057739,-0.13856881856918335,-0.08288466930389404,-0.20642048120498657,-0.04971402883529663,-0.20196574926376343,-0.025490641593933105,-0.2379533052444458,-0.04536879062652588,-0.33474215865135193,-0.057441890239715576,-0.3939366936683655,-0.06292551755905151,-0.44771742820739746,0.012781739234924316,-0.22541385889053345,-0.04600489139556885,-0.24341237545013428,-0.055913329124450684,-0.1824457049369812,-0.04094415903091431,-0.15775400400161743,0.032863497734069824,-0.18897104263305664,-0.03839266300201416,-0.17065447568893433,-0.04675853252410889,-0.1238778829574585,-0.02799355983734131,-0.11309611797332764,0.03800976276397705,-0.1420074701309204,-0.02783834934234619,-0.12226438522338867,-0.033464133739471436,-0.088054358959198,-0.01569652557373047,-0.08070039749145508
2,0.0,0.0,-0.05498838424682617,-0.06478166580200195,-0.08606827259063721,-0.1410488486289978,-0.08326488733291626,-0.2061362862586975,-0.05000782012939453,-0.20303434133529663,-0.025089681148529053,-0.23773735761642456,-0.043905019760131836,-0.3351684808731079,-0.054811060428619385,-0.3930847644805908,-0.059108078479766846,-0.4463048577308655,0.014608383178710938,-0.2248052954673767,-0.04318654537200928,-0.23807531595230103,-0.05571860074996948,-0.1784677505493164,-0.043011367321014404,-0.15504181385040283,0.036608099937438965,-0.18634957075119019,-0.03340935707092285,-0.16528505086898804,-0.044640958309173584,-0.12131237983703613,-0.028263211250305176,-0.11031770706176758,0.04351651668548584,-0.1366749405860901,-0.021512269973754883,-0.11644333600997925,-0.03412073850631714,-0.0852975845336914,-0.022748231887817383,-0.0768887996673584
2,0.0,0.0,-0.05770522356033325,-0.06063270568847656,-0.09199243783950806,-0.13846033811569214,-0.0896153450012207,-0.20920753479003906,-0.05043381452560425,-0.2026233673095703,-0.02974933385848999,-0.2402324080467224,-0.04864281415939331,-0.33283835649490356,-0.06213754415512085,-0.39002329111099243,-0.06719541549682617,-0.44077762961387634,0.009710133075714111,-0.22766560316085815,-0.04225128889083862,-0.2463887333869934,-0.05502897500991821,-0.18764066696166992,-0.041658222675323486,-0.16409724950790405,0.03152686357498169,-0.19013255834579468,-0.033333659172058105,-0.1716327667236328,-0.047238171100616455,-0.12725412845611572,-0.03121042251586914,-0.11742925643920898,0.038050293922424316,-0.14208108186721802,-0.02398437261581421,-0.11984390020370483,-0.036602020263671875,-0.08963543176651001,-0.02471935749053955,-0.08166736364364624
2,0.0,0.0,-0.05924057960510254,-0.062490880489349365,-0.09168541431427002,-0.13772255182266235,-0.0901225209236145,-0.19947636127471924,-0.05943095684051514,-0.20056414604187012,-0.030824363231658936,-0.2365649938583374,-0.054850637912750244,-0.33006536960601807,-0.06786507368087769,-0.38864079117774963,-0.07378631830215454,-0.44230929017066956,0.008559882640838623,-0.22329378128051758,-0.05296444892883301,-0.23165279626846313,-0.06470149755477905,-0.17563509941101074,-0.05133402347564697,-0.15070641040802002,0.02953195571899414,-0.18587297201156616,-0.04333442449569702,-0.1639777421951294,-0.05228322744369507,-0.12099748849868774,-0.035061657428741455,-0.10920208692550659,0.03442341089248657,-0.13704055547714233,-0.03255277872085571,-0.1163935661315918,-0.038079142570495605,-0.08451610803604126,-0.02043306827545166,-0.07655960321426392
2,0.0,0.0,-0.055837273597717285,-0.05908691883087158,-0.08923959732055664,-0.13613617420196533,-0.08964669704437256,-0.1977146863937378,-0.06090271472930908,-0.2056370973587036,-0.028164923191070557,-0.23692703247070312,-0.051680564880371094,-0.32939934730529785,-0.06418478488922119,-0.3882392346858978,-0.07211798429489136,-0.4420040249824524,0.011996805667877197,-0.22387069463729858,-0.05560588836669922,-0.22877264022827148,-0.07219129800796509,-0.17415273189544678,-0.0648273229598999,-0.14682269096374512,0.0337713360786438,-0.18579703569412231,-0.04330861568450928,-0.16469258069992065,-0.05082070827484131,-0.12091577053070068,-0.03504139184951782,-0.10370302200317383,0.04105806350708008,-0.13688939809799194,-0.02496027946472168,-0.12483912706375122,-0.03397303819656372,-0.09257686138153076,-0.02123934030532837,-0.07901036739349365
2,0.0,0.0,-0.05618661642074585,-0.0554044246673584,-0.08962488174438477,-0.12650692462921143,-0.09061604738235474,-0.18880188465118408,-0.05630671977996826,-0.19955605268478394,-0.03222090005874634,-0.23675215244293213,-0.05822998285293579,-0.3306220769882202,-0.07066118717193604,-0.38978952169418335,-0.07468271255493164,-0.442247211933136,0.008087456226348877,-0.22735047340393066,-0.04885822534561157,-0.23900502920150757,-0.06396037340164185,-0.18020403385162354,-0.05483055114746094,-0.14998799562454224,0.03178691864013672,-0.1944383978843689,-0.04025375843048096,-0.17018282413482666,-0.04739868640899658,-0.12339746952056885,-0.02952176332473755,-0.10939282178878784,0.040325939655303955,-0.1487833857536316,-0.026123523712158203,-0.12523305416107178,-0.030326426029205322,-0.09151166677474976,-0.01217186450958252,-0.08320993185043335
2,0.0,0.0,-0.05890101194381714,-0.056857526302337646,-0.09027659893035889,-0.12853199243545532,-0.09240150451660156,-0.18926888704299927,-0.06320381164550781,-0.20533281564712524,-0.04108917713165283,-0.23536139726638794,-0.06978785991668701,-0.32733261585235596,-0.08264303207397461,-0.3888125419616699,-0.08880454301834106,-0.44436216354370117,-0.0008043646812438965,-0.23084884881973267,-0.06187176704406738,-0.228621244430542,-0.0844961404800415,-0.17473924160003662,-0.08698010444641113,-0.14493441581726074,0.024982690811157227,-0.19970154762268066,-0.04798787832260132,-0.16465330123901367,-0.05000472068786621,-0.1195879578590393,-0.032308757305145264,-0.10445183515548706,0.03638291358947754,-0.1559200882911682,-0.027045845985412598,-0.12752032279968262,-0.029246091842651367,-0.09521430730819702,-0.012251019477844238,-0.08611506223678589
2,0.0,0.0,-0.057511746883392334,-0.05360615253448486,-0.09329533576965332,-0.1223798394203186,-0.09924536943435669,-0.18365180492401123,-0.07138603925704956,-0.20459216833114624,-0.04512423276901245,-0.23470711708068848,-0.07592105865478516,-0.32532012462615967,-0.09123075008392334,-0.3860008716583252,-0.0990062952041626,-0.44075125455856323,-0.004179656505584717,-0.2303450107574463,-0.06227058172225952,-0.2318706512451172,-0.08370298147201538,-0.1756553053855896,-0.08383089303970337,-0.14539754390716553,0.02228391170501709,-0.2004346251487732,-0.0483928918838501,-0.17062073945999146,-0.052259743213653564,-0.12131041288375854,-0.03548610210418701,-0.10559666156768799,0.034734904766082764,-0.15769273042678833,-0.028536558151245117,-0.13124555349349976,-0.033046603202819824,-0.09473216533660889,-0.01807582378387451,-0.08364331722259521
2,0.0,0.0,-0.05935090780258179,-0.050509631633758545,-0.09418201446533203,-0.1201135516166687,-0.09840834140777588,-0.17895853519439697,-0.07497549057006836,-0.20074325799942017,-0.050492286682128906,-0.23186999559402466,-0.08190721273422241,-0.32431620359420776,-0.09813165664672852,-0.3830580711364746,-0.1066938042640686,-0.4358409345149994,-0.010259687900543213,-0.2268141508102417,-0.0636528730392456,-0.23544687032699585,-0.08554679155349731,-0.17644226551055908,-0.08789533376693726,-0.13842368125915527,0.017750680446624756,-0.19895702600479126,-0.049520015716552734,-0.1681528091430664,-0.050870299339294434,-0.11455029249191284,-0.03325819969177246,-0.09486156702041626,0.03332287073135376,-0.1572667360305786,-0.027832448482513428,-0.1281459927558899,-0.030058562755584717,-0.08949553966522217,-0.013010561466217041,-0.07965487241744995
2,0.0,0.0,-0.05698871612548828,-0.045197486877441406,-0.09214848279953003,-0.11323249340057373,-0.09436655044555664,-0.17427676916122437,-0.07122182846069336,-0.2072232961654663,-0.06053131818771362,-0.22767281532287598,-0.08711600303649902,-0.32076871395111084,-0.10259443521499634,-0.379436731338501,-0.11240732669830322,-0.43105965852737427,-0.018440425395965576,-0.22793424129486084,-0.0710519552230835,-0.22616428136825562,-0.08998489379882812,-0.16456550359725952,-0.09094083309173584,-0.12553560733795166,0.01371610164642334,-0.20323950052261353,-0.04938328266143799,-0.16198134422302246,-0.047155022621154785,-0.1072494387626648,-0.029414713382720947,-0.08758455514907837,0.03524494171142578,-0.1643822193145752,-0.02315419912338257,-0.12944602966308594,-0.023004770278930664,-0.08972704410552979,-0.005834221839904785,-0.07827514410018921
2,0.0,0.0,-0.05241286754608154,-0.04264533519744873,-0.08838880062103271,-0.11014038324356079,-0.09101676940917969,-0.17066454887390137,-0.06812852621078491,-0.2055259346961975,-0.06262129545211792,-0.22369235754013062,-0.08909910917282104,-0.3184102177619934,-0.10567283630371094,-0.37636011838912964,-0.11587616801261902,-0.426705002784729,-0.022188186645507812,-0.22415941953659058,-0.0690883994102478,-0.2286040186882019,-0.08556056022644043,-0.1679363250732422,-0.08426797389984131,-0.12894415855407715,0.011062145233154297,-0.20254075527191162,-0.044249892234802246,-0.17240113019943237,-0.0433039665222168,-0.11370497941970825,-0.027469873428344727,-0.0879366397857666,0.03619563579559326,-0.16685962677001953,-0.01794910430908203,-0.1404837965965271,-0.019870877265930176,-0.09629380702972412,-0.005057871341705322,-0.07927906513214111
2,0.0,0.0,-0.05462390184402466,-0.03963339328765869,-0.09274238348007202,-0.1057177186012268,-0.0971825122833252,-0.16812103986740112,-0.07276636362075806,-0.20521026849746704,-0.06696677207946777,-0.2195824384689331,-0.09797489643096924,-0.31209924817085266,-0.11534476280212402,-0.3701987862586975,-0.1266624927520752,-0.42232394218444824,-0.026673972606658936,-0.2225804328918457,-0.08651918172836304,-0.21131902933120728,-0.10205620527267456,-0.14060020446777344,-0.09875750541687012,-0.09353876113891602,0.0060538649559021,-0.20347154140472412,-0.05561327934265137,-0.1617286205291748,-0.051546335220336914,-0.0957942008972168,-0.034223318099975586,-0.061911940574645996,0.032260119915008545,-0.17041218280792236,-0.024840235710144043,-0.13804030418395996,-0.02565932273864746,-0.0899968147277832,-0.010646402835845947,-0.06831568479537964
2,0.0,0.0,-0.05271488428115845,-0.0365261435508728,-0.08982676267623901,-0.1056860089302063,-0.09332144260406494,-0.17023974657058716,-0.0705786943435669,-0.2103285789489746,-0.0687718391418457,-0.21967995166778564,-0.09926879405975342,-0.30825477838516235,-0.11735743284225464,-0.3670314848423004,-0.1316385269165039,-0.4181886613368988,-0.029518485069274902,-0.22616851329803467,-0.09660017490386963,-0.19197309017181396,-0.10138469934463501,-0.11634182929992676,-0.09033608436584473,-0.07436078786849976,0.003500998020172119,-0.20856261253356934,-0.06202292442321777,-0.15705078840255737,-0.052438318729400635,-0.0909651517868042,-0.033423542976379395,-0.06418853998184204,0.03224712610244751,-0.17720985412597656,-0.024655938148498535,-0.13597702980041504,-0.021708428859710693,-0.08927899599075317,-0.005499482154846191,-0.0749197006225586
2,0.0,0.0,-0.05251723527908325,-0.033490657806396484,-0.09154540300369263,-0.10066473484039307,-0.09558802843093872,-0.16600799560546875,-0.07351171970367432,-0.20979511737823486,-0.07439202070236206,-0.2155173420906067,-0.10639369487762451,-0.3016124367713928,-0.12477752566337585,-0.3587798476219177,-0.1378943920135498,-0.4099102020263672,-0.035585105419158936,-0.22353583574295044,-0.09327095746994019,-0.198388934135437,-0.10307741165161133,-0.12683695554733276,-0.09716689586639404,-0.0854523777961731,-0.002416253089904785,-0.20835274457931519,-0.059963345527648926,-0.15964049100875854,-0.05383265018463135,-0.09265410900115967,-0.03689134120941162,-0.06564748287200928,0.026116251945495605,-0.17871588468551636,-0.02717423439025879,-0.13620328903198242,-0.024881720542907715,-0.08835560083389282,-0.008470535278320312,-0.07399493455886841
2,0.0,0.0,-0.052985966205596924,-0.030444800853729248,-0.09091764688491821,-0.10133320093154907,-0.09332990646362305,-0.16802966594696045,-0.07442468404769897,-0.2111864686012268,-0.07838606834411621,-0.2143561840057373,-0.11021381616592407,-0.29845553636550903,-0.12961897253990173,-0.3541654944419861,-0.14493945240974426,-0.403484582901001,-0.040484845638275146,-0.22519487142562866,-0.09900301694869995,-0.18288123607635498,-0.10679978132247925,-0.11238622665405273,-0.1017143726348877,-0.07345974445343018,-0.005527794361114502,-0.21077364683151245,-0.06179225444793701,-0.15005946159362793,-0.05161219835281372,-0.08490699529647827,-0.034537553787231445,-0.058184146881103516,0.02625960111618042,-0.1824924349784851,-0.024074435234069824,-0.13317084312438965,-0.02111995220184326,-0.08504283428192139,-0.005974709987640381,-0.0695299506187439
2,0.0,0.0,-0.051954030990600586,-0.02842116355895996,-0.09170418977737427,-0.09893679618835449,-0.09281796216964722,-0.16792869567871094,-0.06935238838195801,-0.21091705560684204,-0.08515059947967529,-0.21219736337661743,-0.11814567446708679,-0.29549285769462585,-0.13684824109077454,-0.3505406975746155,-0.1514815092086792,-0.4002566337585449,-0.046836912631988525,-0.22586989402770996,-0.1004752516746521,-0.1870480179786682,-0.10341012477874756,-0.11194628477096558,-0.09471350908279419,-0.07441121339797974,-0.010829329490661621,-0.21274727582931519,-0.0619049072265625,-0.15502780675888062,-0.052159786224365234,-0.08921408653259277,-0.0345158576965332,-0.06772613525390625,0.022336244583129883,-0.18494296073913574,-0.025095641613006592,-0.13414937257766724,-0.02143251895904541,-0.08642345666885376,-0.005302309989929199,-0.07632249593734741
2,0.0,0.0,-0.0531429648399353,-0.027373671531677246,-0.09518712759017944,-0.09564393758773804,-0.09697616100311279,-0.16571134328842163,-0.07249438762664795,-0.21280533075332642,-0.09427076578140259,-0.20578473806381226,-0.12965381145477295,-0.29106441140174866,-0.15119758248329163,-0.3443639874458313,-0.16688185930252075,-0.39653274416923523,-0.057844340801239014,-0.22028934955596924,-0.10544806718826294,-0.22945880889892578,-0.1382998824119568,-0.2013317346572876,-0.1576983630657196,-0.20090198516845703,-0.020504415035247803,-0.21245867013931274,-0.06485360860824585,-0.16499930620193481,-0.05918991565704346,-0.09721487760543823,-0.041889309883117676,-0.07439076900482178,0.014037132263183594,-0.18842309713363647,-0.029905498027801514,-0.137112557888031,-0.026969850063323975,-0.0876612663269043,-0.010090291500091553,-0.07706183195114136
2,0.0,0.0,-0.052024245262145996,-0.023335158824920654,-0.09899961948394775,-0.08925497531890869,-0.10426062345504761,-0.15895342826843262,-0.08059430122375488,-0.20478850603103638,-0.09860819578170776,-0.2014864683151245,-0.13537147641181946,-0.2871549129486084,-0.15802940726280212,-0.34124523401260376,-0.17470747232437134,-0.39292407035827637,-0.06222957372665405,-0.21561944484710693,-0.10945409536361694,-0.22074830532073975,-0.13816559314727783,-0.18681764602661133,-0.1552850604057312,-0.182358980178833,-0.02449125051498413,-0.20859962701797485,-0.06642544269561768,-0.1616959571838379,-0.057051777839660645,-0.0951952338218689,-0.03919792175292969,-0.07320338487625122,0.010933160781860352,-0.18664413690567017,-0.0307578444480896,-0.138546884059906,-0.02691596746444702,-0.08688896894454956,-0.010675132274627686,-0.07409721612930298
2,0.0,0.0,-0.05345273017883301,-0.025788486003875732,-0.09889012575149536,-0.08640831708908081,-0.10685956478118896,-0.1520063281059265,-0.08898162841796875,-0.20323646068572998,-0.10448402166366577,-0.19675278663635254,-0.1424843668937683,-0.2818494141101837,-0.16483598947525024,-0.3356754779815674,-0.18182900547981262,-0.3880736827850342,-0.0694999098777771,-0.21214598417282104,-0.11751550436019897,-0.22782105207443237,-0.1585542857646942,-0.20769548416137695,-0.18864864110946655,-0.21378695964813232,-0.031117737293243408,-0.20716410875320435,-0.07147282361984253,-0.16388940811157227,-0.06241142749786377,-0.10022443532943726,-0.04486626386642456,-0.08139365911483765,0.006318986415863037,-0.18590795993804932,-0.033736586570739746,-0.13820290565490723,-0.029858529567718506,-0.08807951211929321,-0.013669371604919434,-0.07652747631072998
2,0.0,0.0,-0.053758323192596436,-0.02321094274520874,-0.10005468130111694,-0.08345592021942139,-0.11172008514404297,-0.14816230535507202,-0.09465384483337402,-0.19824087619781494,-0.10979610681533813,-0.19333380460739136,-0.1497403383255005,-0.27637386322021484,-0.17256087064743042,-0.32970014214515686,-0.1896151304244995,-0.382152795791626,-0.07408595085144043,-0.209028422832489,-0.11758404970169067,-0.2177203893661499,-0.1542873978614807,-0.19156473875045776,-0.1822355091571808,-0.19556987285614014,-0.03541123867034912,-0.20375138521194458,-0.07345986366271973,-0.15848654508590698,-0.0635414719581604,-0.09621530771255493,-0.04648393392562866,-0.08209162950515747,0.0012360215187072754,-0.18288487195968628,-0.03787839412689209,-0.13471484184265137,-0.03401535749435425,-0.08461421728134155,-0.019156813621520996,-0.07581907510757446
2,0.0,0.0,-0.0539897084236145,-0.023483872413635254,-0.09987181425094604,-0.08328217267990112,-0.10864824056625366,-0.1477460265159607,-0.09210169315338135,-0.19920653104782104,-0.11082619428634644,-0.1892486810684204,-0.15003138780593872,-0.2733438014984131,-0.1730351746082306,-0.3270237445831299,-0.19061601161956787,-0.3782218098640442,-0.07414716482162476,-0.2072710394859314,-0.11408895254135132,-0.19779044389724731,-0.13382375240325928,-0.15233856439590454,-0.14594155550003052,-0.1403220295906067,-0.03577005863189697,-0.2038782835006714,-0.07059866189956665,-0.14984577894210815,-0.056272685527801514,-0.0883060097694397,-0.037692368030548096,-0.07313162088394165,0.001191258430480957,-0.18651258945465088,-0.035578370094299316,-0.13354229927062988,-0.027375519275665283,-0.08461606502532959,-0.010023951530456543,-0.07526707649230957
2,0.0,0.0,-0.05235356092453003,-0.022589921951293945,-0.09661132097244263,-0.08099764585494995,-0.10871976613998413,-0.14371562004089355,-0.09619486331939697,-0.19651460647583008,-0.10756886005401611,-0.1876702904701233,-0.1491154432296753,-0.26863008737564087,-0.17334601283073425,-0.3209136128425598,-0.190594881772995,-0.3704860210418701,-0.07012557983398438,-0.20415741205215454,-0.10085749626159668,-0.2091541886329651,-0.1097790002822876,-0.15255260467529297,-0.11093968152999878,-0.12412285804748535,-0.032524168491363525,-0.20088183879852295,-0.0609896183013916,-0.16100966930389404,-0.04964399337768555,-0.0971950888633728,-0.03394252061843872,-0.07706135511398315,0.004941880702972412,-0.1853896975517273,-0.027562439441680908,-0.14679253101348877,-0.02408522367477417,-0.09481585025787354,-0.012040793895721436,-0.08060896396636963
2,0.0,0.0,-0.051532626152038574,-0.021366357803344727,-0.09634149074554443,-0.07859760522842407,-0.10671597719192505,-0.1419326663017273,-0.09059840440750122,-0.19180727005004883,-0.10462075471878052,-0.18495601415634155,-0.14785748720169067,-0.2640116214752197,-0.17329108715057373,-0.3156946897506714,-0.19052019715309143,-0.36703866720199585,-0.06680488586425781,-0.20343530178070068,-0.09946447610855103,-0.20233184099197388,-0.09795433282852173,-0.13817763328552246,-0.08850014209747314,-0.10908663272857666,-0.02958202362060547,-0.19983512163162231,-0.060759127140045166,-0.1600027084350586,-0.05084991455078125,-0.09712845087051392,-0.03547680377960205,-0.08308780193328857,0.006442070007324219,-0.18301701545715332,-0.028246045112609863,-0.14104390144348145,-0.02524489164352417,-0.08964759111404419,-0.013485312461853027,-0.08071303367614746
2,0.0,0.0,-0.05389887094497681,-0.01726919412612915,-0.09883338212966919,-0.07637584209442139,-0.10778433084487915,-0.14087748527526855,-0.09442049264907837,-0.19076210260391235,-0.11009985208511353,-0.1819058656692505,-0.1527007818222046,-0.26112067699432373,-0.1780957579612732,-0.3124404847621918,-0.19670921564102173,-0.3616793155670166,-0.07188689708709717,-0.20151865482330322,-0.10196340084075928,-0.20172208547592163,-0.09953504800796509,-0.13512039184570312,-0.0908551812171936,-0.10317033529281616,-0.034029483795166016,-0.19895201921463013,-0.06197822093963623,-0.15789061784744263,-0.050241708755493164,-0.09454488754272461,-0.03445619344711304,-0.08228307962417603,0.00252610445022583,-0.18254953622817993,-0.029678046703338623,-0.13994908332824707,-0.02313554286956787,-0.09047019481658936,-0.008697867393493652,-0.08565723896026611
2,0.0,0.0,-0.05342388153076172,-0.01753544807434082,-0.10013079643249512,-0.0773160457611084,-0.10877227783203125,-0.14431768655776978,-0.09058070182800293,-0.19333487749099731,-0.11181491613388062,-0.17863863706588745,-0.15596729516983032,-0.2590707242488861,-0.18307113647460938,-0.3098154664039612,-0.20233067870140076,-0.35794031620025635,-0.07339507341384888,-0.19787150621414185,-0.10429483652114868,-0.20472753047943115,-0.10084617137908936,-0.136663556098938,-0.08938813209533691,-0.10012304782867432,-0.03592163324356079,-0.19623351097106934,-0.06435573101043701,-0.16410845518112183,-0.05394697189331055,-0.09909796714782715,-0.0383073091506958,-0.08101356029510498,0.00021469593048095703,-0.1811639666557312,-0.03257495164871216,-0.14334499835968018,-0.02772432565689087,-0.09139400720596313,-0.013960301876068115,-0.08119475841522217
2,0.0,0.0,-0.05684715509414673,-0.01639014482498169,-0.10447454452514648,-0.07878178358078003,-0.11150431632995605,-0.1461302638053894,-0.09711408615112305,-0.19591301679611206,-0.11533427238464355,-0.17687857151031494,-0.1609625220298767,-0.25574228167533875,-0.18792426586151123,-0.30639374256134033,-0.20745885372161865,-0.35435450077056885,-0.0783616304397583,-0.19513201713562012,-0.10984265804290771,-0.2022414207458496,-0.1184471845626831,-0.14254701137542725,-0.11903393268585205,-0.10880208015441895,-0.04057437181472778,-0.19393020868301392,-0.06727498769760132,-0.1621938943862915,-0.0551372766494751,-0.0976836085319519,-0.03838688135147095,-0.07640892267227173,-0.0033444762229919434,-0.1805756688117981,-0.035331547260284424,-0.14647603034973145,-0.030580759048461914,-0.09408491849899292,-0.016555070877075195,-0.08153039216995239
2,0.0,0.0,-0.05265331268310547,-0.01414954662322998,-0.10294705629348755,-0.07230311632156372,-0.11345845460891724,-0.14213043451309204,-0.0986185073852539,-0.19227749109268188,-0.11416923999786377,-0.16190874576568604,-0.16300594806671143,-0.24982133507728577,-0.19139060378074646,-0.30003583431243896,-0.21175381541252136,-0.34830254316329956,-0.07827264070510864,-0.17823535203933716,-0.11446303129196167,-0.20610135793685913,-0.11050021648406982,-0.1474320888519287,-0.09738832712173462,-0.11649954319000244,-0.0420956015586853,-0.18075203895568848,-0.07304227352142334,-0.17003172636032104,-0.05856978893280029,-0.10271763801574707,-0.039256513118743896,-0.07861018180847168,-0.004083454608917236,-0.17461854219436646,-0.038171589374542236,-0.15378034114837646,-0.032334327697753906,-0.0981605052947998,-0.017836451530456543,-0.07923918962478638
2,0.0,0.0,-0.05186581611633301,-0.010934770107269287,-0.10169112682342529,-0.06837141513824463,-0.11204421520233154,-0.13677549362182617,-0.09806406497955322,-0.1865348219871521,-0.11422860622406006,-0.16313105821609497,-0.16214218735694885,-0.2508010268211365,-0.19083303213119507,-0.30117708444595337,-0.21130704879760742,-0.34864193201065063,-0.07796883583068848,-0.18052899837493896,-0.11227649450302124,-0.20693612098693848,-0.10594886541366577,-0.14444535970687866,-0.0911327600479126,-0.10947221517562866,-0.04149270057678223,-0.1831810474395752,-0.06859207153320312,-0.16988462209701538,-0.05403238534927368,-0.10296791791915894,-0.03649795055389404,-0.07870543003082275,-0.0034623146057128906,-0.17671751976013184,-0.03427690267562866,-0.15573203563690186,-0.028268754482269287,-0.10017192363739014,-0.015221178531646729,-0.08103209733963013
2,0.0,0.0,-0.051092565059661865,-0.012091577053070068,-0.10099714994430542,-0.06982505321502686,-0.11147528886795044,-0.1390659213066101,-0.09779679775238037,-0.1922837495803833,-0.11624205112457275,-0.1614367961883545,-0.16248029470443726,-0.24887430667877197,-0.190395325422287,-0.2996410131454468,-0.21069222688674927,-0.34832602739334106,-0.07963436841964722,-0.1792527437210083,-0.11141747236251831,-0.20109236240386963,-0.10369455814361572,-0.1391890048980713,-0.08920395374298096,-0.11056053638458252,-0.042917072772979736,-0.1816779375076294,-0.07101929187774658,-0.16933578252792358,-0.05714702606201172,-0.10194092988967896,-0.039585113525390625,-0.08261477947235107,-0.0047689080238342285,-0.1743960976600647,-0.03619658946990967,-0.14925384521484375,-0.02905118465423584,-0.0939476490020752,-0.014311611652374268,-0.07881730794906616
2,0.0,0.0,-0.04983055591583252,-0.011609792709350586,-0.09791433811187744,-0.06998741626739502,-0.10952132940292358,-0.1387818455696106,-0.0961790680885315,-0.1894358992576599,-0.11420571804046631,-0.16167503595352173,-0.16046422719955444,-0.24998080730438232,-0.1879507601261139,-0.3004148602485657,-0.20804470777511597,-0.3488980531692505,-0.07574063539505005,-0.17906123399734497,-0.10425722599029541,-0.20559966564178467,-0.09562808275222778,-0.14034926891326904,-0.0813259482383728,-0.11068624258041382,-0.03789091110229492,-0.1809067726135254,-0.06487536430358887,-0.17316734790802002,-0.05358606576919556,-0.10391592979431152,-0.038575589656829834,-0.085055410861969,-0.00042700767517089844,-0.17271018028259277,-0.031452298164367676,-0.15133529901504517,-0.026063919067382812,-0.09590911865234375,-0.012718498706817627,-0.08240020275115967
2,0.0,0.0,-0.05312222242355347,-0.011975347995758057,-0.09730464220046997,-0.06627541780471802,-0.10488790273666382,-0.12912136316299438,-0.09699815511703491,-0.17699891328811646,-0.11341828107833862,-0.16527116298675537,-0.15896254777908325,-0.2508714497089386,-0.18547990918159485,-0.3034411072731018,-0.20536789298057556,-0.35218071937561035,-0.07623028755187988,-0.1851881742477417,-0.10859590768814087,-0.19590741395950317,-0.11304795742034912,-0.15233898162841797,-0.11054915189743042,-0.1323586106300354,-0.037948548793792725,-0.186970055103302,-0.06609117984771729,-0.14944499731063843,-0.05104166269302368,-0.09116470813751221,-0.03209888935089111,-0.07053142786026001,-0.00023311376571655273,-0.17634904384613037,-0.030276894569396973,-0.1337059736251831,-0.021873533725738525,-0.08795994520187378,-0.005203366279602051,-0.0767362117767334
2,0.0,0.0,-0.05110156536102295,-0.014234483242034912,-0.09699046611785889,-0.0711212158203125,-0.1046442985534668,-0.13563954830169678,-0.08842331171035767,-0.18152356147766113,-0.10926741361618042,-0.17262613773345947,-0.15455305576324463,-0.25477471947669983,-0.18162178993225098,-0.3057214617729187,-0.2012677788734436,-0.35478276014328003,-0.07088053226470947,-0.19337588548660278,-0.09974813461303711,-0.1980472207069397,-0.09038519859313965,-0.13624227046966553,-0.07494568824768066,-0.11066871881484985,-0.03327912092208862,-0.1930893063545227,-0.06144917011260986,-0.1610018014907837,-0.05138850212097168,-0.10332757234573364,-0.036683082580566406,-0.09288638830184937,0.002745687961578369,-0.1795068383216858,-0.02784794569015503,-0.1385488510131836,-0.02226775884628296,-0.09214913845062256,-0.008672535419464111,-0.0867995023727417
2,0.0,0.0,-0.05247986316680908,-0.015014946460723877,-0.0992119312286377,-0.07276439666748047,-0.10723191499710083,-0.13918066024780273,-0.09213423728942871,-0.18704360723495483,-0.11027228832244873,-0.16910547018051147,-0.15443068742752075,-0.2572813332080841,-0.18193161487579346,-0.31036001443862915,-0.20138350129127502,-0.36052560806274414,-0.07479113340377808,-0.18992048501968384,-0.11666852235794067,-0.214959979057312,-0.12539821863174438,-0.17383670806884766,-0.12338066101074219,-0.1587432622909546,-0.03741329908370972,-0.1920562982559204,-0.07284951210021973,-0.16580253839492798,-0.06061220169067383,-0.10584521293640137,-0.04123729467391968,-0.08595114946365356,-0.0003662705421447754,-0.17970341444015503,-0.03597646951675415,-0.1412661075592041,-0.029226601123809814,-0.09545010328292847,-0.01222538948059082,-0.08531749248504639
2,0.0,0.0,-0.05025821924209595,-0.013630926609039307,-0.0976095199584961,-0.07567769289016724,-0.09866946935653687,-0.1447097659111023,-0.07144385576248169,-0.1838638186454773,-0.10996037721633911,-0.17311877012252808,-0.15338414907455444,-0.2586138844490051,-0.17830181121826172,-0.31118422746658325,-0.1961391568183899,-0.3600480854511261,-0.07090640068054199,-0.18853241205215454,-0.09283196926116943,-0.2066228985786438,-0.08082550764083862,-0.14463722705841064,-0.06592261791229248,-0.12046414613723755,-0.03188598155975342,-0.18660461902618408,-0.054041922092437744,-0.17346227169036865,-0.044719576835632324,-0.11101627349853516,-0.032067060470581055,-0.09766179323196411,0.006549537181854248,-0.17353129386901855,-0.019900143146514893,-0.14928144216537476,-0.016863584518432617,-0.10087907314300537,-0.0057451725006103516,-0.09212583303451538
2,0.0,0.0,-0.0499843955039978,-0.014740347862243652,-0.0944855809211731,-0.0771375298500061,-0.0939520001411438,-0.1442580223083496,-0.07192546129226685,-0.1833900809288025,-0.10365450382232666,-0.17607760429382324,-0.14701414108276367,-0.2620180547237396,-0.17225807905197144,-0.31482750177383423,-0.19002854824066162,-0.3620864152908325,-0.06446516513824463,-0.1917431354522705,-0.09069174528121948,-0.2084830403327942,-0.0828167200088501,-0.15055525302886963,-0.06878626346588135,-0.1184927225112915,-0.026170670986175537,-0.1902754306793213,-0.05295318365097046,-0.17255419492721558,-0.04340839385986328,-0.11182308197021484,-0.029313981533050537,-0.08770948648452759,0.011054813861846924,-0.17778927087783813,-0.0186806321144104,-0.15171504020690918,-0.017303168773651123,-0.10133171081542969,-0.007233917713165283,-0.08305317163467407
2,0.0,0.0,-0.05133545398712158,-0.015283465385437012,-0.09462451934814453,-0.07450860738754272,-0.0910990834236145,-0.13719624280929565,-0.06714785099029541,-0.1692158579826355,-0.10418921709060669,-0.17952585220336914,-0.14496839046478271,-0.2640257179737091,-0.16950786113739014,-0.31685543060302734,-0.18772369623184204,-0.3636925220489502,-0.06440067291259766,-0.1976691484451294,-0.09060037136077881,-0.20528781414031982,-0.08159071207046509,-0.15107375383377075,-0.06798017024993896,-0.12639468908309937,-0.025228500366210938,-0.19427579641342163,-0.052886247634887695,-0.16342496871948242,-0.04441487789154053,-0.10751503705978394,-0.030524790287017822,-0.09137070178985596,0.012425422668457031,-0.1777867078781128,-0.01757603883743286,-0.1411837935447693,-0.018212556838989258,-0.09367930889129639,-0.00912320613861084,-0.0799139142036438
2,0.0,0.0,-0.050794005393981934,-0.016291141510009766,-0.09481972455978394,-0.07619792222976685,-0.09679609537124634,-0.1409122347831726,-0.07555532455444336,-0.1762329339981079,-0.10212457180023193,-0.18097299337387085,-0.1434868574142456,-0.266797810792923,-0.1677277684211731,-0.3200021982192993,-0.18602842092514038,-0.3680881857872009,-0.06255984306335449,-0.20023447275161743,-0.09124249219894409,-0.20725774765014648,-0.08135968446731567,-0.14964735507965088,-0.06785702705383301,-0.12375003099441528,-0.02400064468383789,-0.19696807861328125,-0.054052770137786865,-0.16501957178115845,-0.04373371601104736,-0.10902780294418335,-0.029436111450195312,-0.09457260370254517,0.012837588787078857,-0.17989635467529297,-0.018450915813446045,-0.1412329077720642,-0.015801727771759033,-0.09446465969085693,-0.004902660846710205,-0.08355998992919922
2,0.0,0.0,-0.05382949113845825,-0.014184534549713135,-0.09798604249954224,-0.0761224627494812,-0.09450000524520874,-0.13881266117095947,-0.06759178638458252,-0.166906476020813,-0.1051713228225708,-0.1796414852142334,-0.14723777770996094,-0.264130562543869,-0.17139899730682373,-0.3176247775554657,-0.18905407190322876,-0.3672778904438019,-0.06393462419509888,-0.19505351781845093,-0.08047229051589966,-0.20437562465667725,-0.07316398620605469,-0.14475369453430176,-0.06352442502975464,-0.11867743730545044,-0.024761855602264404,-0.19056415557861328,-0.044582247734069824,-0.17314541339874268,-0.040931642055511475,-0.11429405212402344,-0.0317457914352417,-0.09697860479354858,0.01188749074935913,-0.17393285036087036,-0.011579453945159912,-0.15127825736999512,-0.015066802501678467,-0.10060232877731323,-0.009481608867645264,-0.08436888456344604
2,0.0,0.0,-0.052904367446899414,-0.016763269901275635,-0.09698772430419922,-0.07958483695983887,-0.09512561559677124,-0.14800405502319336,-0.06856149435043335,-0.1830034852027893,-0.10331594944000244,-0.18037796020507812,-0.1444634199142456,-0.2661367952823639,-0.1700769066810608,-0.32093346118927,-0.18846946954727173,-0.370275616645813,-0.06237471103668213,-0.1955356001853943,-0.08150690793991089,-0.2129923701286316,-0.07455587387084961,-0.14921844005584717,-0.06253284215927124,-0.1159512996673584,-0.023952603340148926,-0.19102555513381958,-0.045279085636138916,-0.17851847410202026,-0.04302459955215454,-0.11703968048095703,-0.0329662561416626,-0.09548592567443848,0.011981070041656494,-0.1739029884338379,-0.013698041439056396,-0.15368157625198364,-0.017900288105010986,-0.10336345434188843,-0.011173009872436523,-0.08639752864837646
2,0.0,0.0,-0.052480459213256836,-0.014769256114959717,-0.09896475076675415,-0.07472890615463257,-0.09941524267196655,-0.14474499225616455,-0.0721403956413269,-0.18248778581619263,-0.10427260398864746,-0.17690402269363403,-0.14480984210968018,-0.2663695812225342,-0.1687469482421875,-0.3217134475708008,-0.18574625253677368,-0.373200923204422,-0.06279069185256958,-0.195306658744812,-0.08523112535476685,-0.2125769853591919,-0.07612341642379761,-0.14753204584121704,-0.06268084049224854,-0.11674904823303223,-0.02427232265472412,-0.19188463687896729,-0.04644376039505005,-0.17512041330337524,-0.04381847381591797,-0.11469382047653198,-0.034218788146972656,-0.09603297710418701,0.012043416500091553,-0.17457115650177002,-0.01150137186050415,-0.14753663539886475,-0.016119658946990967,-0.09935349225997925,-0.01131373643875122,-0.08558076620101929
2,0.0,0.0,-0.05099362134933472,-0.014218747615814209,-0.09797745943069458,-0.07467180490493774,-0.09837555885314941,-0.1457810401916504,-0.06631737947463989,-0.18059051036834717,-0.10481482744216919,-0.17712146043777466,-0.1465427279472351,-0.26742440462112427,-0.17054229974746704,-0.3220925033092499,-0.18785899877548218,-0.37449583411216736,-0.06371986865997314,-0.19339776039123535,-0.08412843942642212,-0.2122933268547058,-0.07690280675888062,-0.1474616527557373,-0.06522029638290405,-0.12113875150680542,-0.025174200534820557,-0.18778562545776367,-0.045644938945770264,-0.17098945379257202,-0.04548001289367676,-0.10955113172531128,-0.03708535432815552,-0.0955161452293396,0.011018335819244385,-0.1690496802330017,-0.012532413005828857,-0.13965392112731934,-0.01947808265686035,-0.0891980528831482,-0.015912532806396484,-0.07706087827682495
2,0.0,0.0,-0.05188626050949097,-0.015780091285705566,-0.09938102960586548,-0.07660883665084839,-0.10053735971450806,-0.1473119854927063,-0.06580197811126709,-0.181108295917511,-0.10490113496780396,-0.17769110202789307,-0.14567971229553223,-0.2685161232948303,-0.16912800073623657,-0.32440364360809326,-0.18589425086975098,-0.37552815675735474,-0.06485545635223389,-0.1950972080230713,-0.08727198839187622,-0.2165101170539856,-0.07851064205169678,-0.15505874156951904,-0.0649421215057373,-0.1224166750907898,-0.02647256851196289,-0.19176149368286133,-0.04815185070037842,-0.1732572317123413,-0.04396367073059082,-0.11200344562530518,-0.03229022026062012,-0.0897943377494812,0.0101165771484375,-0.1749262809753418,-0.015684008598327637,-0.14491045475006104,-0.01831793785095215,-0.09499108791351318,-0.010140776634216309,-0.07830113172531128
2,0.0,0.0,-0.05092060565948486,-0.02093714475631714,-0.09778130054473877,-0.08131057024002075,-0.09727758169174194,-0.1532154679298401,-0.06310844421386719,-0.19118088483810425,-0.10277968645095825,-0.17856132984161377,-0.14434665441513062,-0.2696102261543274,-0.16794979572296143,-0.3245053291320801,-0.18576663732528687,-0.3756883144378662,-0.06265813112258911,-0.19498074054718018,-0.08518153429031372,-0.22288841009140015,-0.07725876569747925,-0.15731507539749146,-0.06533199548721313,-0.12224704027175903,-0.024244248867034912,-0.18983858823776245,-0.04469621181488037,-0.17776137590408325,-0.04372668266296387,-0.11396187543869019,-0.034863293170928955,-0.09008926153182983,0.01207655668258667,-0.1707308292388916,-0.011462688446044922,-0.14904624223709106,-0.018619000911712646,-0.09755808115005493,-0.015383005142211914,-0.07726860046386719
2,0.0,0.0,-0.051837921142578125,-0.018928945064544678,-0.10000783205032349,-0.07837367057800293,-0.09692633152008057,-0.14855313301086426,-0.060490548610687256,-0.18308943510055542,-0.10556340217590332,-0.1750165820121765,-0.14606308937072754,-0.2661903202533722,-0.16849303245544434,-0.32059425115585327,-0.18581855297088623,-0.37077805399894714,-0.06553393602371216,-0.18887615203857422,-0.08384972810745239,-0.2239847183227539,-0.07733047008514404,-0.1599002480506897,-0.06884890794754028,-0.12335360050201416,-0.026536762714385986,-0.18410974740982056,-0.042236506938934326,-0.18424689769744873,-0.04171663522720337,-0.11638498306274414,-0.03509390354156494,-0.08617019653320312,0.011036038398742676,-0.16600781679153442,-0.008321881294250488,-0.15443933010101318,-0.016221940517425537,-0.09924566745758057,-0.014812827110290527,-0.07286834716796875
2,0.0,0.0,-0.049784183502197266,-0.018767118453979492,-0.09464561939239502,-0.07438123226165771,-0.09693747758865356,-0.14145421981811523,-0.06849616765975952,-0.1833290457725525,-0.10301768779754639,-0.17427170276641846,-0.14508843421936035,-0.26610854268074036,-0.16860783100128174,-0.32098159193992615,-0.18651974201202393,-0.37225639820098877,-0.06255245208740234,-0.1887056827545166,-0.08276867866516113,-0.22278493642807007,-0.07575881481170654,-0.15681856870651245,-0.06557810306549072,-0.12070423364639282,-0.02304244041442871,-0.18382322788238525,-0.04234027862548828,-0.18062150478363037,-0.04141515493392944,-0.11221539974212646,-0.03374004364013672,-0.08570963144302368,0.014495432376861572,-0.1655903458595276,-0.007994115352630615,-0.15102916955947876,-0.0156593918800354,-0.09517788887023926,-0.013972699642181396,-0.07248234748840332
2,0.0,0.0,-0.04963517189025879,-0.019993305206298828,-0.09449779987335205,-0.0767984390258789,-0.09251546859741211,-0.14336031675338745,-0.06139570474624634,-0.18324941396713257,-0.10324996709823608,-0.1734662652015686,-0.14382052421569824,-0.2639014422893524,-0.16636687517166138,-0.3180656433105469,-0.1838291883468628,-0.369407594203949,-0.06266939640045166,-0.1860983967781067,-0.0804898738861084,-0.22258180379867554,-0.07521337270736694,-0.15632939338684082,-0.06781411170959473,-0.12320601940155029,-0.022969186305999756,-0.17978423833847046,-0.037846267223358154,-0.18169552087783813,-0.03964656591415405,-0.11432087421417236,-0.03554648160934448,-0.0912318229675293,0.014721870422363281,-0.16049468517303467,-0.004255950450897217,-0.1495264768600464,-0.012755334377288818,-0.09576243162155151,-0.012694120407104492,-0.07603245973587036
2,0.0,0.0,-0.050934433937072754,-0.01747971773147583,-0.09650123119354248,-0.07774573564529419,-0.09303712844848633,-0.14586997032165527,-0.06101202964782715,-0.18363845348358154,-0.10317081212997437,-0.1751120686531067,-0.14401209354400635,-0.2652112543582916,-0.1674034595489502,-0.31831297278404236,-0.1850993037223816,-0.3691401183605194,-0.06286180019378662,-0.18700075149536133,-0.08319991827011108,-0.2278527021408081,-0.07666820287704468,-0.15953212976455688,-0.0667228102684021,-0.12546277046203613,-0.023474514484405518,-0.18047094345092773,-0.04069024324417114,-0.18707287311553955,-0.04104971885681152,-0.11611658334732056,-0.03422200679779053,-0.09113645553588867,0.014401257038116455,-0.16119080781936646,-0.0068849921226501465,-0.15539038181304932,-0.013982713222503662,-0.09970325231552124,-0.011326074600219727,-0.079073965549469
2,0.0,0.0,-0.04874449968338013,-0.016104519367218018,-0.09487903118133545,-0.07582461833953857,-0.09314936399459839,-0.14654552936553955,-0.06078362464904785,-0.18557608127593994,-0.10140573978424072,-0.1722741723060608,-0.1428510546684265,-0.26443225145339966,-0.16576486825942993,-0.3189373314380646,-0.18363440036773682,-0.3705828785896301,-0.06136178970336914,-0.18725967407226562,-0.08315902948379517,-0.22655528783798218,-0.07462900876998901,-0.15822374820709229,-0.06408089399337769,-0.12425464391708374,-0.022563159465789795,-0.18264013528823853,-0.04096353054046631,-0.1812378168106079,-0.04017317295074463,-0.11185657978057861,-0.033110857009887695,-0.08779680728912354,0.014230608940124512,-0.16480135917663574,-0.007547616958618164,-0.15056031942367554,-0.013834059238433838,-0.09565621614456177,-0.011368513107299805,-0.07610458135604858
2,0.0,0.0,-0.049391329288482666,-0.016232192516326904,-0.0949048399925232,-0.07550615072250366,-0.09400230646133423,-0.1463937759399414,-0.06336343288421631,-0.18831348419189453,-0.10278421640396118,-0.1744125485420227,-0.14341944456100464,-0.2666340470314026,-0.1663280725479126,-0.32207709550857544,-0.18434160947799683,-0.3738739490509033,-0.06215202808380127,-0.1897704005241394,-0.08291018009185791,-0.22773504257202148,-0.07494139671325684,-0.15803426504135132,-0.06542545557022095,-0.12062257528305054,-0.022789359092712402,-0.1847374439239502,-0.040012359619140625,-0.18305593729019165,-0.03891599178314209,-0.1137046217918396,-0.03199172019958496,-0.08698934316635132,0.014135360717773438,-0.16540533304214478,-0.0055435895919799805,-0.1518731713294983,-0.011468291282653809,-0.09671247005462646,-0.008811891078948975,-0.07576334476470947
2,0.0,0.0,-0.048564612865448,-0.01658576726913452,-0.09473419189453125,-0.07586497068405151,-0.09331250190734863,-0.14759594202041626,-0.05992501974105835,-0.18822628259658813,-0.10289722681045532,-0.17479479312896729,-0.14315879344940186,-0.26782259345054626,-0.1656612753868103,-0.3234465718269348,-0.18278706073760986,-0.3754025101661682,-0.06232947111129761,-0.190415620803833,-0.08287370204925537,-0.22699517011642456,-0.07461154460906982,-0.15711814165115356,-0.06468194723129272,-0.1203734278678894,-0.023058772087097168,-0.18565106391906738,-0.03976762294769287,-0.18148034811019897,-0.038064658641815186,-0.11021023988723755,-0.030302822589874268,-0.08237338066101074,0.013521194458007812,-0.16656845808029175,-0.006052732467651367,-0.14997076988220215,-0.011183202266693115,-0.09294676780700684,-0.006953179836273193,-0.07118892669677734
2,0.0,0.0,-0.04972761869430542,-0.01556462049484253,-0.09567797183990479,-0.07708489894866943,-0.09421288967132568,-0.15015506744384766,-0.06256383657455444,-0.19194555282592773,-0.10390067100524902,-0.17425388097763062,-0.14386457204818726,-0.2677367627620697,-0.1660170555114746,-0.32301294803619385,-0.18357813358306885,-0.37604132294654846,-0.06273812055587769,-0.18967467546463013,-0.08373379707336426,-0.22614651918411255,-0.07478946447372437,-0.1547095775604248,-0.06582188606262207,-0.12189096212387085,-0.02348262071609497,-0.18490558862686157,-0.04098212718963623,-0.18637025356292725,-0.038977980613708496,-0.11467969417572021,-0.03151142597198486,-0.08956527709960938,0.012667417526245117,-0.1663925051689148,-0.007227480411529541,-0.15390080213546753,-0.01131737232208252,-0.09672898054122925,-0.006269931793212891,-0.07652127742767334
2,0.0,0.0,-0.04948163032531738,-0.01514655351638794,-0.09790176153182983,-0.07783257961273193,-0.09520339965820312,-0.15276885032653809,-0.059882402420043945,-0.18925875425338745,-0.10488265752792358,-0.17550867795944214,-0.14387518167495728,-0.26890069246292114,-0.16582316160202026,-0.3244059085845947,-0.18305468559265137,-0.3774387240409851,-0.06387609243392944,-0.18953871726989746,-0.08468043804168701,-0.22809797525405884,-0.07518064975738525,-0.15434134006500244,-0.06591582298278809,-0.12127244472503662,-0.024769723415374756,-0.1837640404701233,-0.040839970111846924,-0.18916791677474976,-0.03916001319885254,-0.11683815717697144,-0.031688690185546875,-0.0914909839630127,0.011648714542388916,-0.1644141674041748,-0.006531953811645508,-0.15685242414474487,-0.011286258697509766,-0.09965670108795166,-0.0066245198249816895,-0.07853293418884277
2,0.0,0.0,-0.0500638484954834,-0.016792714595794678,-0.09673655033111572,-0.07870596647262573,-0.09445804357528687,-0.15217918157577515,-0.06156522035598755,-0.19031918048858643,-0.10422968864440918,-0.17750853300094604,-0.14340490102767944,-0.26960283517837524,-0.16580486297607422,-0.32419705390930176,-0.1837160587310791,-0.37701576948165894,-0.0631447434425354,-0.1913541555404663,-0.084633469581604,-0.22891777753829956,-0.07515823841094971,-0.1552743911743164,-0.06573772430419922,-0.12410533428192139,-0.023807823657989502,-0.1852244734764099,-0.040963828563690186,-0.18979722261428833,-0.03953087329864502,-0.11708438396453857,-0.03195708990097046,-0.09296566247940063,0.012544095516204834,-0.16542911529541016,-0.007010221481323242,-0.15753573179244995,-0.011858046054840088,-0.1000869870185852,-0.007026612758636475,-0.07972174882888794
2,0.0,0.0,-0.04733985662460327,-0.013391852378845215,-0.09631264209747314,-0.07492327690124512,-0.09245926141738892,-0.14971745014190674,-0.05760025978088379,-0.18813931941986084,-0.1036650538444519,-0.17471957206726074,-0.14214015007019043,-0.2674352526664734,-0.16342002153396606,-0.32176584005355835,-0.18038922548294067,-0.3749033212661743,-0.06258958578109741,-0.1886846423149109,-0.08290934562683105,-0.22449880838394165,-0.07266539335250854,-0.15133702754974365,-0.06338739395141602,-0.12126684188842773,-0.02375894784927368,-0.18277007341384888,-0.03976708650588989,-0.18583321571350098,-0.03785890340805054,-0.11387956142425537,-0.030917346477508545,-0.09080028533935547,0.012492954730987549,-0.16379636526107788,-0.005608081817626953,-0.15380263328552246,-0.010297417640686035,-0.09621310234069824,-0.006231188774108887,-0.07642537355422974
2,0.0,0.0,-0.04998648166656494,-0.01530987024307251,-0.094737708568573,-0.07726544141769409,-0.09062618017196655,-0.14630621671676636,-0.05998760461807251,-0.18376505374908447,-0.1040228009223938,-0.17393100261688232,-0.1416221261024475,-0.2660415470600128,-0.16275370121002197,-0.32047638297080994,-0.17944872379302979,-0.37398192286491394,-0.06278377771377563,-0.18909984827041626,-0.08075857162475586,-0.22365951538085938,-0.07200789451599121,-0.1523205041885376,-0.064211905002594,-0.12429386377334595,-0.023356854915618896,-0.18463647365570068,-0.037854015827178955,-0.18160665035247803,-0.03593522310256958,-0.11233675479888916,-0.030118346214294434,-0.09614557027816772,0.013482511043548584,-0.16674906015396118,-0.0032805800437927246,-0.1525202989578247,-0.008305549621582031,-0.09793603420257568,-0.005501687526702881,-0.08506906032562256
2,0.0,0.0,-0.052995145320892334,-0.017147362232208252,-0.09580814838409424,-0.07700085639953613,-0.09170609712600708,-0.143196702003479,-0.06329303979873657,-0.18183749914169312,-0.1032143235206604,-0.17211681604385376,-0.14039462804794312,-0.2652060389518738,-0.16158747673034668,-0.3214036226272583,-0.17753201723098755,-0.37451139092445374,-0.06194585561752319,-0.18810254335403442,-0.07978570461273193,-0.22211027145385742,-0.07146525382995605,-0.15703892707824707,-0.06192094087600708,-0.12460678815841675,-0.022964000701904297,-0.18549036979675293,-0.03998535871505737,-0.1780402660369873,-0.035535991191864014,-0.11417877674102783,-0.02751147747039795,-0.09503597021102905,0.014055430889129639,-0.170484721660614,-0.006779074668884277,-0.15260428190231323,-0.009071111679077148,-0.10224252939224243,-0.0040857791900634766,-0.08859503269195557
2,0.0,0.0,-0.05370986461639404,-0.017510652542114258,-0.0956718921661377,-0.07708930969238281,-0.09242087602615356,-0.14282208681106567,-0.0675966739654541,-0.18241006135940552,-0.1026197075843811,-0.1728736162185669,-0.14052283763885498,-0.2658596336841583,-0.1618378758430481,-0.32270026206970215,-0.17732936143875122,-0.37523627281188965,-0.061233460903167725,-0.1886594295501709,-0.07977241277694702,-0.22181230783462524,-0.0716092586517334,-0.15861618518829346,-0.061163365840911865,-0.12504583597183228,-0.022340476512908936,-0.18575835227966309,-0.04160028696060181,-0.17950820922851562,-0.036572039127349854,-0.11663496494293213,-0.027212023735046387,-0.09408050775527954,0.015033960342407227,-0.17085683345794678,-0.00835198163986206,-0.1575821042060852,-0.011036872863769531,-0.10806262493133545,-0.005729615688323975,-0.09093528985977173
2,0.0,0.0,-0.052322983741760254,-0.020158469676971436,-0.09606355428695679,-0.0831458568572998,-0.09121894836425781,-0.15169203281402588,-0.061897993087768555,-0.18963950872421265,-0.10318106412887573,-0.17764323949813843,-0.14085912704467773,-0.2694608271121979,-0.16261780261993408,-0.3251475989818573,-0.17828112840652466,-0.3779556155204773,-0.06254428625106812,-0.19208508729934692,-0.08315593004226685,-0.2274552583694458,-0.07496243715286255,-0.16023844480514526,-0.0627589225769043,-0.1298069953918457,-0.02342236042022705,-0.18687355518341064,-0.043251752853393555,-0.1845921277999878,-0.04047900438308716,-0.11965876817703247,-0.030018270015716553,-0.10140341520309448,0.01448214054107666,-0.1689894199371338,-0.009141027927398682,-0.15935134887695312,-0.013821899890899658,-0.10925424098968506,-0.00777202844619751,-0.09450960159301758
2,0.0,0.0,-0.05271631479263306,-0.02173823118209839,-0.09271138906478882,-0.08207911252975464,-0.08963209390640259,-0.14568287134170532,-0.06518208980560303,-0.18581074476242065,-0.09910160303115845,-0.17847394943237305,-0.13514691591262817,-0.27086204290390015,-0.1571999192237854,-0.3270024061203003,-0.17358887195587158,-0.37904006242752075,-0.058110713958740234,-0.19525450468063354,-0.08011341094970703,-0.22037214040756226,-0.07202422618865967,-0.1600480079650879,-0.05986243486404419,-0.13167917728424072,-0.0190049409866333,-0.19147765636444092,-0.043990254402160645,-0.1772974729537964,-0.03748023509979248,-0.11683142185211182,-0.024745047092437744,-0.09828794002532959,0.018662691116333008,-0.1749577522277832,-0.010394275188446045,-0.15307563543319702,-0.010728299617767334,-0.1048397421836853,-0.000582277774810791,-0.09139275550842285
2,0.0,0.0,-0.05459564924240112,-0.021383702754974365,-0.09356087446212769,-0.08801525831222534,-0.084530770778656,-0.15155243873596191,-0.05826747417449951,-0.18160057067871094,-0.0997316837310791,-0.1821461319923401,-0.13322758674621582,-0.27244144678115845,-0.15311706066131592,-0.32806479930877686,-0.16789662837982178,-0.37975767254829407,-0.05776262283325195,-0.19575083255767822,-0.07067042589187622,-0.21881318092346191,-0.06538379192352295,-0.1572321653366089,-0.05823713541030884,-0.12796884775161743,-0.018378138542175293,-0.18888932466506958,-0.034759461879730225,-0.17402613162994385,-0.031817078590393066,-0.11379164457321167,-0.023447930812835693,-0.09538626670837402,0.018572688102722168,-0.16882282495498657,-0.002314925193786621,-0.14755171537399292,-0.004962325096130371,-0.10023826360702515,0.0019379258155822754,-0.08703881502151489
2,0.0,0.0,-0.05259549617767334,-0.024794459342956543,-0.09097689390182495,-0.09028118848800659,-0.08447909355163574,-0.1501072645187378,-0.05870819091796875,-0.18331116437911987,-0.0950474739074707,-0.18624186515808105,-0.12791568040847778,-0.27333319187164307,-0.14877676963806152,-0.32890909910202026,-0.16367816925048828,-0.3805944621562958,-0.053334951400756836,-0.19941294193267822,-0.06744879484176636,-0.21734243631362915,-0.06256705522537231,-0.15782910585403442,-0.054247379302978516,-0.12925517559051514,-0.013921022415161133,-0.19266504049301147,-0.03174567222595215,-0.17529398202896118,-0.030695736408233643,-0.1184423565864563,-0.02345973253250122,-0.10127097368240356,0.023137211799621582,-0.17300105094909668,0.0012764930725097656,-0.15000957250595093,-0.0040416717529296875,-0.10318922996520996,0.0003388524055480957,-0.09013932943344116
2,0.0,0.0,-0.05566340684890747,-0.021509826183319092,-0.09651058912277222,-0.09185963869094849,-0.08414500951766968,-0.15802550315856934,-0.049355268478393555,-0.1877691149711609,-0.09749859571456909,-0.18432992696762085,-0.1298733949661255,-0.27240851521492004,-0.14975231885910034,-0.32876020669937134,-0.1636715531349182,-0.3803592324256897,-0.05451607704162598,-0.19930285215377808,-0.06920045614242554,-0.21692365407943726,-0.06400799751281738,-0.15689706802368164,-0.053881824016571045,-0.12777143716812134,-0.015431046485900879,-0.1925281286239624,-0.034158289432525635,-0.17360806465148926,-0.03334176540374756,-0.11790746450424194,-0.02454131841659546,-0.1009138822555542,0.02107107639312744,-0.17206311225891113,-0.002388894557952881,-0.1471521258354187,-0.0067656636238098145,-0.1037299633026123,-0.00011974573135375977,-0.0928540825843811
2,0.0,0.0,-0.056557655334472656,-0.02085167169570923,-0.0987551212310791,-0.09145498275756836,-0.09263366460800171,-0.15527474880218506,-0.062114179134368896,-0.1773698329925537,-0.09663397073745728,-0.18721693754196167,-0.13069868087768555,-0.27699941396713257,-0.15114986896514893,-0.3335583508014679,-0.1643809676170349,-0.3853145241737366,-0.054774701595306396,-0.2005751132965088,-0.07968837022781372,-0.21350252628326416,-0.07482224702835083,-0.1542108654975891,-0.06189757585525513,-0.12607353925704956,-0.017131805419921875,-0.19388729333877563,-0.047898948192596436,-0.1765260100364685,-0.04325836896896362,-0.12015730142593384,-0.029280543327331543,-0.10213059186935425,0.018275797367095947,-0.1757795810699463,-0.0175858736038208,-0.15631842613220215,-0.018525004386901855,-0.11168068647384644,-0.00634998083114624,-0.09825760126113892
2,0.0,0.0,-0.05802726745605469,-0.02131807804107666,-0.10250645875930786,-0.09713423252105713,-0.08641058206558228,-0.16156822443008423,-0.048524320125579834,-0.1793196201324463,-0.09928464889526367,-0.18899810314178467,-0.13168799877166748,-0.27525094151496887,-0.15165501832962036,-0.33003926277160645,-0.1650347113609314,-0.3791356086730957,-0.05808413028717041,-0.19857007265090942,-0.07246404886245728,-0.21914660930633545,-0.06845206022262573,-0.15724724531173706,-0.058307647705078125,-0.12432241439819336,-0.02059262990951538,-0.19025492668151855,-0.03873497247695923,-0.17971539497375488,-0.03836357593536377,-0.11975502967834473,-0.02908569574356079,-0.09778910875320435,0.015112578868865967,-0.17090696096420288,-0.008950114250183105,-0.15774881839752197,-0.014088451862335205,-0.1109282374382019,-0.006935536861419678,-0.09481894969940186
2,0.0,0.0,-0.05781513452529907,-0.020345628261566162,-0.10368186235427856,-0.09539186954498291,-0.09090262651443481,-0.16384285688400269,-0.054445624351501465,-0.18498826026916504,-0.10080921649932861,-0.18778836727142334,-0.13275301456451416,-0.27499309182167053,-0.1534029245376587,-0.32922691106796265,-0.16764789819717407,-0.37937313318252563,-0.0588381290435791,-0.19934219121932983,-0.08164912462234497,-0.22187304496765137,-0.07831341028213501,-0.1642940640449524,-0.06654191017150879,-0.13782066106796265,-0.02078014612197876,-0.19111651182174683,-0.048161327838897705,-0.17696034908294678,-0.046909451484680176,-0.11997872591018677,-0.03498232364654541,-0.10329896211624146,0.014585673809051514,-0.17116761207580566,-0.01940220594406128,-0.14898300170898438,-0.02212691307067871,-0.10331553220748901,-0.01109379529953003,-0.09055536985397339
2,0.0,0.0,-0.052764177322387695,-0.01943272352218628,-0.0976913571357727,-0.088534414768219,-0.08755028247833252,-0.15456008911132812,-0.05354142189025879,-0.1826939582824707,-0.09757077693939209,-0.1860939860343933,-0.13093578815460205,-0.2722274661064148,-0.15242302417755127,-0.32603299617767334,-0.16648918390274048,-0.3757243752479553,-0.05722719430923462,-0.19630777835845947,-0.0819137692451477,-0.22184598445892334,-0.07984256744384766,-0.16384774446487427,-0.06881457567214966,-0.13856011629104614,-0.019083380699157715,-0.18838244676589966,-0.049041807651519775,-0.1745668649673462,-0.045825958251953125,-0.11376321315765381,-0.03242307901382446,-0.09840118885040283,0.01744687557220459,-0.16966193914413452,-0.019626080989837646,-0.15271401405334473,-0.021851718425750732,-0.10519224405288696,-0.01007688045501709,-0.09423905611038208
2,0.0,0.0,-0.05097001791000366,-0.019785761833190918,-0.0951191782951355,-0.09046369791030884,-0.08483058214187622,-0.15796148777008057,-0.051971614360809326,-0.18886929750442505,-0.09469425678253174,-0.18711090087890625,-0.1296452283859253,-0.2747240662574768,-0.1513129472732544,-0.32720381021499634,-0.16553601622581482,-0.37588223814964294,-0.054572343826293945,-0.19887763261795044,-0.08487534523010254,-0.21785259246826172,-0.08018505573272705,-0.1534123420715332,-0.06501024961471558,-0.12685585021972656,-0.017675399780273438,-0.1909533143043518,-0.050795912742614746,-0.17273235321044922,-0.045868873596191406,-0.11105537414550781,-0.03103768825531006,-0.09876871109008789,0.016696453094482422,-0.17122238874435425,-0.021387457847595215,-0.14142441749572754,-0.01815164089202881,-0.09423434734344482,-0.002380073070526123,-0.08887654542922974
2,0.0,0.0,-0.051173627376556396,-0.02076476812362671,-0.09284234046936035,-0.08720910549163818,-0.09034961462020874,-0.1534714698791504,-0.06892186403274536,-0.18900346755981445,-0.09375602006912231,-0.1864975094795227,-0.1274062991142273,-0.2748216986656189,-0.15008723735809326,-0.32840389013290405,-0.16438251733779907,-0.37894535064697266,-0.05294698476791382,-0.2005096673965454,-0.08499187231063843,-0.21396023035049438,-0.08005106449127197,-0.14637160301208496,-0.06356310844421387,-0.12444669008255005,-0.01681464910507202,-0.19362354278564453,-0.054193079471588135,-0.1760185956954956,-0.04896092414855957,-0.11210072040557861,-0.03235900402069092,-0.10191404819488525,0.01607811450958252,-0.17400765419006348,-0.026872336864471436,-0.1467607021331787,-0.023342132568359375,-0.09903162717819214,-0.0065735578536987305,-0.09527355432510376
2,0.0,0.0,-0.0496140718460083,-0.022374331951141357,-0.08987903594970703,-0.08597826957702637,-0.09366339445114136,-0.14788901805877686,-0.07803475856781006,-0.18311607837677002,-0.09128856658935547,-0.18490636348724365,-0.12786763906478882,-0.2737388014793396,-0.14944204688072205,-0.33041149377822876,-0.1637250781059265,-0.3818179965019226,-0.053009748458862305,-0.19746607542037964,-0.08687222003936768,-0.21248096227645874,-0.09576040506362915,-0.1640203595161438,-0.09375560283660889,-0.14035117626190186,-0.016573965549468994,-0.19030839204788208,-0.055969059467315674,-0.16993892192840576,-0.048595309257507324,-0.11352032423019409,-0.031426072120666504,-0.09180402755737305,0.017042160034179688,-0.17092591524124146,-0.02582693099975586,-0.1424543261528015,-0.024587571620941162,-0.09964662790298462,-0.00991755723953247,-0.08637261390686035
2,0.0,0.0,-0.04808169603347778,-0.030339360237121582,-0.08421409130096436,-0.08938735723495483,-0.09332054853439331,-0.14069002866744995,-0.09054303169250488,-0.18152236938476562,-0.0849447250366211,-0.20077866315841675,-0.12019789218902588,-0.2821667194366455,-0.14075160026550293,-0.3358628749847412,-0.15590861439704895,-0.38716360926628113,-0.04845541715621948,-0.21101349592208862,-0.09604477882385254,-0.21272265911102295,-0.13315382599830627,-0.1919683814048767,-0.15999343991279602,-0.19287604093551636,-0.011470913887023926,-0.1999446153640747,-0.061399877071380615,-0.15734058618545532,-0.055657386779785156,-0.10408437252044678,-0.041349172592163086,-0.0824926495552063,0.021839678287506104,-0.17412465810775757,-0.025938093662261963,-0.13344275951385498,-0.02258986234664917,-0.09387224912643433,-0.007430672645568848,-0.08037441968917847
2,0.0,0.0,-0.05276966094970703,-0.03226262331008911,-0.0899931788444519,-0.09537160396575928,-0.09643745422363281,-0.1512693166732788,-0.0891183614730835,-0.19081014394760132,-0.08353716135025024,-0.20249027013778687,-0.11573940515518188,-0.2875250577926636,-0.13570770621299744,-0.3413512110710144,-0.14978939294815063,-0.3927246630191803,-0.04683363437652588,-0.2097017765045166,-0.09974062442779541,-0.23274290561676025,-0.14400631189346313,-0.22108083963394165,-0.1742326021194458,-0.22270262241363525,-0.009195089340209961,-0.19707727432250977,-0.06491076946258545,-0.16854286193847656,-0.06376445293426514,-0.11118507385253906,-0.050083160400390625,-0.08118700981140137,0.02537858486175537,-0.16950732469558716,-0.028281450271606445,-0.1425279974937439,-0.029438257217407227,-0.10107815265655518,-0.015201210975646973,-0.08175408840179443
2,0.0,0.0,-0.05286985635757446,-0.03138619661331177,-0.09329962730407715,-0.09343552589416504,-0.09778529405593872,-0.1519119143486023,-0.08471858501434326,-0.18928766250610352,-0.08315932750701904,-0.2047627568244934,-0.11138296127319336,-0.2902604341506958,-0.1296752691268921,-0.34606772661209106,-0.1422572135925293,-0.3963029384613037,-0.04491984844207764,-0.21231400966644287,-0.09020543098449707,-0.21887749433517456,-0.11372464895248413,-0.18075406551361084,-0.12380114197731018,-0.16483187675476074,-0.008363425731658936,-0.1980234980583191,-0.05797094106674194,-0.16547495126724243,-0.05731481313705444,-0.1090463399887085,-0.04479426145553589,-0.08485996723175049,0.0240861177444458,-0.16994434595108032,-0.026127934455871582,-0.1411150097846985,-0.02875429391860962,-0.10082495212554932,-0.016698598861694336,-0.08646321296691895
2,0.0,0.0,-0.05263316631317139,-0.03494340181350708,-0.08718836307525635,-0.1061391830444336,-0.08739680051803589,-0.16556543111801147,-0.07882767915725708,-0.1981281042098999,-0.07019340991973877,-0.2145465612411499,-0.09765693545341492,-0.2977527678012848,-0.1138492226600647,-0.35389459133148193,-0.12469923496246338,-0.4043647348880768,-0.03212761878967285,-0.2200559377670288,-0.07705426216125488,-0.20923912525177002,-0.09448003768920898,-0.17045456171035767,-0.09880015254020691,-0.15928930044174194,0.0027951598167419434,-0.20075970888137817,-0.04809612035751343,-0.15873944759368896,-0.043976783752441406,-0.10876530408859253,-0.028289854526519775,-0.09528803825378418,0.03158855438232422,-0.16764473915100098,-0.018738150596618652,-0.13314825296401978,-0.017281770706176758,-0.09597641229629517,-0.0019380450248718262,-0.08936363458633423
2,0.0,0.0,-0.053299903869628906,-0.0438685417175293,-0.08362066745758057,-0.11160743236541748,-0.08144611120223999,-0.16740655899047852,-0.06611573696136475,-0.20051544904708862,-0.06389373540878296,-0.21552777290344238,-0.08844900131225586,-0.3007037043571472,-0.10228785872459412,-0.357079416513443,-0.11105141043663025,-0.408064603805542,-0.02682781219482422,-0.21709394454956055,-0.07125341892242432,-0.21962732076644897,-0.10530072450637817,-0.19274693727493286,-0.12473082542419434,-0.18549972772598267,0.007734239101409912,-0.1968023180961609,-0.042375802993774414,-0.16132652759552002,-0.04267764091491699,-0.11191540956497192,-0.02927231788635254,-0.09386658668518066,0.03614908456802368,-0.16263002157211304,-0.013467609882354736,-0.13189411163330078,-0.015337705612182617,-0.09727180004119873,-0.0012968182563781738,-0.08851653337478638
2,0.0,0.0,-0.05048346519470215,-0.04501217603683472,-0.07919898629188538,-0.11525791883468628,-0.07784014940261841,-0.17462658882141113,-0.0603373646736145,-0.20673686265945435,-0.04902595281600952,-0.21928256750106812,-0.07473123073577881,-0.3058982491493225,-0.08901086449623108,-0.3633476495742798,-0.09665587544441223,-0.41437259316444397,-0.010775089263916016,-0.21887916326522827,-0.05760985612869263,-0.2250276803970337,-0.08441439270973206,-0.18020665645599365,-0.09266605973243713,-0.15470224618911743,0.02067387104034424,-0.19562697410583496,-0.035018861293792725,-0.16849535703659058,-0.04003387689590454,-0.11766654253005981,-0.02731555700302124,-0.09715038537979126,0.0436747670173645,-0.15907412767410278,-0.011700868606567383,-0.13243812322616577,-0.01695305109024048,-0.09681200981140137,-0.00394284725189209,-0.08638358116149902
2,0.0,0.0,-0.0542607307434082,-0.04937213659286499,-0.08134222030639648,-0.12358087301254272,-0.07248100638389587,-0.18032902479171753,-0.050530195236206055,-0.20269376039505005,-0.045570194721221924,-0.21921253204345703,-0.06944262981414795,-0.30570927262306213,-0.08282536268234253,-0.3628823459148407,-0.08919376134872437,-0.413053959608078,-0.004700064659118652,-0.21505612134933472,-0.0568656325340271,-0.21032214164733887,-0.07474249601364136,-0.15491676330566406,-0.06992122530937195,-0.12531602382659912,0.025759518146514893,-0.18818718194961548,-0.036423325538635254,-0.15506887435913086,-0.04126274585723877,-0.10686385631561279,-0.02549755573272705,-0.09214967489242554,0.04644531011581421,-0.14957785606384277,-0.01438373327255249,-0.12175601720809937,-0.019043266773223877,-0.08779215812683105,-0.0033437609672546387,-0.0818818211555481
2,0.0,0.0,-0.05322539806365967,-0.05114060640335083,-0.08255493640899658,-0.11933141946792603,-0.08715516328811646,-0.17626404762268066,-0.08432358503341675,-0.2177414894104004,-0.044848501682281494,-0.2301148772239685,-0.0661669373512268,-0.31598636507987976,-0.07780224084854126,-0.37379521131515503,-0.08326601982116699,-0.4247446656227112,-0.009008407592773438,-0.22500473260879517,-0.07918676733970642,-0.24270397424697876,-0.11973202228546143,-0.21237897872924805,-0.13664522767066956,-0.19583064317703247,0.019030392169952393,-0.19675034284591675,-0.057607501745224,-0.16833817958831787,-0.06425350904464722,-0.11790329217910767,-0.048894524574279785,-0.1016232967376709,0.037761807441711426,-0.1542510986328125,-0.028298914432525635,-0.1256900429725647,-0.03284895420074463,-0.08993405103683472,-0.0168379545211792,-0.08137631416320801
2,0.0,0.0,-0.0563337504863739,-0.05518519878387451,-0.08370620012283325,-0.12263792753219604,-0.08837360143661499,-0.17711561918258667,-0.08153966069221497,-0.21218574047088623,-0.03956139087677002,-0.23107385635375977,-0.06276452541351318,-0.31789979338645935,-0.07255935668945312,-0.37653571367263794,-0.07641652226448059,-0.4288293123245239,-0.005389988422393799,-0.22205251455307007,-0.0795741081237793,-0.23617511987686157,-0.11459574103355408,-0.191600501537323,-0.12307369709014893,-0.1667243242263794,0.018712282180786133,-0.1889318823814392,-0.05922624468803406,-0.16699671745300293,-0.06530913710594177,-0.11349540948867798,-0.0480191707611084,-0.09654974937438965,0.03311282396316528,-0.14322811365127563,-0.03316575288772583,-0.12183529138565063,-0.03561490774154663,-0.0849807858467102,-0.01717585325241089,-0.07773494720458984
2,0.0,0.0,-0.05561470985412598,-0.05763429403305054,-0.08317914605140686,-0.12810838222503662,-0.08840006589889526,-0.18733948469161987,-0.06822752952575684,-0.21586954593658447,-0.02729254961013794,-0.2352217435836792,-0.052624642848968506,-0.32571539282798767,-0.06422212719917297,-0.38343387842178345,-0.06742700934410095,-0.4344117343425751,0.004051148891448975,-0.22261887788772583,-0.05957883596420288,-0.24988329410552979,-0.08784225583076477,-0.20231866836547852,-0.08880716562271118,-0.1744672656059265,0.02330094575881958,-0.18953466415405273,-0.05049729347229004,-0.17810004949569702,-0.056992679834365845,-0.13003939390182495,-0.03674405813217163,-0.11802852153778076,0.03030836582183838,-0.1445581316947937,-0.03530400991439819,-0.12678569555282593,-0.037747979164123535,-0.09254461526870728,-0.016635537147521973,-0.0883212685585022
2,0.0,0.0,-0.05546283721923828,-0.06283074617385864,-0.07718440890312195,-0.13217949867248535,-0.08024579286575317,-0.187177836894989,-0.07163688540458679,-0.21962356567382812,-0.023654401302337646,-0.23952865600585938,-0.043977200984954834,-0.3281276822090149,-0.05346876382827759,-0.38573047518730164,-0.055582255125045776,-0.4367505609989166,0.0076462626457214355,-0.22533762454986572,-0.0649675726890564,-0.2503005862236023,-0.10346993803977966,-0.21254414319992065,-0.11405158042907715,-0.18865227699279785,0.025560975074768066,-0.18903034925460815,-0.056680768728256226,-0.1725289225578308,-0.06558150053024292,-0.12489992380142212,-0.048433899879455566,-0.10869216918945312,0.030891478061676025,-0.14155739545822144,-0.03887218236923218,-0.12292879819869995,-0.042976200580596924,-0.09008508920669556,-0.02406477928161621,-0.08282917737960815
2,0.0,0.0,-0.056048959493637085,-0.06497007608413696,-0.07686638832092285,-0.13879573345184326,-0.08043739199638367,-0.19596433639526367,-0.0730360746383667,-0.22573578357696533,-0.02355271577835083,-0.24457156658172607,-0.03793895244598389,-0.3315602242946625,-0.044354796409606934,-0.38886260986328125,-0.04449307918548584,-0.4387052059173584,0.009849846363067627,-0.230371356010437,-0.06042349338531494,-0.2483420968055725,-0.09944462776184082,-0.20614773035049438,-0.1114606261253357,-0.17722654342651367,0.027504146099090576,-0.19280964136123657,-0.05617290735244751,-0.16946524381637573,-0.06823655962944031,-0.12205100059509277,-0.05424264073371887,-0.1053120493888855,0.031319379806518555,-0.14462846517562866,-0.04138985276222229,-0.12034332752227783,-0.049356609582901,-0.0870128870010376,-0.03409123420715332,-0.07892155647277832
2,0.0,0.0,-0.0567798912525177,-0.07059895992279053,-0.07697448134422302,-0.14726459980010986,-0.0817234218120575,-0.20683276653289795,-0.07544258236885071,-0.24142968654632568,-0.017390668392181396,-0.2458188533782959,-0.03271687030792236,-0.3379579782485962,-0.039152950048446655,-0.3975215554237366,-0.040092289447784424,-0.4495552182197571,0.01314854621887207,-0.23069006204605103,-0.06176742911338806,-0.26122719049453735,-0.0975767970085144,-0.21711516380310059,-0.10643109679222107,-0.18597149848937988,0.027874231338500977,-0.19551187753677368,-0.05999067425727844,-0.18377649784088135,-0.0689304769039154,-0.13281762599945068,-0.05182364583015442,-0.11108362674713135,0.028303027153015137,-0.15052396059036255,-0.04789310693740845,-0.13742822408676147,-0.05409109592437744,-0.10082638263702393,-0.03697022795677185,-0.08784115314483643
2,0.0,0.0,-0.05559837818145752,-0.07121133804321289,-0.07714319229125977,-0.14673340320587158,-0.0827527642250061,-0.20531660318374634,-0.07175716757774353,-0.23099881410598755,-0.01254194974899292,-0.24707967042922974,-0.024530410766601562,-0.33754539489746094,-0.02976226806640625,-0.39654552936553955,-0.0291253924369812,-0.44759994745254517,0.017404139041900635,-0.23093271255493164,-0.05844908952713013,-0.24337327480316162,-0.08335024118423462,-0.18958163261413574,-0.0803692638874054,-0.15199917554855347,0.030362963676452637,-0.19591373205184937,-0.056082189083099365,-0.18288582563400269,-0.06552693247795105,-0.1327192783355713,-0.0499938428401947,-0.10732239484786987,0.03071039915084839,-0.15195757150650024,-0.045003682374954224,-0.13792067766189575,-0.05504515767097473,-0.10033261775970459,-0.04223904013633728,-0.08316308259963989
2,0.0,0.0,-0.05488109588623047,-0.07470035552978516,-0.07803148031234741,-0.15456336736679077,-0.0812481939792633,-0.21648770570755005,-0.060410648584365845,-0.23157262802124023,-0.004346787929534912,-0.24992942810058594,-0.01449275016784668,-0.3397860527038574,-0.020000338554382324,-0.3973919749259949,-0.018697410821914673,-0.4481979012489319,0.02525418996810913,-0.22956103086471558,-0.042451828718185425,-0.27214741706848145,-0.07564777135848999,-0.22583091259002686,-0.07970857620239258,-0.18815839290618896,0.037617385387420654,-0.1913435459136963,-0.043117403984069824,-0.2021973729133606,-0.06362012028694153,-0.15504688024520874,-0.0547715425491333,-0.12707990407943726,0.03584486246109009,-0.1439325213432312,-0.03660866618156433,-0.1471431851387024,-0.055756330490112305,-0.11306643486022949,-0.05018329620361328,-0.09220290184020996
2,0.0,0.0,-0.05155682563781738,-0.07762128114700317,-0.07211461663246155,-0.1565040946006775,-0.07930785417556763,-0.2162710428237915,-0.0708637535572052,-0.2450016736984253,0.008822262287139893,-0.24497967958450317,-0.003882467746734619,-0.3388494849205017,-0.009646117687225342,-0.39990371465682983,-0.009594857692718506,-0.45252156257629395,0.03501170873641968,-0.22680586576461792,-0.03399500250816345,-0.27781474590301514,-0.07635024189949036,-0.24436795711517334,-0.09112170338630676,-0.2125769853591919,0.04372870922088623,-0.1924322247505188,-0.04291793704032898,-0.20805668830871582,-0.06242579221725464,-0.16244655847549438,-0.053981244564056396,-0.13250023126602173,0.03795802593231201,-0.1497899889945984,-0.03609690070152283,-0.15801548957824707,-0.051992207765579224,-0.12588757276535034,-0.04387104511260986,-0.10443037748336792
2,0.0,0.0,-0.04810589551925659,-0.0762094259262085,-0.06449529528617859,-0.15643185377120972,-0.06570136547088623,-0.21612513065338135,-0.04908096790313721,-0.2392328977584839,0.020704686641693115,-0.24553042650222778,0.013169288635253906,-0.33579105138778687,0.009290874004364014,-0.3968955874443054,0.009503573179244995,-0.4487186074256897,0.04873090982437134,-0.22504061460494995,-0.03298252820968628,-0.2532249689102173,-0.06600159406661987,-0.20628052949905396,-0.06973353028297424,-0.17022937536239624,0.05739319324493408,-0.18877512216567993,-0.03486260771751404,-0.194402277469635,-0.050449758768081665,-0.14613217115402222,-0.04097291827201843,-0.11675417423248291,0.05255019664764404,-0.1449543833732605,-0.02417612075805664,-0.1482996940612793,-0.03906494379043579,-0.11346900463104248,-0.031289905309677124,-0.0918266773223877
2,0.0,0.0,-0.05494651198387146,-0.07818400859832764,-0.07485350966453552,-0.15730494260787964,-0.07962530851364136,-0.21378451585769653,-0.07459267973899841,-0.24442243576049805,0.009264081716537476,-0.2500312328338623,0.0024048984050750732,-0.3370683491230011,0.0012128949165344238,-0.39679425954818726,0.0045476555824279785,-0.44678157567977905,0.03924176096916199,-0.2290697693824768,-0.037778884172439575,-0.2570890188217163,-0.07217568159103394,-0.21174603700637817,-0.0758751928806305,-0.17818188667297363,0.04892215132713318,-0.19187134504318237,-0.04168379306793213,-0.19211328029632568,-0.056734442710876465,-0.14632833003997803,-0.04504743218421936,-0.12093549966812134,0.042936354875564575,-0.14852023124694824,-0.03306400775909424,-0.14495205879211426,-0.047188907861709595,-0.11164647340774536,-0.03709524869918823,-0.09367889165878296
2,0.0,0.0,-0.05802169442176819,-0.08402854204177856,-0.07351890206336975,-0.16360270977020264,-0.07633921504020691,-0.21903252601623535,-0.07231035828590393,-0.24707621335983276,0.01261061429977417,-0.24847447872161865,-0.0039092302322387695,-0.33774062991142273,-0.009092777967453003,-0.3992063105106354,-0.009248167276382446,-0.4533873200416565,0.03637450933456421,-0.22595703601837158,-0.05403754115104675,-0.2542518973350525,-0.08028396964073181,-0.2041214108467102,-0.07666221261024475,-0.1686980128288269,0.037944257259368896,-0.18830138444900513,-0.06298485398292542,-0.19360589981079102,-0.0721169114112854,-0.14617973566055298,-0.0560699999332428,-0.11877447366714478,0.02390962839126587,-0.14515388011932373,-0.05679899454116821,-0.14728844165802002,-0.06545072793960571,-0.11234408617019653,-0.05061039328575134,-0.09368681907653809
2,0.0,0.0,-0.05551654100418091,-0.07961076498031616,-0.07308316230773926,-0.1574711799621582,-0.07689470052719116,-0.21529382467269897,-0.06332078576087952,-0.24260926246643066,0.018185168504714966,-0.24284732341766357,0.0058480799198150635,-0.33860427141189575,0.0017628669738769531,-0.40142467617988586,0.002868086099624634,-0.4556891918182373,0.04430553317070007,-0.22224408388137817,-0.034241944551467896,-0.2590048909187317,-0.06230819225311279,-0.20962601900100708,-0.061026304960250854,-0.170515775680542,0.048496514558792114,-0.18794262409210205,-0.047484904527664185,-0.19445884227752686,-0.05785688757896423,-0.1448841094970703,-0.04167023301124573,-0.11490398645401001,0.03673061728477478,-0.14716976881027222,-0.04383477568626404,-0.14646655321121216,-0.05252337455749512,-0.10850858688354492,-0.03696805238723755,-0.08805030584335327
2,0.0,0.0,-0.05545303225517273,-0.08281409740447998,-0.07315662503242493,-0.1599786877632141,-0.07469874620437622,-0.22100812196731567,-0.05857306718826294,-0.245175302028656,0.01746499538421631,-0.24680906534194946,0.00819772481918335,-0.33807137608528137,0.0033269524574279785,-0.40003275871276855,0.00341227650642395,-0.45219406485557556,0.04437965154647827,-0.2234089970588684,-0.03323182463645935,-0.2615973949432373,-0.06224283576011658,-0.2114264965057373,-0.05977514386177063,-0.17860323190689087,0.04905182123184204,-0.1861090064048767,-0.04507732391357422,-0.19594889879226685,-0.05600392818450928,-0.14862865209579468,-0.03907468914985657,-0.12415200471878052,0.03714001178741455,-0.14354979991912842,-0.04279330372810364,-0.14652502536773682,-0.051940470933914185,-0.11186891794204712,-0.036385178565979004,-0.09500253200531006
2,0.0,0.0,-0.05676299333572388,-0.08416229486465454,-0.0738343894481659,-0.1643151044845581,-0.07318788766860962,-0.22976136207580566,-0.05372506380081177,-0.24686115980148315,0.018681496381759644,-0.24682796001434326,0.01094171404838562,-0.33992716670036316,0.0060929059982299805,-0.40192997455596924,0.006507277488708496,-0.45543500781059265,0.04602399468421936,-0.22415441274642944,-0.03152051568031311,-0.2653835415840149,-0.055569231510162354,-0.21007537841796875,-0.04626920819282532,-0.1796708106994629,0.05070492625236511,-0.1887187361717224,-0.041063934564590454,-0.20156002044677734,-0.05194947123527527,-0.15330606698989868,-0.03349769115447998,-0.131270170211792,0.038427919149398804,-0.14853674173355103,-0.03979700803756714,-0.15195995569229126,-0.049079716205596924,-0.11536794900894165,-0.03381761908531189,-0.09850263595581055
2,0.0,0.0,-0.05836746096611023,-0.08478802442550659,-0.07464951276779175,-0.16594386100769043,-0.07393404841423035,-0.23194736242294312,-0.05460038781166077,-0.2571828365325928,0.01901334524154663,-0.25014734268188477,0.010651171207427979,-0.3445984125137329,0.006265074014663696,-0.4076482653617859,0.006326526403427124,-0.4608250856399536,0.04589951038360596,-0.2270897626876831,-0.03575718402862549,-0.2674413323402405,-0.061465561389923096,-0.21084946393966675,-0.05412495136260986,-0.17619365453720093,0.049448251724243164,-0.1911107301712036,-0.04574492573738098,-0.20406973361968994,-0.056093811988830566,-0.15216153860092163,-0.03792387247085571,-0.1265202760696411,0.0365411639213562,-0.15010744333267212,-0.04272612929344177,-0.1538686752319336,-0.05155545473098755,-0.11586403846740723,-0.0360589325428009,-0.09762734174728394
2,0.0,0.0,-0.05892610549926758,-0.08934259414672852,-0.07515010237693787,-0.17017680406570435,-0.07385632395744324,-0.23730164766311646,-0.05311736464500427,-0.2602066397666931,0.0173090398311615,-0.25154387950897217,0.009480923414230347,-0.34456610679626465,0.005557239055633545,-0.4062216579914093,0.006462275981903076,-0.4595259428024292,0.04493352770805359,-0.22919124364852905,-0.03607034683227539,-0.2652561664581299,-0.05773472785949707,-0.20532941818237305,-0.046053677797317505,-0.1732029914855957,0.04904857277870178,-0.19438570737838745,-0.04443955421447754,-0.20694303512573242,-0.05327710509300232,-0.15415924787521362,-0.032866597175598145,-0.13139665126800537,0.03612866997718811,-0.15418803691864014,-0.04434305429458618,-0.1580081582069397,-0.05150303244590759,-0.11975586414337158,-0.03371348977088928,-0.10350960493087769
2,0.0,0.0,-0.05853793025016785,-0.08924448490142822,-0.0723620355129242,-0.16910171508789062,-0.06961950659751892,-0.23175525665283203,-0.051622629165649414,-0.2546078562736511,0.01708933711051941,-0.24956482648849487,0.010081738233566284,-0.3421613574028015,0.007256686687469482,-0.40363994240760803,0.00874987244606018,-0.45718204975128174,0.045025914907455444,-0.22565430402755737,-0.03744509816169739,-0.25779688358306885,-0.05820944905281067,-0.1992010474205017,-0.04615023732185364,-0.1685313582420349,0.049044638872146606,-0.18831098079681396,-0.04448443651199341,-0.19544053077697754,-0.05256384611129761,-0.1464545726776123,-0.03261154890060425,-0.12710845470428467,0.035838931798934937,-0.14612126350402832,-0.04281100630760193,-0.1460248827934265,-0.05006316304206848,-0.11059033870697021,-0.032980531454086304,-0.0978819727897644
2,0.0,0.0,-0.057764261960983276,-0.08817863464355469,-0.07187193632125854,-0.16983157396316528,-0.06732025742530823,-0.2340800166130066,-0.04636821150779724,-0.25937700271606445,0.023517191410064697,-0.2491896152496338,0.017739832401275635,-0.3430892825126648,0.014204174280166626,-0.4046962857246399,0.015567153692245483,-0.4580548405647278,0.05251586437225342,-0.22630131244659424,-0.027543753385543823,-0.2643715739250183,-0.048033207654953,-0.20397436618804932,-0.03420403599739075,-0.17242330312728882,0.05676800012588501,-0.19090008735656738,-0.036852627992630005,-0.2017890214920044,-0.04596757888793945,-0.1507275104522705,-0.024982690811157227,-0.1301497220993042,0.043051719665527344,-0.15073692798614502,-0.03751730918884277,-0.15354257822036743,-0.04444915056228638,-0.11527824401855469,-0.025707334280014038,-0.1003534197807312
2,0.0,0.0,-0.05666998028755188,-0.09000235795974731,-0.07028400897979736,-0.1677057147026062,-0.06758776307106018,-0.22976785898208618,-0.05206504464149475,-0.25806117057800293,0.023492485284805298,-0.24951863288879395,0.01602819561958313,-0.34209373593330383,0.011865317821502686,-0.4038628935813904,0.013179957866668701,-0.45789211988449097,0.04993519186973572,-0.2260122299194336,-0.03253522515296936,-0.26392072439193726,-0.05145314335823059,-0.20492023229599,-0.03610631823539734,-0.1753951907157898,0.052232950925827026,-0.1902754306793213,-0.04362893104553223,-0.20010310411453247,-0.05079200863838196,-0.15026521682739258,-0.028607070446014404,-0.13122117519378662,0.03699609637260437,-0.15047955513000488,-0.04498082399368286,-0.15124297142028809,-0.05072423815727234,-0.11405068635940552,-0.0309278666973114,-0.10039186477661133
2,0.0,0.0,-0.05738106369972229,-0.08984953165054321,-0.07057377696037292,-0.1687273383140564,-0.07034218311309814,-0.23122799396514893,-0.05891534686088562,-0.2585681676864624,0.02043178677558899,-0.25188905000686646,0.012920618057250977,-0.3447478711605072,0.00914376974105835,-0.40622660517692566,0.01058468222618103,-0.45996296405792236,0.04670920968055725,-0.2277224063873291,-0.034556955099105835,-0.2668628692626953,-0.05456241965293884,-0.2089192271232605,-0.0414699912071228,-0.17738819122314453,0.04891899228096008,-0.19067567586898804,-0.0456729531288147,-0.20339417457580566,-0.0535794198513031,-0.15380674600601196,-0.03266879916191101,-0.13365167379379272,0.03414925932884216,-0.14949029684066772,-0.04567554593086243,-0.15505659580230713,-0.052915871143341064,-0.11866635084152222,-0.03524819016456604,-0.104647696018219
2,0.0,0.0,-0.05868610739707947,-0.08970588445663452,-0.071261465549469,-0.16956722736358643,-0.07213646173477173,-0.23058611154556274,-0.06648868322372437,-0.26153939962387085,0.02236911654472351,-0.2521522045135498,0.010306179523468018,-0.34527069330215454,0.0051367878913879395,-0.4066072702407837,0.00522950291633606,-0.4603452682495117,0.045144110918045044,-0.2275356650352478,-0.03592631220817566,-0.2704106569290161,-0.0564807653427124,-0.21393924951553345,-0.04503723978996277,-0.17989373207092285,0.044405847787857056,-0.19121867418289185,-0.0494634211063385,-0.20545971393585205,-0.05817022919654846,-0.15652543306350708,-0.039046674966812134,-0.13595151901245117,0.027558594942092896,-0.15084588527679443,-0.049948543310165405,-0.15456122159957886,-0.056761234998703,-0.11831694841384888,-0.039469629526138306,-0.1050599217414856
2,0.0,0.0,-0.0553475022315979,-0.09035587310791016,-0.06710794568061829,-0.1692420244216919,-0.06778591871261597,-0.23100996017456055,-0.060820072889328,-0.26085448265075684,0.025432288646697998,-0.24935799837112427,0.013256281614303589,-0.3444511890411377,0.008884072303771973,-0.4059031307697296,0.009907782077789307,-0.4593468904495239,0.048415422439575195,-0.22394299507141113,-0.031180083751678467,-0.27130812406539917,-0.05211329460144043,-0.21396750211715698,-0.04141077399253845,-0.18019163608551025,0.04821878671646118,-0.18768173456192017,-0.04433077573776245,-0.20507001876831055,-0.05406135320663452,-0.15576356649398804,-0.03582030534744263,-0.13492584228515625,0.032546281814575195,-0.14728045463562012,-0.043478310108184814,-0.1566372513771057,-0.051748812198638916,-0.12091374397277832,-0.036596596240997314,-0.10645532608032227
2,0.0,0.0,-0.05910941958427429,-0.0899580717086792,-0.07053685188293457,-0.17093688249588013,-0.07086211442947388,-0.233359694480896,-0.0613233745098114,-0.2641834616661072,0.02537977695465088,-0.249680757522583,0.012847483158111572,-0.34627005457878113,0.007928460836410522,-0.40755754709243774,0.00914454460144043,-0.4616818428039551,0.04732638597488403,-0.22408443689346313,-0.033726900815963745,-0.2744724154472351,-0.056098341941833496,-0.2169116735458374,-0.04567360877990723,-0.1812090277671814,0.04550778865814209,-0.1882438063621521,-0.04807814955711365,-0.20586144924163818,-0.05826777219772339,-0.1559397578239441,-0.039686232805252075,-0.13469207286834717,0.027796685695648193,-0.14877533912658691,-0.04915052652359009,-0.15400415658950806,-0.05715498328208923,-0.11735332012176514,-0.040937066078186035,-0.10362029075622559
2,0.0,0.0,-0.06036916375160217,-0.09088754653930664,-0.07318460941314697,-0.17264050245285034,-0.07380688190460205,-0.23551690578460693,-0.06575608253479004,-0.2677134871482849,0.022249430418014526,-0.2509869933128357,0.009582668542861938,-0.34725821018218994,0.004481196403503418,-0.40880048274993896,0.005040466785430908,-0.46396929025650024,0.04397043585777283,-0.2273540496826172,-0.0379350483417511,-0.2769817113876343,-0.05841493606567383,-0.21884971857070923,-0.046758800745010376,-0.18315404653549194,0.042261987924575806,-0.19306111335754395,-0.05110242962837219,-0.21120476722717285,-0.06078469753265381,-0.16163396835327148,-0.042181700468063354,-0.1405712366104126,0.024664372205734253,-0.15478605031967163,-0.05194711685180664,-0.16046613454818726,-0.05899980664253235,-0.12340903282165527,-0.042409926652908325,-0.10893648862838745
2,0.0,0.0,-0.05850151181221008,-0.08816581964492798,-0.0708690881729126,-0.16983503103256226,-0.07106536626815796,-0.23418831825256348,-0.06508192420005798,-0.26960474252700806,0.023657143115997314,-0.2506670355796814,0.010589540004730225,-0.34879156947135925,0.005342602729797363,-0.4110910892486572,0.0060291290283203125,-0.4661392867565155,0.045481741428375244,-0.2275494933128357,-0.0385226309299469,-0.27813130617141724,-0.06153059005737305,-0.21801406145095825,-0.050627171993255615,-0.18063408136367798,0.04345059394836426,-0.19348543882369995,-0.052461862564086914,-0.21156197786331177,-0.06304776668548584,-0.1595250368118286,-0.044081419706344604,-0.13636302947998047,0.026035726070404053,-0.15537458658218384,-0.05403581261634827,-0.15959703922271729,-0.062046557664871216,-0.12088906764984131,-0.04525947570800781,-0.10527604818344116
2,0.0,0.0,-0.05910438299179077,-0.09117412567138672,-0.07197248935699463,-0.17528140544891357,-0.06795951724052429,-0.23956984281539917,-0.05830177664756775,-0.2702403664588928,0.0206587016582489,-0.25361818075180054,0.011240571737289429,-0.3477836847305298,0.006635814905166626,-0.40958064794540405,0.007212221622467041,-0.46411073207855225,0.04634258151054382,-0.23033267259597778,-0.03425323963165283,-0.28013789653778076,-0.05847907066345215,-0.22009283304214478,-0.04805997014045715,-0.18316739797592163,0.04743090271949768,-0.19540435075759888,-0.04649445414543152,-0.21486544609069824,-0.0589410662651062,-0.1645432710647583,-0.04026314616203308,-0.14154911041259766,0.03206714987754822,-0.15664082765579224,-0.048188239336013794,-0.16627919673919678,-0.05737572908401489,-0.12877941131591797,-0.04102101922035217,-0.11232525110244751
2,0.0,0.0,-0.061556071043014526,-0.09083622694015503,-0.07298824191093445,-0.17302072048187256,-0.06851813197135925,-0.23647218942642212,-0.06144961714744568,-0.2702592611312866,0.0242079496383667,-0.2512176036834717,0.011988967657089233,-0.3471049666404724,0.00696796178817749,-0.4098273813724518,0.007612466812133789,-0.46456849575042725,0.048343539237976074,-0.22759687900543213,-0.03351032733917236,-0.27758848667144775,-0.057169556617736816,-0.21888720989227295,-0.046419769525527954,-0.18284499645233154,0.04728001356124878,-0.1932145357131958,-0.048464447259902954,-0.21211475133895874,-0.060886114835739136,-0.16238099336624146,-0.042441606521606445,-0.13963472843170166,0.02957284450531006,-0.15543806552886963,-0.051641643047332764,-0.1615990400314331,-0.060127466917037964,-0.12442421913146973,-0.04291614890098572,-0.10892331600189209
2,0.0,0.0,-0.06072717905044556,-0.09045124053955078,-0.07200956344604492,-0.17075318098068237,-0.06773984432220459,-0.2340659499168396,-0.05795183777809143,-0.26837050914764404,0.02405443787574768,-0.24967682361602783,0.011970698833465576,-0.34682971239089966,0.006820410490036011,-0.4093382954597473,0.007915765047073364,-0.46399688720703125,0.047902435064315796,-0.22634577751159668,-0.03441661596298218,-0.2779751420021057,-0.058093100786209106,-0.2192974090576172,-0.04758244752883911,-0.1814042329788208,0.04696109890937805,-0.19226586818695068,-0.049468994140625,-0.20979321002960205,-0.06122016906738281,-0.15904366970062256,-0.04204985499382019,-0.13516277074813843,0.029592663049697876,-0.15477514266967773,-0.0526140034198761,-0.15950286388397217,-0.06108364462852478,-0.12142425775527954,-0.043873876333236694,-0.10539913177490234
2,0.0,0.0,-0.058889567852020264,-0.09201079607009888,-0.06960538029670715,-0.1722072958946228,-0.06447416543960571,-0.2356584072113037,-0.05301469564437866,-0.2681468725204468,0.0267469584941864,-0.24954819679260254,0.014719069004058838,-0.3461805582046509,0.009389817714691162,-0.4094895124435425,0.010187000036239624,-0.46402522921562195,0.05056348443031311,-0.22658908367156982,-0.030644923448562622,-0.2814517617225647,-0.05473253130912781,-0.22162050008773804,-0.04428550601005554,-0.18323993682861328,0.04965922236442566,-0.19246160984039307,-0.04662066698074341,-0.2130110263824463,-0.05976155400276184,-0.16241419315338135,-0.041341185569763184,-0.1380271315574646,0.0318545401096344,-0.15472912788391113,-0.05202057957649231,-0.16209465265274048,-0.062314242124557495,-0.12457215785980225,-0.04616400599479675,-0.10767710208892822
2,0.0,0.0,-0.05808404088020325,-0.09244143962860107,-0.0711202323436737,-0.172244131565094,-0.0660124123096466,-0.23837429285049438,-0.04677608609199524,-0.26548320055007935,0.02526506781578064,-0.24820244312286377,0.014387130737304688,-0.34492987394332886,0.008955329656600952,-0.40808314085006714,0.00993579626083374,-0.46191123127937317,0.05125746130943298,-0.22403472661972046,-0.029796868562698364,-0.27916502952575684,-0.0539948046207428,-0.21713650226593018,-0.04255935549736023,-0.1793229579925537,0.052346616983413696,-0.18929922580718994,-0.04459869861602783,-0.20937150716781616,-0.058139681816101074,-0.1579614281654358,-0.03880271315574646,-0.13417917490005493,0.035885781049728394,-0.15170937776565552,-0.0489024817943573,-0.1607033610343933,-0.060265541076660156,-0.12362325191497803,-0.04422178864479065,-0.10758674144744873
2,0.0,0.0,-0.059029608964920044,-0.09185242652893066,-0.07131946086883545,-0.17148113250732422,-0.0671302080154419,-0.23378539085388184,-0.05377575755119324,-0.2642042636871338,0.023040801286697388,-0.24802237749099731,0.011641502380371094,-0.34489381313323975,0.0066048502922058105,-0.4069697856903076,0.007371187210083008,-0.46056991815567017,0.04832080006599426,-0.22389209270477295,-0.033582478761672974,-0.27297133207321167,-0.056169599294662476,-0.2126520276069641,-0.04419717192649841,-0.17752981185913086,0.04902711510658264,-0.1880761981010437,-0.04827171564102173,-0.20470213890075684,-0.05941084027290344,-0.1527518630027771,-0.03887939453125,-0.13038551807403564,0.033010274171829224,-0.14878249168395996,-0.050623536109924316,-0.15602195262908936,-0.06008008122444153,-0.11856591701507568,-0.042811691761016846,-0.10301166772842407
2,0.0,0.0,-0.058818966150283813,-0.09081214666366577,-0.07155773043632507,-0.1709766387939453,-0.06650012731552124,-0.2340734601020813,-0.049506545066833496,-0.26207494735717773,0.021573930978775024,-0.24690085649490356,0.011773735284805298,-0.34297969937324524,0.006501644849777222,-0.40471336245536804,0.006889224052429199,-0.4587409496307373,0.048064202070236206,-0.22297215461730957,-0.032404154539108276,-0.2697763442993164,-0.05463123321533203,-0.2087167501449585,-0.042571038007736206,-0.17304497957229614,0.049695760011672974,-0.18704360723495483,-0.04579472541809082,-0.20184826850891113,-0.05695423483848572,-0.14981573820114136,-0.03637710213661194,-0.12728136777877808,0.034325987100601196,-0.14751005172729492,-0.04830986261367798,-0.1523507833480835,-0.05766904354095459,-0.11466062068939209,-0.03997647762298584,-0.09954792261123657
2,0.0,0.0,-0.05669704079627991,-0.09109765291213989,-0.06917637586593628,-0.17136681079864502,-0.06342294812202454,-0.23462903499603271,-0.04359045624732971,-0.2585076689720154,0.023467987775802612,-0.24657988548278809,0.01416856050491333,-0.34162792563438416,0.00877329707145691,-0.40328723192214966,0.009403258562088013,-0.45635491609573364,0.05097725987434387,-0.2229498028755188,-0.026863455772399902,-0.2691383957862854,-0.04976949095726013,-0.2092401385307312,-0.03767445683479309,-0.1751267910003662,0.05356058478355408,-0.18717485666275024,-0.04003003239631653,-0.20334774255752563,-0.05238538980484009,-0.1525248885154724,-0.03152838349342346,-0.13116127252578735,0.038993507623672485,-0.14792317152023315,-0.043872058391571045,-0.15375769138336182,-0.05456206202507019,-0.11714929342269897,-0.037349313497543335,-0.10283434391021729
2,0.0,0.0,-0.05636557936668396,-0.08914059400558472,-0.06985175609588623,-0.16866368055343628,-0.06593671441078186,-0.2319590449333191,-0.05122065544128418,-0.2578608989715576,0.02369999885559082,-0.24606627225875854,0.011644303798675537,-0.34184783697128296,0.00600019097328186,-0.40393704175949097,0.006055295467376709,-0.4580414891242981,0.04916507005691528,-0.22251564264297485,-0.03421908617019653,-0.2678811550140381,-0.05589628219604492,-0.20861035585403442,-0.043163955211639404,-0.17601513862609863,0.0497707724571228,-0.18634450435638428,-0.04761779308319092,-0.2017396092414856,-0.05898532271385193,-0.15099292993545532,-0.0387016236782074,-0.12973368167877197,0.033843934535980225,-0.14666813611984253,-0.050004392862319946,-0.15390610694885254,-0.061333030462265015,-0.11740052700042725,-0.046434372663497925,-0.1019052267074585
2,0.0,0.0,-0.05773884057998657,-0.08778470754623413,-0.07199963927268982,-0.16812092065811157,-0.0683312714099884,-0.23265516757965088,-0.05296212434768677,-0.2576538324356079,0.02161538600921631,-0.24596834182739258,0.010712742805480957,-0.34207430481910706,0.004887282848358154,-0.4038807153701782,0.005299925804138184,-0.45722901821136475,0.048071086406707764,-0.22275865077972412,-0.033767879009246826,-0.2704305648803711,-0.05782485008239746,-0.21011537313461304,-0.046180903911590576,-0.17486608028411865,0.04948025941848755,-0.1875510811805725,-0.047037601470947266,-0.20538556575775146,-0.06012773513793945,-0.15342408418655396,-0.04027363657951355,-0.1298234462738037,0.03426635265350342,-0.14864683151245117,-0.049953073263168335,-0.1567111611366272,-0.06266522407531738,-0.11901891231536865,-0.04821169376373291,-0.1020282506942749
2,0.0,0.0,-0.05894705653190613,-0.0882105827331543,-0.07268959283828735,-0.16914081573486328,-0.06870013475418091,-0.23184281587600708,-0.05366221070289612,-0.259718120098114,0.021501928567886353,-0.24675804376602173,0.008502393960952759,-0.34412962198257446,0.0024360716342926025,-0.4059285521507263,0.0022024214267730713,-0.46006494760513306,0.04658058285713196,-0.22349894046783447,-0.0357573926448822,-0.2684650421142578,-0.058974117040634155,-0.20919841527938843,-0.0482313334941864,-0.1746690273284912,0.046764522790908813,-0.18862289190292358,-0.05082535743713379,-0.20155274868011475,-0.06182098388671875,-0.14853423833847046,-0.04175180196762085,-0.12497079372406006,0.03101232647895813,-0.1499829888343811,-0.05230468511581421,-0.15386193990707397,-0.062381476163864136,-0.11467266082763672,-0.046633511781692505,-0.09752589464187622
2,0.0,0.0,-0.05863240361213684,-0.0891571044921875,-0.07038000226020813,-0.16871541738510132,-0.06677594780921936,-0.2292456030845642,-0.054183363914489746,-0.2580612897872925,0.02214786410331726,-0.24516898393630981,0.009013146162033081,-0.34333336353302,0.0028506219387054443,-0.4054924547672272,0.0025988519191741943,-0.4599352180957794,0.04731699824333191,-0.2216392159461975,-0.0325334370136261,-0.2676734924316406,-0.05552235245704651,-0.20931130647659302,-0.04511445760726929,-0.17505067586898804,0.04776415228843689,-0.18697023391723633,-0.047339409589767456,-0.2026311159133911,-0.05871906876564026,-0.15080255270004272,-0.03916409611701965,-0.12824594974517822,0.032012373208999634,-0.1484420895576477,-0.049157559871673584,-0.15448004007339478,-0.059326618909835815,-0.11637628078460693,-0.04349052906036377,-0.10047489404678345
2,0.0,0.0,-0.05872923135757446,-0.08959901332855225,-0.07137995958328247,-0.16903764009475708,-0.06814351677894592,-0.23078250885009766,-0.056044816970825195,-0.2596514821052551,0.021524399518966675,-0.24632185697555542,0.007778972387313843,-0.3439764380455017,0.001204758882522583,-0.4065449833869934,0.000992119312286377,-0.46216028928756714,0.04692932963371277,-0.22429269552230835,-0.037678658962249756,-0.26818525791168213,-0.06016436219215393,-0.20871776342391968,-0.04904070496559143,-0.1740599274635315,0.04695025086402893,-0.19015991687774658,-0.05171966552734375,-0.2040640115737915,-0.06360816955566406,-0.15203094482421875,-0.04534849524497986,-0.12784582376480103,0.030835896730422974,-0.15230786800384521,-0.05394846200942993,-0.1556605100631714,-0.06694391369819641,-0.11745303869247437,-0.05443504452705383,-0.0999876856803894
2,0.0,0.0,-0.05707624554634094,-0.09085530042648315,-0.06989729404449463,-0.17011111974716187,-0.06586676836013794,-0.2314302921295166,-0.05019408464431763,-0.25673186779022217,0.023161590099334717,-0.247614324092865,0.007584095001220703,-0.34403863549232483,0.0009070038795471191,-0.40673866868019104,0.0002747476100921631,-0.4615015387535095,0.04800534248352051,-0.22404581308364868,-0.036985695362091064,-0.2663888931274414,-0.057337671518325806,-0.20614832639694214,-0.04461672902107239,-0.17357546091079712,0.048069894313812256,-0.18813854455947876,-0.05025920271873474,-0.20139384269714355,-0.060046762228012085,-0.1501203179359436,-0.04068884253501892,-0.12734276056289673,0.03179651498794556,-0.14850229024887085,-0.05142319202423096,-0.15365302562713623,-0.06238323450088501,-0.11633652448654175,-0.04879149794578552,-0.09940701723098755
2,0.0,0.0,-0.060400962829589844,-0.09031885862350464,-0.07429000735282898,-0.1710624098777771,-0.07059723138809204,-0.23199570178985596,-0.05707249045372009,-0.25890469551086426,0.019343286752700806,-0.24918657541275024,0.0037785470485687256,-0.34610533714294434,-0.002759277820587158,-0.40996140241622925,-0.0035186707973480225,-0.46518611907958984,0.04448768496513367,-0.22583520412445068,-0.03996914625167847,-0.26704949140548706,-0.06181982159614563,-0.2070918083190918,-0.049977391958236694,-0.17359334230422974,0.04437568783760071,-0.19046330451965332,-0.053462862968444824,-0.20433014631271362,-0.06477203965187073,-0.15285110473632812,-0.045546889305114746,-0.12970930337905884,0.02785131335258484,-0.15191292762756348,-0.05565044283866882,-0.1574159860610962,-0.0665183961391449,-0.1197439432144165,-0.05145972967147827,-0.10252004861831665
2,0.0,0.0,-0.05911526083946228,-0.09114515781402588,-0.07306861877441406,-0.17170119285583496,-0.07122749090194702,-0.2336207628250122,-0.05674460530281067,-0.2581992745399475,0.022690922021865845,-0.2502758502960205,0.006272017955780029,-0.3456895351409912,-0.0006018280982971191,-0.40891361236572266,-0.0021176040172576904,-0.4633025825023651,0.04704055190086365,-0.2261829972267151,-0.036958545446395874,-0.26781773567199707,-0.05602496862411499,-0.20772796869277954,-0.041840553283691406,-0.17653125524520874,0.04716488718986511,-0.19008582830429077,-0.04959362745285034,-0.20437663793563843,-0.05916711688041687,-0.15515321493148804,-0.038622885942459106,-0.13530045747756958,0.03005346655845642,-0.1501230001449585,-0.05245217680931091,-0.15621674060821533,-0.0606154203414917,-0.12063157558441162,-0.04298985004425049,-0.10670465230941772
2,0.0,0.0,-0.0575961172580719,-0.09095603227615356,-0.071795254945755,-0.1708592176437378,-0.07041770219802856,-0.23281151056289673,-0.056263625621795654,-0.2586023807525635,0.024439126253128052,-0.24728453159332275,0.007523775100708008,-0.3445670008659363,0.000488579273223877,-0.40788158774375916,-0.0008112788200378418,-0.4627823829650879,0.04824945330619812,-0.22361963987350464,-0.03684696555137634,-0.2660102844238281,-0.057380229234695435,-0.20700043439865112,-0.04447442293167114,-0.1755765676498413,0.04767116904258728,-0.18863606452941895,-0.051006704568862915,-0.2032839059829712,-0.061525583267211914,-0.15394973754882812,-0.04203483462333679,-0.13307851552963257,0.030030399560928345,-0.1499999761581421,-0.05404466390609741,-0.1565304398536682,-0.06409558653831482,-0.12100160121917725,-0.048256367444992065,-0.10581368207931519
2,0.0,0.0,-0.05942481756210327,-0.08825498819351196,-0.0738641619682312,-0.17053240537643433,-0.07069858908653259,-0.23455452919006348,-0.05491223931312561,-0.2606431245803833,0.018575847148895264,-0.25037121772766113,0.0007112324237823486,-0.34704065322875977,-0.006135880947113037,-0.4096013605594635,-0.007411837577819824,-0.4642520546913147,0.04350918531417847,-0.22750389575958252,-0.04083314538002014,-0.2671889662742615,-0.05900806188583374,-0.20562958717346191,-0.044380754232406616,-0.17249184846878052,0.04442179203033447,-0.19221091270446777,-0.05264487862586975,-0.2017950415611267,-0.060918986797332764,-0.15100902318954468,-0.03934374451637268,-0.13076025247573853,0.028229117393493652,-0.15240126848220825,-0.054498761892318726,-0.15439468622207642,-0.060723960399627686,-0.11701083183288574,-0.041494548320770264,-0.10300290584564209
2,0.0,0.0,-0.05914491415023804,-0.0887039303779602,-0.07486242055892944,-0.1678028702735901,-0.07469654083251953,-0.23126935958862305,-0.06348472833633423,-0.25854015350341797,0.01690077781677246,-0.25066810846328735,-0.0014822781085968018,-0.34576553106307983,-0.00997510552406311,-0.40949445962905884,-0.012300193309783936,-0.4652111232280731,0.04179304838180542,-0.22832202911376953,-0.043303489685058594,-0.27007025480270386,-0.06803855299949646,-0.20936846733093262,-0.06014007329940796,-0.17218834161758423,0.041955649852752686,-0.1922476887702942,-0.05772024393081665,-0.20262295007705688,-0.07042962312698364,-0.1507381796836853,-0.05371364951133728,-0.12545078992843628,0.025687992572784424,-0.15175479650497437,-0.059496164321899414,-0.15528106689453125,-0.07229369878768921,-0.11849039793014526,-0.05988210439682007,-0.10097771883010864
2,0.0,0.0,-0.059831708669662476,-0.08946293592453003,-0.07583349943161011,-0.16881221532821655,-0.07501450181007385,-0.2339807152748108,-0.058209896087646484,-0.2595353126525879,0.014989912509918213,-0.2506975531578064,-0.0021942853927612305,-0.34578827023506165,-0.010626554489135742,-0.40892019867897034,-0.01288631558418274,-0.46464550495147705,0.04126310348510742,-0.2290487289428711,-0.04305058717727661,-0.268984317779541,-0.06464344263076782,-0.20751482248306274,-0.05361732840538025,-0.1725536584854126,0.04253488779067993,-0.19341641664505005,-0.05578279495239258,-0.20246750116348267,-0.06749162077903748,-0.1523415446281433,-0.04943844676017761,-0.1300595998764038,0.026086151599884033,-0.152998149394989,-0.05965840816497803,-0.1541198492050171,-0.07125473022460938,-0.11874270439147949,-0.0570065975189209,-0.10462206602096558
2,0.0,0.0,-0.05894163250923157,-0.08918094635009766,-0.07573702931404114,-0.1706984043121338,-0.07385063171386719,-0.23594927787780762,-0.051633208990097046,-0.25789695978164673,0.016627222299575806,-0.249653160572052,0.0006801486015319824,-0.3445683717727661,-0.0076434314250946045,-0.4069868326187134,-0.009997546672821045,-0.4622028172016144,0.04309859871864319,-0.2265770435333252,-0.040929317474365234,-0.2667980194091797,-0.05886727571487427,-0.20383292436599731,-0.04304248094558716,-0.1725713014602661,0.045091480016708374,-0.1903710961341858,-0.05112957954406738,-0.20012009143829346,-0.05940061807632446,-0.15001976490020752,-0.03665408492088318,-0.13185501098632812,0.029679983854293823,-0.1495591402053833,-0.053729623556137085,-0.1523461937904358,-0.06050455570220947,-0.1153753399848938,-0.04133576154708862,-0.10213214159011841
2,0.0,0.0,-0.06092730164527893,-0.08836585283279419,-0.07768845558166504,-0.1698094606399536,-0.07504364848136902,-0.23434674739837646,-0.054641515016555786,-0.2595665454864502,0.013295292854309082,-0.25269025564193726,-0.0006422698497772217,-0.3451113998889923,-0.00914105772972107,-0.4079047739505768,-0.012180060148239136,-0.4625111520290375,0.04074913263320923,-0.22988027334213257,-0.041210442781448364,-0.2688373923301697,-0.061152100563049316,-0.20733720064163208,-0.0470120906829834,-0.17613744735717773,0.0437052845954895,-0.19306427240371704,-0.05046990513801575,-0.20228636264801025,-0.05946934223175049,-0.15262365341186523,-0.03770443797111511,-0.13468903303146362,0.028966009616851807,-0.15144860744476318,-0.05204775929450989,-0.15180981159210205,-0.05923295021057129,-0.1158415675163269,-0.04043787717819214,-0.10448873043060303
2,0.0,0.0,-0.06162038445472717,-0.08864456415176392,-0.07770010828971863,-0.17049705982208252,-0.07532644271850586,-0.2356630563735962,-0.054111868143081665,-0.25972437858581543,0.013668656349182129,-0.2534298300743103,-0.00226554274559021,-0.34712785482406616,-0.011504173278808594,-0.4090448021888733,-0.014807254076004028,-0.4635496437549591,0.04020148515701294,-0.23083645105361938,-0.043411850929260254,-0.2691947817802429,-0.06093090772628784,-0.2073456048965454,-0.04526159167289734,-0.17668068408966064,0.042466819286346436,-0.19457119703292847,-0.05331858992576599,-0.2020115852355957,-0.060625940561294556,-0.15185606479644775,-0.03787925839424133,-0.1337842345237732,0.027069091796875,-0.1535854935646057,-0.05506157875061035,-0.1533517837524414,-0.060387492179870605,-0.11622744798660278,-0.0407528281211853,-0.10319286584854126
2,0.0,0.0,-0.06117171049118042,-0.08571487665176392,-0.07839331030845642,-0.1682223081588745,-0.0763695240020752,-0.23421114683151245,-0.05514451861381531,-0.258217453956604,0.013826906681060791,-0.2505565881729126,-0.0022801458835601807,-0.3454790711402893,-0.011459589004516602,-0.407132089138031,-0.014917761087417603,-0.46066123247146606,0.040080726146698,-0.22840195894241333,-0.041019558906555176,-0.26906830072402954,-0.060637325048446655,-0.2080497145652771,-0.04706963896751404,-0.1757410764694214,0.04235571622848511,-0.19314467906951904,-0.05203646421432495,-0.20201075077056885,-0.060447126626968384,-0.15141987800598145,-0.038465023040771484,-0.13215428590774536,0.027126967906951904,-0.1529354453086853,-0.0544704794883728,-0.15079760551452637,-0.06008729338645935,-0.11295425891876221,-0.040288835763931274,-0.09965330362319946
2,0.0,0.0,-0.06159058213233948,-0.08732640743255615,-0.07771533727645874,-0.1693716049194336,-0.0746893584728241,-0.23317164182662964,-0.05346328020095825,-0.257004976272583,0.015127778053283691,-0.2505284547805786,-0.0007956326007843018,-0.3447192907333374,-0.009457051753997803,-0.40591001510620117,-0.012697845697402954,-0.4605526924133301,0.04213994741439819,-0.2279067039489746,-0.03980588912963867,-0.26838427782058716,-0.05850839614868164,-0.2056090235710144,-0.04453164339065552,-0.17267614603042603,0.0444033145904541,-0.19206023216247559,-0.0514778196811676,-0.19942212104797363,-0.05934593081474304,-0.1475907564163208,-0.03717482089996338,-0.12822604179382324,0.029006361961364746,-0.1513277292251587,-0.054014384746551514,-0.14989596605300903,-0.059290558099746704,-0.11085653305053711,-0.03953063488006592,-0.09721708297729492
